Entity,Code,Year,production|Coal|Mine|tonnes
Afghanistan,AFG,1970,170000
Afghanistan,AFG,1971,200000
Afghanistan,AFG,1972,200000
Afghanistan,AFG,1973,180000
Afghanistan,AFG,1974,136000
Afghanistan,AFG,1975,149700
Afghanistan,AFG,1976,159900
Afghanistan,AFG,1977,172700
Afghanistan,AFG,1978,217500
Afghanistan,AFG,1979,131900
Afghanistan,AFG,1980,118700
Afghanistan,AFG,1981,124970
Afghanistan,AFG,1982,145000
Afghanistan,AFG,1983,165000
Afghanistan,AFG,1984,148000
Afghanistan,AFG,1985,151000
Afghanistan,AFG,1986,160000
Afghanistan,AFG,1987,167000
Afghanistan,AFG,1988,138000
Afghanistan,AFG,1989,125000
Afghanistan,AFG,1990,200000
Afghanistan,AFG,1991,250000
Afghanistan,AFG,1992,300000
Afghanistan,AFG,1993,250000
Afghanistan,AFG,1994,200000
Afghanistan,AFG,1995,140000
Afghanistan,AFG,1996,200000
Afghanistan,AFG,1997,185000
Afghanistan,AFG,1998,190000
Afghanistan,AFG,1999,2000
Afghanistan,AFG,2000,2000
Afghanistan,AFG,2001,2000
Afghanistan,AFG,2002,2000
Afghanistan,AFG,2003,2000
Afghanistan,AFG,2006,34920
Afghanistan,AFG,2007,242700
Afghanistan,AFG,2008,346930
Afghanistan,AFG,2009,500100
Afghanistan,AFG,2010,724900
Afghanistan,AFG,2011,1479600
Afghanistan,AFG,2012,1239900
Afghanistan,AFG,2013,1347000
Afghanistan,AFG,2014,1517400
Afghanistan,AFG,2015,1364800
Afghanistan,AFG,2016,1698200
Afghanistan,AFG,2017,2191400
Afghanistan,AFG,2018,2444600
Afghanistan,AFG,2019,2139200
Afghanistan,AFG,2020,56620
Afghanistan,AFG,2021,108200
Afghanistan,AFG,2022,537127
Afghanistan,AFG,2023,425000
Albania,ALB,1970,605600
Albania,ALB,1971,675000
Albania,ALB,1972,764800
Albania,ALB,1973,811000
Albania,ALB,1974,850000
Albania,ALB,1975,900000
Albania,ALB,1976,950000
Albania,ALB,1977,1000000
Albania,ALB,1978,1200000
Albania,ALB,1979,1430000
Albania,ALB,1980,1540000
Albania,ALB,1981,1505000
Albania,ALB,1982,1640000
Albania,ALB,1983,1779000
Albania,ALB,1984,2010000
Albania,ALB,1985,2100000
Albania,ALB,1986,2166200
Albania,ALB,1987,2133950
Albania,ALB,1988,2184130
Albania,ALB,1989,2193050
Albania,ALB,1990,2070574
Albania,ALB,1991,1098000
Albania,ALB,1992,216000
Albania,ALB,1993,164000
Albania,ALB,1994,158000
Albania,ALB,1995,105000
Albania,ALB,1996,90000
Albania,ALB,1997,40000
Albania,ALB,1998,48706
Albania,ALB,1999,32595
Albania,ALB,2000,20666
Albania,ALB,2001,15700
Albania,ALB,2002,15000
Albania,ALB,2003,18000
Albania,ALB,2004,20000
Albania,ALB,2005,19000
Albania,ALB,2006,3800
Albania,ALB,2007,2700
Albania,ALB,2008,1500
Albania,ALB,2009,2000
Albania,ALB,2010,3000
Albania,ALB,2011,100
Albania,ALB,2012,0
Albania,ALB,2013,0
Albania,ALB,2014,0
Albania,ALB,2015,69000
Albania,ALB,2016,4000
Albania,ALB,2017,46000
Albania,ALB,2018,98000
Albania,ALB,2019,31000
Albania,ALB,2020,42000
Albania,ALB,2021,24482
Albania,ALB,2022,149312
Albania,ALB,2023,191406
Algeria,DZA,1970,12600
Algeria,DZA,1971,14130
Algeria,DZA,1972,12360
Algeria,DZA,1973,12800
Argentina,ARG,1970,615541
Argentina,ARG,1971,631757
Argentina,ARG,1972,694426
Argentina,ARG,1973,453192
Argentina,ARG,1974,625647
Argentina,ARG,1975,502158
Argentina,ARG,1976,614585
Argentina,ARG,1977,533312
Argentina,ARG,1978,434141
Argentina,ARG,1979,726939
Argentina,ARG,1980,389395
Argentina,ARG,1981,497546
Argentina,ARG,1982,516891
Argentina,ARG,1983,490960
Argentina,ARG,1984,509151
Argentina,ARG,1985,400232
Argentina,ARG,1986,370000
Argentina,ARG,1987,380855
Argentina,ARG,1988,505000
Argentina,ARG,1989,441052
Argentina,ARG,1990,270354
Argentina,ARG,1991,293946
Argentina,ARG,1992,214684
Argentina,ARG,1993,172771
Argentina,ARG,1994,348000
Argentina,ARG,1995,304485
Argentina,ARG,1996,328762
Argentina,ARG,1997,250136
Argentina,ARG,1998,218270
Argentina,ARG,1999,353839
Argentina,ARG,2000,246000
Argentina,ARG,2001,149851
Argentina,ARG,2002,56324
Argentina,ARG,2003,117832
Argentina,ARG,2004,120060
Argentina,ARG,2005,320000
Argentina,ARG,2006,295333
Argentina,ARG,2007,250000
Argentina,ARG,2008,207983
Argentina,ARG,2009,181474
Argentina,ARG,2010,140000
Argentina,ARG,2011,178000
Argentina,ARG,2012,246000
Argentina,ARG,2013,183000
Argentina,ARG,2014,57000
Argentina,ARG,2015,22000
Argentina,ARG,2016,17000
Argentina,ARG,2017,16550
Argentina,ARG,2018,39340
Argentina,ARG,2019,68830
Argentina,ARG,2020,12875
Argentina,ARG,2021,13113
Argentina,ARG,2022,13110
Argentina,ARG,2023,13000
Armenia,ARM,1995,25000
Armenia,ARM,1996,6000
Australia,AUS,1970,73720000
Australia,AUS,1971,72384000
Australia,AUS,1972,89414000
Australia,AUS,1973,95841000
Australia,AUS,1974,97752000
Australia,AUS,1975,102862000
Australia,AUS,1976,105793000
Australia,AUS,1977,107458000
Australia,AUS,1978,112687000
Australia,AUS,1979,115756000
Australia,AUS,1980,117518000
Australia,AUS,1981,133585000
Australia,AUS,1982,144922000
Australia,AUS,1983,143017000
Australia,AUS,1984,159472000
Australia,AUS,1985,195241000
Australia,AUS,1986,207671000
Australia,AUS,1987,223276000
Australia,AUS,1988,220054000
Australia,AUS,1989,238337000
Australia,AUS,1990,210682000
Australia,AUS,1991,219596000
Australia,AUS,1992,229372000
Australia,AUS,1993,227693000
Australia,AUS,1994,232703000
Australia,AUS,1995,244285000
Australia,AUS,1996,252242000
Australia,AUS,1997,274850000
Australia,AUS,1998,287640000
Australia,AUS,1999,298680000
Australia,AUS,2000,312203000
Australia,AUS,2001,331668000
Australia,AUS,2002,339221000
Australia,AUS,2003,347509000
Australia,AUS,2004,361153000
Australia,AUS,2005,375040000
Australia,AUS,2006,383176000
Australia,AUS,2007,392427000
Australia,AUS,2008,403190000
Australia,AUS,2009,418563000
Australia,AUS,2010,431678000
Australia,AUS,2011,418777000
Australia,AUS,2012,450169000
Australia,AUS,2013,471168000
Australia,AUS,2014,499521000
Australia,AUS,2015,500936000
Australia,AUS,2016,503206000
Australia,AUS,2017,491984000
Australia,AUS,2018,502603000
Australia,AUS,2019,523983000
Australia,AUS,2020,486875000
Australia,AUS,2021,480129000
Australia,AUS,2022,457962000
Australia,AUS,2023,466923000
Austria,AUT,1970,3669558
Austria,AUT,1971,3769728
Austria,AUT,1972,3755510
Austria,AUT,1973,3634008
Austria,AUT,1974,3629284
Austria,AUT,1975,3397404
Austria,AUT,1976,3214598
Austria,AUT,1977,3127473
Austria,AUT,1978,3075680
Austria,AUT,1979,2740742
Austria,AUT,1980,2864967
Austria,AUT,1981,3061262
Austria,AUT,1982,3297488
Austria,AUT,1983,3041260
Austria,AUT,1984,2927939
Austria,AUT,1985,3081086
Austria,AUT,1986,2968978
Austria,AUT,1987,2785616
Austria,AUT,1988,2129264
Austria,AUT,1989,2065815
Austria,AUT,1990,2448053
Austria,AUT,1991,2080649
Austria,AUT,1992,1750451
Austria,AUT,1993,1691175
Austria,AUT,1994,1368717
Austria,AUT,1995,1249308
Austria,AUT,1996,1108058
Austria,AUT,1997,1130339
Austria,AUT,1998,1140151
Austria,AUT,1999,1137388
Austria,AUT,2000,1254605
Austria,AUT,2001,1193970
Austria,AUT,2002,1411824
Austria,AUT,2003,1152389
Austria,AUT,2004,235397
Austria,AUT,2005,13931
Austria,AUT,2006,7854
Bangladesh,BGD,2003,22322
Bangladesh,BGD,2004,64605
Bangladesh,BGD,2005,87143
Bangladesh,BGD,2006,303016
Bangladesh,BGD,2007,388376
Bangladesh,BGD,2008,677098
Bangladesh,BGD,2009,857648
Bangladesh,BGD,2010,730866
Bangladesh,BGD,2011,666635
Bangladesh,BGD,2012,861072
Bangladesh,BGD,2013,854804
Bangladesh,BGD,2014,942796
Bangladesh,BGD,2015,675776
Bangladesh,BGD,2016,1021638
Bangladesh,BGD,2017,1160658
Bangladesh,BGD,2018,923276
Bangladesh,BGD,2019,805696
Bangladesh,BGD,2020,811138
Bangladesh,BGD,2021,753973
Bangladesh,BGD,2022,750000
Bangladesh,BGD,2023,820000
Belgium,BEL,1970,11362000
Belgium,BEL,1971,10960000
Belgium,BEL,1972,10500000
Belgium,BEL,1973,8842000
Belgium,BEL,1974,8111000
Belgium,BEL,1975,7478703
Belgium,BEL,1976,7237738
Belgium,BEL,1977,7068041
Belgium,BEL,1978,6590268
Belgium,BEL,1979,6124503
Belgium,BEL,1980,6324034
Belgium,BEL,1981,6136446
Belgium,BEL,1982,6538874
Belgium,BEL,1983,6097428
Belgium,BEL,1984,6297563
Belgium,BEL,1985,6211471
Belgium,BEL,1986,5589208
Belgium,BEL,1987,4356455
Belgium,BEL,1988,2487217
Belgium,BEL,1989,1892689
Belgium,BEL,1990,1035832
Belgium,BEL,1991,634000
Belgium,BEL,1992,218000
Bhutan,BTN,1992,56000
Bhutan,BTN,1993,56000
Bhutan,BTN,1994,63912
Bhutan,BTN,1995,71112
Bhutan,BTN,1996,68000
Bhutan,BTN,1997,70000
Bhutan,BTN,1998,69000
Bhutan,BTN,1999,85988
Bhutan,BTN,2000,65818
Bhutan,BTN,2001,84596
Bhutan,BTN,2002,88567
Bhutan,BTN,2003,66324
Bhutan,BTN,2004,29631
Bhutan,BTN,2005,85279
Bhutan,BTN,2006,97965
Bhutan,BTN,2007,105261
Bhutan,BTN,2008,123704
Bhutan,BTN,2009,48545
Bhutan,BTN,2010,87814
Bhutan,BTN,2011,148244
Bhutan,BTN,2012,98731
Bhutan,BTN,2013,77744
Bhutan,BTN,2014,121891
Bhutan,BTN,2015,85164
Bhutan,BTN,2016,117783
Bhutan,BTN,2017,161527
Bhutan,BTN,2018,186824
Bhutan,BTN,2019,184785
Bhutan,BTN,2020,72838
Bhutan,BTN,2021,111545
Bhutan,BTN,2022,158603
Bhutan,BTN,2023,159000
Bosnia and Herzegovina,BIH,1992,4500000
Bosnia and Herzegovina,BIH,1993,2500000
Bosnia and Herzegovina,BIH,1994,2500000
Bosnia and Herzegovina,BIH,1995,1640000
Bosnia and Herzegovina,BIH,1996,1690000
Bosnia and Herzegovina,BIH,1997,1741000
Bosnia and Herzegovina,BIH,1998,1800000
Bosnia and Herzegovina,BIH,1999,7260000
Bosnia and Herzegovina,BIH,2000,8900000
Bosnia and Herzegovina,BIH,2001,7900000
Bosnia and Herzegovina,BIH,2002,9000000
Bosnia and Herzegovina,BIH,2003,9342222
Bosnia and Herzegovina,BIH,2004,8896257
Bosnia and Herzegovina,BIH,2005,9144850
Bosnia and Herzegovina,BIH,2006,9958024
Bosnia and Herzegovina,BIH,2007,9762800
Bosnia and Herzegovina,BIH,2008,11221305
Bosnia and Herzegovina,BIH,2009,11515138
Bosnia and Herzegovina,BIH,2010,10976163
Bosnia and Herzegovina,BIH,2011,12738225
Bosnia and Herzegovina,BIH,2012,12311623
Bosnia and Herzegovina,BIH,2013,11764827
Bosnia and Herzegovina,BIH,2014,11673320
Bosnia and Herzegovina,BIH,2015,12111830
Bosnia and Herzegovina,BIH,2016,13488147
Bosnia and Herzegovina,BIH,2017,14033504
Bosnia and Herzegovina,BIH,2018,14378767
Bosnia and Herzegovina,BIH,2019,13376548
Bosnia and Herzegovina,BIH,2020,13365730
Bosnia and Herzegovina,BIH,2021,12802517
Bosnia and Herzegovina,BIH,2022,13736665
Bosnia and Herzegovina,BIH,2023,12791560
Botswana,BWA,1972,0
Botswana,BWA,1973,16000
Botswana,BWA,1974,25498
Botswana,BWA,1975,71248
Botswana,BWA,1976,224099
Botswana,BWA,1977,294039
Botswana,BWA,1978,314486
Botswana,BWA,1979,355115
Botswana,BWA,1980,371495
Botswana,BWA,1981,379924
Botswana,BWA,1982,413778
Botswana,BWA,1983,395087
Botswana,BWA,1984,392854
Botswana,BWA,1985,437088
Botswana,BWA,1986,499423
Botswana,BWA,1987,579409
Botswana,BWA,1988,612873
Botswana,BWA,1989,663045
Botswana,BWA,1990,794041
Botswana,BWA,1991,783873
Botswana,BWA,1992,901452
Botswana,BWA,1993,890497
Botswana,BWA,1994,900298
Botswana,BWA,1995,898383
Botswana,BWA,1996,763240
Botswana,BWA,1997,776917
Botswana,BWA,1998,928100
Botswana,BWA,1999,945316
Botswana,BWA,2000,946900
Botswana,BWA,2001,930374
Botswana,BWA,2002,953081
Botswana,BWA,2003,822780
Botswana,BWA,2004,913087
Botswana,BWA,2005,984876
Botswana,BWA,2006,962427
Botswana,BWA,2007,828164
Botswana,BWA,2008,909511
Botswana,BWA,2009,737798
Botswana,BWA,2010,988240
Botswana,BWA,2011,787729
Botswana,BWA,2012,1454724
Botswana,BWA,2013,1495653
Botswana,BWA,2014,1711555
Botswana,BWA,2015,2065778
Botswana,BWA,2016,1873547
Botswana,BWA,2017,2215782
Botswana,BWA,2018,2482313
Botswana,BWA,2019,2110891
Botswana,BWA,2020,1923992
Botswana,BWA,2021,2460868
Botswana,BWA,2022,2460868
Botswana,BWA,2023,2064373
Brazil,BRA,1970,5171673
Brazil,BRA,1971,5666887
Brazil,BRA,1972,5875907
Brazil,BRA,1973,5574250
Brazil,BRA,1974,5498194
Brazil,BRA,1975,6393725
Brazil,BRA,1976,7032649
Brazil,BRA,1977,3223872
Brazil,BRA,1978,4105899
Brazil,BRA,1979,7603603
Brazil,BRA,1980,5340909
Brazil,BRA,1981,6085839
Brazil,BRA,1982,6472053
Brazil,BRA,1983,6935478
Brazil,BRA,1984,7751732
Brazil,BRA,1985,7934784
Brazil,BRA,1986,7491495
Brazil,BRA,1987,6741984
Brazil,BRA,1988,7686516
Brazil,BRA,1989,6837044
Brazil,BRA,1990,5218469
Brazil,BRA,1991,5200000
Brazil,BRA,1992,4896096
Brazil,BRA,1993,4854301
Brazil,BRA,1994,5352248
Brazil,BRA,1995,5524961
Brazil,BRA,1996,4787615
Brazil,BRA,1997,5542000
Brazil,BRA,1998,5084357
Brazil,BRA,1999,6062963
Brazil,BRA,2000,6797294
Brazil,BRA,2001,5645578
Brazil,BRA,2002,5143488
Brazil,BRA,2003,4643319
Brazil,BRA,2004,5408278
Brazil,BRA,2005,6048105
Brazil,BRA,2006,6215258
Brazil,BRA,2007,5998354
Brazil,BRA,2008,6518733
Brazil,BRA,2009,5947364
Brazil,BRA,2010,5611467
Brazil,BRA,2011,5985489
Brazil,BRA,2012,6440998
Brazil,BRA,2013,8009895
Brazil,BRA,2014,7723299
Brazil,BRA,2015,8028585
Brazil,BRA,2016,7005281
Brazil,BRA,2017,10179784
Brazil,BRA,2018,10483793
Brazil,BRA,2019,9433816
Brazil,BRA,2020,9158388
Brazil,BRA,2021,12070822
Brazil,BRA,2022,11528892
Brazil,BRA,2023,10279780
Bulgaria,BGR,1970,29251000
Bulgaria,BGR,1971,27008000
Bulgaria,BGR,1972,27278000
Bulgaria,BGR,1973,26810000
Bulgaria,BGR,1974,24305000
Bulgaria,BGR,1975,27845000
Bulgaria,BGR,1976,25479000
Bulgaria,BGR,1977,25174000
Bulgaria,BGR,1978,25804000
Bulgaria,BGR,1979,28229000
Bulgaria,BGR,1980,30213000
Bulgaria,BGR,1981,29240661
Bulgaria,BGR,1982,32215000
Bulgaria,BGR,1983,32390000
Bulgaria,BGR,1984,32359000
Bulgaria,BGR,1985,30880000
Bulgaria,BGR,1986,35222000
Bulgaria,BGR,1987,36821000
Bulgaria,BGR,1988,34147000
Bulgaria,BGR,1989,34298000
Bulgaria,BGR,1990,31675000
Bulgaria,BGR,1991,28451000
Bulgaria,BGR,1992,30336000
Bulgaria,BGR,1993,29033000
Bulgaria,BGR,1994,28757000
Bulgaria,BGR,1995,30830000
Bulgaria,BGR,1996,31302000
Bulgaria,BGR,1997,29708000
Bulgaria,BGR,1998,29903406
Bulgaria,BGR,1999,25857200
Bulgaria,BGR,2000,26300969
Bulgaria,BGR,2001,26210516
Bulgaria,BGR,2002,26555500
Bulgaria,BGR,2003,27694000
Bulgaria,BGR,2004,26278700
Bulgaria,BGR,2005,24615300
Bulgaria,BGR,2006,25306400
Bulgaria,BGR,2007,28158500
Bulgaria,BGR,2008,28651000
Bulgaria,BGR,2009,27258600
Bulgaria,BGR,2010,29469500
Bulgaria,BGR,2011,37239700
Bulgaria,BGR,2012,33597400
Bulgaria,BGR,2013,28760800
Bulgaria,BGR,2014,31372800
Bulgaria,BGR,2015,35938100
Bulgaria,BGR,2016,31434210
Bulgaria,BGR,2017,34588000
Bulgaria,BGR,2018,30500000
Bulgaria,BGR,2019,30491000
Bulgaria,BGR,2020,22000000
Bulgaria,BGR,2021,28000000
Bulgaria,BGR,2022,36233000
Bulgaria,BGR,2023,21811000
Canada,CAN,1970,15063046
Canada,CAN,1971,16721412
Canada,CAN,1972,18787179
Canada,CAN,1973,20472758
Canada,CAN,1974,21269590
Canada,CAN,1975,25258957
Canada,CAN,1976,25476038
Canada,CAN,1977,28681000
Canada,CAN,1978,30477000
Canada,CAN,1979,33013000
Canada,CAN,1980,36664000
Canada,CAN,1981,40088000
Canada,CAN,1982,42911000
Canada,CAN,1983,44780000
Canada,CAN,1984,57402000
Canada,CAN,1985,60738000
Canada,CAN,1986,57811000
Canada,CAN,1987,61207000
Canada,CAN,1988,70643663
Canada,CAN,1989,70527264
Canada,CAN,1990,68331051
Canada,CAN,1991,71134319
Canada,CAN,1992,65609781
Canada,CAN,1993,69029358
Canada,CAN,1994,72823357
Canada,CAN,1995,74966995
Canada,CAN,1996,75851417
Canada,CAN,1997,78651400
Canada,CAN,1998,75359828
Canada,CAN,1999,72496678
Canada,CAN,2000,69163091
Canada,CAN,2001,70470574
Canada,CAN,2002,66608000
Canada,CAN,2003,62163000
Canada,CAN,2004,66019000
Canada,CAN,2005,67500000
Canada,CAN,2006,65894000
Canada,CAN,2007,68984000
Canada,CAN,2008,67748000
Canada,CAN,2009,62934000
Canada,CAN,2010,67895000
Canada,CAN,2011,67114000
Canada,CAN,2012,66495000
Canada,CAN,2013,68909000
Canada,CAN,2014,69036000
Canada,CAN,2015,61931000
Canada,CAN,2016,61461000
Canada,CAN,2017,60866000
Canada,CAN,2018,54600000
Canada,CAN,2019,51801000
Canada,CAN,2020,40791647
Canada,CAN,2021,41809481
Canada,CAN,2022,46217458
Canada,CAN,2023,48067394
Chile,CHL,1970,1509775
Chile,CHL,1971,1626121
Chile,CHL,1972,1457719
Chile,CHL,1973,1373394
Chile,CHL,1974,1529105
Chile,CHL,1975,1393139
Chile,CHL,1976,1222536
Chile,CHL,1977,1270867
Chile,CHL,1978,1089842
Chile,CHL,1979,915002
Chile,CHL,1980,995561
Chile,CHL,1981,1147122
Chile,CHL,1982,975070
Chile,CHL,1983,1077831
Chile,CHL,1984,1306790
Chile,CHL,1985,1369760
Chile,CHL,1986,1441017
Chile,CHL,1987,1736152
Chile,CHL,1988,2470416
Chile,CHL,1989,2403544
Chile,CHL,1990,2729289
Chile,CHL,1991,2740561
Chile,CHL,1992,2108085
Chile,CHL,1993,1793066
Chile,CHL,1994,1662963
Chile,CHL,1995,1484867
Chile,CHL,1996,1444083
Chile,CHL,1997,1413297
Chile,CHL,1998,230175
Chile,CHL,1999,507350
Chile,CHL,2000,503350
Chile,CHL,2001,568087
Chile,CHL,2002,451626
Chile,CHL,2003,347278
Chile,CHL,2004,238307
Chile,CHL,2005,732365
Chile,CHL,2006,673744
Chile,CHL,2007,287993
Chile,CHL,2008,533792
Chile,CHL,2009,636074
Chile,CHL,2010,618793
Chile,CHL,2011,654102
Chile,CHL,2012,711714
Chile,CHL,2013,2902444
Chile,CHL,2014,4168185
Chile,CHL,2015,3161726
Chile,CHL,2016,2525171
Chile,CHL,2017,2495390
Chile,CHL,2018,2294677
Chile,CHL,2019,1606554
Chile,CHL,2020,191562
Chile,CHL,2021,18541
Chile,CHL,2022,26962
Chile,CHL,2023,121570
China,CHN,1970,360000000
China,CHN,1971,390000000
China,CHN,1972,400000000
China,CHN,1973,400000000
China,CHN,1974,450000000
China,CHN,1975,470000000
China,CHN,1976,440000000
China,CHN,1977,550000000
China,CHN,1978,618000000
China,CHN,1979,635000000
China,CHN,1980,620000000
China,CHN,1981,622000000
China,CHN,1982,666000000
China,CHN,1983,715000000
China,CHN,1984,789000000
China,CHN,1985,872000000
China,CHN,1986,894039000
China,CHN,1987,927965000
China,CHN,1988,980000000
China,CHN,1989,1054150000
China,CHN,1990,1079880000
China,CHN,1991,1087410000
China,CHN,1992,1114550000
China,CHN,1993,1150671000
China,CHN,1994,1242000000
China,CHN,1995,1360731500
China,CHN,1996,1396699400
China,CHN,1997,1372820100
China,CHN,1998,1232510000
China,CHN,1999,1043635200
China,CHN,2000,999169800
China,CHN,2001,1202800000
China,CHN,2002,1413000000
China,CHN,2003,1740000000
China,CHN,2004,2123000000
China,CHN,2005,2350000000
China,CHN,2006,2529000000
China,CHN,2007,2692000000
China,CHN,2008,2802000000
China,CHN,2009,2973000000
China,CHN,2010,3428000000
China,CHN,2011,3764000000
China,CHN,2012,3945128000
China,CHN,2013,3974322000
China,CHN,2014,3874000000
China,CHN,2015,3747000000
China,CHN,2016,3411000000
China,CHN,2017,3524000000
China,CHN,2018,3698000000
China,CHN,2019,3846000000
China,CHN,2020,3902000000
China,CHN,2021,4126000000
China,CHN,2022,4559000000
China,CHN,2023,4710000000
Colombia,COL,1970,2500000
Colombia,COL,1971,2800000
Colombia,COL,1972,2200000
Colombia,COL,1973,3300000
Colombia,COL,1974,3600000
Colombia,COL,1975,3800000
Colombia,COL,1976,4000000
Colombia,COL,1977,4204100
Colombia,COL,1978,4754000
Colombia,COL,1979,4885000
Colombia,COL,1980,4947000
Colombia,COL,1981,5030000
Colombia,COL,1982,4421600
Colombia,COL,1983,5053200
Colombia,COL,1984,6637000
Colombia,COL,1985,8974000
Colombia,COL,1986,10800000
Colombia,COL,1987,14594000
Colombia,COL,1988,15101000
Colombia,COL,1989,18902000
Colombia,COL,1990,20400000
Colombia,COL,1991,20200000
Colombia,COL,1992,23700000
Colombia,COL,1993,21223000
Colombia,COL,1994,22600000
Colombia,COL,1995,25869000
Colombia,COL,1996,29695000
Colombia,COL,1997,32797000
Colombia,COL,1998,33751000
Colombia,COL,1999,32754000
Colombia,COL,2000,38242000
Colombia,COL,2001,43911492
Colombia,COL,2002,39484465
Colombia,COL,2003,50028094
Colombia,COL,2004,53887596
Colombia,COL,2005,59675096
Colombia,COL,2006,66191864
Colombia,COL,2007,69902202
Colombia,COL,2008,73502098
Colombia,COL,2009,72807412
Colombia,COL,2010,74350030
Colombia,COL,2011,85803229
Colombia,COL,2012,89706528
Colombia,COL,2013,85936246
Colombia,COL,2014,88787694
Colombia,COL,2015,86554771
Colombia,COL,2016,91023144
Colombia,COL,2017,91270591
Colombia,COL,2018,86255214
Colombia,COL,2019,84342786
Colombia,COL,2020,49450500
Colombia,COL,2021,56642510
Colombia,COL,2022,57620000
Colombia,COL,2023,57620000
Croatia,HRV,1992,120274
Croatia,HRV,1993,104617
Croatia,HRV,1994,96205
Croatia,HRV,1995,75208
Croatia,HRV,1996,64369
Croatia,HRV,1997,48535
Croatia,HRV,1998,50839
Croatia,HRV,1999,15311
Czechia,CZE,1993,92016000
Czechia,CZE,1994,81634000
Czechia,CZE,1995,80038000
Czechia,CZE,1996,82225000
Czechia,CZE,1997,74211000
Czechia,CZE,1998,71456000
Czechia,CZE,1999,62597000
Czechia,CZE,2000,68091000
Czechia,CZE,2001,66351000
Czechia,CZE,2002,63432000
Czechia,CZE,2003,63772000
Czechia,CZE,2004,62938000
Czechia,CZE,2005,61903000
Czechia,CZE,2006,62391000
Czechia,CZE,2007,62033000
Czechia,CZE,2008,60069000
Czechia,CZE,2009,56237000
Czechia,CZE,2010,55124000
Czechia,CZE,2011,57815000
Czechia,CZE,2012,54506000
Czechia,CZE,2013,49195000
Czechia,CZE,2014,46689000
Czechia,CZE,2015,45891000
Czechia,CZE,2016,44720000
Czechia,CZE,2017,44180000
Czechia,CZE,2018,43297000
Czechia,CZE,2019,40615000
Czechia,CZE,2020,31366000
Czechia,CZE,2021,31513000
Czechia,CZE,2022,34679000
Czechia,CZE,2023,29660000
Czechoslovakia,OWID_CZS,1970,109847000
Czechoslovakia,OWID_CZS,1971,113581000
Czechoslovakia,OWID_CZS,1972,113575000
Czechoslovakia,OWID_CZS,1973,109597000
Czechoslovakia,OWID_CZS,1974,110697414
Czechoslovakia,OWID_CZS,1975,115138000
Czechoslovakia,OWID_CZS,1976,118409000
Czechoslovakia,OWID_CZS,1977,121838000
Czechoslovakia,OWID_CZS,1978,123690000
Czechoslovakia,OWID_CZS,1979,125046000
Czechoslovakia,OWID_CZS,1980,123927000
Czechoslovakia,OWID_CZS,1981,123878000
Czechoslovakia,OWID_CZS,1982,126407000
Czechoslovakia,OWID_CZS,1983,129331000
Czechoslovakia,OWID_CZS,1984,131164000
Czechoslovakia,OWID_CZS,1985,128539000
Czechoslovakia,OWID_CZS,1986,128396000
Czechoslovakia,OWID_CZS,1987,127722000
Czechoslovakia,OWID_CZS,1988,125422000
Czechoslovakia,OWID_CZS,1989,119333000
Czechoslovakia,OWID_CZS,1990,107250000
Czechoslovakia,OWID_CZS,1991,102029000
Czechoslovakia,OWID_CZS,1992,90986000
Democratic Republic of Congo,COD,1970,101700
Democratic Republic of Congo,COD,1971,118552
Democratic Republic of Congo,COD,1972,127826
Democratic Republic of Congo,COD,1973,115119
Democratic Republic of Congo,COD,1974,95525
Democratic Republic of Congo,COD,1975,96463
Democratic Republic of Congo,COD,1976,112219
Democratic Republic of Congo,COD,1977,127955
Democratic Republic of Congo,COD,1978,96771
Democratic Republic of Congo,COD,1979,109190
Democratic Republic of Congo,COD,1980,139506
Democratic Republic of Congo,COD,1981,129842
Democratic Republic of Congo,COD,1982,122858
Democratic Republic of Congo,COD,1983,111340
Democratic Republic of Congo,COD,1984,121213
Democratic Republic of Congo,COD,1985,120582
Democratic Republic of Congo,COD,1986,119274
Democratic Republic of Congo,COD,1987,121866
Democratic Republic of Congo,COD,1988,123000
Democratic Republic of Congo,COD,1989,125000
Democratic Republic of Congo,COD,1990,126000
Democratic Republic of Congo,COD,1991,80000
Democratic Republic of Congo,COD,1992,85000
Democratic Republic of Congo,COD,1993,14000
Democratic Republic of Congo,COD,1994,11000
Democratic Republic of Congo,COD,1995,93000
Democratic Republic of Congo,COD,1996,95000
Democratic Republic of Congo,COD,1997,95000
Democratic Republic of Congo,COD,1998,100000
Democratic Republic of Congo,COD,1999,70000
Democratic Republic of Congo,COD,2000,48000
Democratic Republic of Congo,COD,2001,40000
Democratic Republic of Congo,COD,2002,37000
Democratic Republic of Congo,COD,2003,37000
Democratic Republic of Congo,COD,2004,108000
Democratic Republic of Congo,COD,2005,120000
Democratic Republic of Congo,COD,2006,124000
Democratic Republic of Congo,COD,2007,126100
Democratic Republic of Congo,COD,2008,128800
Democratic Republic of Congo,COD,2009,133400
Democratic Republic of Congo,COD,2010,133400
Democratic Republic of Congo,COD,2011,143335
Democratic Republic of Congo,COD,2012,0
Democratic Republic of Congo,COD,2013,4000
Democratic Republic of Congo,COD,2014,5600
Democratic Republic of Congo,COD,2015,6900
Democratic Republic of Congo,COD,2016,8200
Democratic Republic of Congo,COD,2017,8000
Democratic Republic of Congo,COD,2018,8000
Democratic Republic of Congo,COD,2019,8000
Democratic Republic of Congo,COD,2020,8000
Democratic Republic of Congo,COD,2021,8000
Democratic Republic of Congo,COD,2022,8000
Democratic Republic of Congo,COD,2023,8000
East Germany,OWID_GDR,1970,261626000
East Germany,OWID_GDR,1971,263671000
East Germany,OWID_GDR,1972,249266000
East Germany,OWID_GDR,1973,246998000
East Germany,OWID_GDR,1974,248462000
East Germany,OWID_GDR,1975,247245000
East Germany,OWID_GDR,1976,247354000
East Germany,OWID_GDR,1977,254054000
East Germany,OWID_GDR,1978,235349000
East Germany,OWID_GDR,1979,256063000
East Germany,OWID_GDR,1980,258097000
East Germany,OWID_GDR,1981,266734000
East Germany,OWID_GDR,1982,276038000
East Germany,OWID_GDR,1983,277968000
East Germany,OWID_GDR,1984,296341000
East Germany,OWID_GDR,1985,312156000
East Germany,OWID_GDR,1986,311260000
East Germany,OWID_GDR,1987,308976000
East Germany,OWID_GDR,1988,310314000
East Germany,OWID_GDR,1989,301058000
East Germany,OWID_GDR,1990,249100000
Egypt,EGY,1996,350000
Egypt,EGY,1997,350000
Egypt,EGY,1998,200000
Egypt,EGY,1999,250000
Egypt,EGY,2000,39000
Egypt,EGY,2001,58000
Egypt,EGY,2002,37000
Egypt,EGY,2003,138800
Egypt,EGY,2004,100000
Egypt,EGY,2005,300000
Egypt,EGY,2006,300000
Egypt,EGY,2007,146841
Egypt,EGY,2008,0
Egypt,EGY,2009,0
Egypt,EGY,2010,109884
Egypt,EGY,2011,233283
Egypt,EGY,2012,315953
Egypt,EGY,2013,6385
Egypt,EGY,2014,9387
Eswatini,SWZ,1970,122946
Eswatini,SWZ,1971,148347
Eswatini,SWZ,1972,126035
Eswatini,SWZ,1973,142220
Eswatini,SWZ,1974,139541
Eswatini,SWZ,1975,126872
Eswatini,SWZ,1976,126140
Eswatini,SWZ,1977,128990
Eswatini,SWZ,1978,165874
Eswatini,SWZ,1979,168409
Eswatini,SWZ,1980,184216
Eswatini,SWZ,1981,157701
Eswatini,SWZ,1982,115043
Eswatini,SWZ,1983,101652
Eswatini,SWZ,1984,124569
Eswatini,SWZ,1985,166079
Eswatini,SWZ,1986,172199
Eswatini,SWZ,1987,165371
Eswatini,SWZ,1988,164845
Eswatini,SWZ,1989,165122
Eswatini,SWZ,1990,152705
Eswatini,SWZ,1991,122502
Eswatini,SWZ,1992,100220
Eswatini,SWZ,1993,49644
Eswatini,SWZ,1994,227730
Eswatini,SWZ,1995,171666
Eswatini,SWZ,1996,128973
Eswatini,SWZ,1997,203115
Eswatini,SWZ,1998,410021
Eswatini,SWZ,1999,426299
Eswatini,SWZ,2000,378043
Eswatini,SWZ,2001,450000
Eswatini,SWZ,2002,553000
Eswatini,SWZ,2003,550000
Eswatini,SWZ,2004,488314
Eswatini,SWZ,2005,221701
Eswatini,SWZ,2006,310570
Eswatini,SWZ,2007,241283
Eswatini,SWZ,2008,174807
Eswatini,SWZ,2009,129647
Eswatini,SWZ,2010,145903
Eswatini,SWZ,2011,121050
Eswatini,SWZ,2012,152284
Eswatini,SWZ,2013,257090
Eswatini,SWZ,2014,177931
Eswatini,SWZ,2015,141733
Eswatini,SWZ,2016,158418
Eswatini,SWZ,2017,202277
Eswatini,SWZ,2018,144375
Eswatini,SWZ,2019,109926
Eswatini,SWZ,2020,161768
Eswatini,SWZ,2021,162681
Eswatini,SWZ,2022,215581
Eswatini,SWZ,2023,393328
Ethiopia,ETH,2008,0
Ethiopia,ETH,2009,15000
Ethiopia,ETH,2010,20000
Ethiopia,ETH,2011,20000
Ethiopia,ETH,2012,20000
Ethiopia,ETH,2013,20000
Ethiopia,ETH,2014,27000
Ethiopia,ETH,2015,34131
Ethiopia,ETH,2016,14582
Ethiopia,ETH,2017,35000
Ethiopia,ETH,2018,2767
Ethiopia,ETH,2019,2700
Ethiopia,ETH,2020,2700
Ethiopia,ETH,2021,2700
Ethiopia,ETH,2022,2700
Ethiopia,ETH,2023,2700
France,FRA,1970,40139300
France,FRA,1971,35766000
France,FRA,1972,32725000
France,FRA,1973,28456000
France,FRA,1974,25652138
France,FRA,1975,25610000
France,FRA,1976,25067000
France,FRA,1977,24374000
France,FRA,1978,22422000
France,FRA,1979,21061000
France,FRA,1980,20720000
France,FRA,1981,21533000
France,FRA,1982,19960000
France,FRA,1983,19626000
France,FRA,1984,19020000
France,FRA,1985,16963000
France,FRA,1986,16536000
France,FRA,1987,15794000
France,FRA,1988,13795000
France,FRA,1989,13639000
France,FRA,1990,12820000
France,FRA,1991,12100000
France,FRA,1992,11056000
France,FRA,1993,10251000
France,FRA,1994,8959000
France,FRA,1995,8415000
France,FRA,1996,8110000
France,FRA,1997,6809000
France,FRA,1998,5599000
France,FRA,1999,5091000
France,FRA,2000,3462000
France,FRA,2001,2296000
France,FRA,2002,1630000
France,FRA,2003,1737000
France,FRA,2004,200000
Georgia,GEO,1992,181000
Georgia,GEO,1993,82200
Georgia,GEO,1994,44500
Georgia,GEO,1995,42600
Georgia,GEO,1996,22500
Georgia,GEO,1997,4600
Georgia,GEO,1998,14700
Georgia,GEO,1999,12000
Georgia,GEO,2000,7300
Georgia,GEO,2001,5000
Georgia,GEO,2002,6100
Georgia,GEO,2003,7900
Georgia,GEO,2004,8100
Georgia,GEO,2005,5100
Georgia,GEO,2006,8284
Georgia,GEO,2007,18891
Georgia,GEO,2008,12000
Georgia,GEO,2009,213188
Georgia,GEO,2010,267664
Georgia,GEO,2011,352872
Georgia,GEO,2012,424998
Georgia,GEO,2013,404187
Georgia,GEO,2014,299314
Georgia,GEO,2015,305870
Georgia,GEO,2016,296500
Georgia,GEO,2017,268113
Georgia,GEO,2018,137912
Georgia,GEO,2019,15900
Georgia,GEO,2020,99300
Georgia,GEO,2021,147878
Georgia,GEO,2022,146300
Georgia,GEO,2023,147900
Germany,DEU,1991,178114000
Germany,DEU,1993,280122824
Germany,DEU,1994,259503593
Germany,DEU,1995,246322191
Germany,DEU,1996,235443440
Germany,DEU,1997,223949528
Germany,DEU,1998,207676385
Germany,DEU,1999,201541562
Germany,DEU,2000,201974908
Germany,DEU,2001,202725859
Germany,DEU,2002,208141516
Germany,DEU,2003,204959819
Germany,DEU,2004,207797942
Germany,DEU,2005,205925945
Germany,DEU,2006,200086117
Germany,DEU,2007,204594054
Germany,DEU,2008,194456020
Germany,DEU,2009,184828142
Germany,DEU,2010,183512544
Germany,DEU,2011,189462048
Germany,DEU,2012,196990000
Germany,DEU,2013,191255337
Germany,DEU,2014,186494848
Germany,DEU,2015,184715353
Germany,DEU,2016,175625550
Germany,DEU,2017,175126000
Germany,DEU,2018,169020371
Germany,DEU,2019,131314116
Germany,DEU,2020,107377260
Germany,DEU,2021,126181851
Germany,DEU,2022,130801111
Germany,DEU,2023,102245000
Greece,GRC,1970,7857623
Greece,GRC,1971,10957400
Greece,GRC,1972,11565198
Greece,GRC,1973,13213470
Greece,GRC,1974,14108602
Greece,GRC,1975,18123037
Greece,GRC,1976,22303238
Greece,GRC,1977,23535282
Greece,GRC,1978,21698151
Greece,GRC,1979,23647398
Greece,GRC,1980,23505701
Greece,GRC,1981,27303699
Greece,GRC,1982,27326248
Greece,GRC,1983,30705519
Greece,GRC,1984,32467048
Greece,GRC,1985,35875089
Greece,GRC,1986,39014076
Greece,GRC,1987,40944576
Greece,GRC,1988,48507091
Greece,GRC,1989,51942495
Greece,GRC,1990,51500678
Greece,GRC,1991,52082570
Greece,GRC,1992,54658236
Greece,GRC,1993,54817062
Greece,GRC,1994,57532515
Greece,GRC,1995,56553231
Greece,GRC,1996,54732680
Greece,GRC,1997,58939419
Greece,GRC,1998,60910433
Greece,GRC,1999,61861049
Greece,GRC,2000,63947813
Greece,GRC,2001,66621437
Greece,GRC,2002,71087609
Greece,GRC,2003,71000000
Greece,GRC,2004,71237228
Greece,GRC,2005,70600000
Greece,GRC,2006,64800000
Greece,GRC,2007,66100000
Greece,GRC,2008,64521000
Greece,GRC,2009,61800000
Greece,GRC,2010,53600000
Greece,GRC,2011,58400000
Greece,GRC,2012,62368800
Greece,GRC,2013,55500000
Greece,GRC,2014,50411000
Greece,GRC,2015,46308120
Greece,GRC,2016,32674790
Greece,GRC,2017,37802600
Greece,GRC,2018,36574360
Greece,GRC,2019,26000000
Greece,GRC,2020,14000000
Greece,GRC,2021,12081578
Greece,GRC,2022,14289000
Greece,GRC,2023,14000000
Greenland,GRL,1970,20000
Greenland,GRL,1971,20000
Hungary,HUN,1970,27830000
Hungary,HUN,1971,27424000
Hungary,HUN,1972,25841000
Hungary,HUN,1973,26781000
Hungary,HUN,1974,25761000
Hungary,HUN,1975,24887000
Hungary,HUN,1976,25257000
Hungary,HUN,1977,25454496
Hungary,HUN,1978,25669517
Hungary,HUN,1979,25659038
Hungary,HUN,1980,25700866
Hungary,HUN,1981,25942181
Hungary,HUN,1982,26078701
Hungary,HUN,1983,25212983
Hungary,HUN,1984,25047585
Hungary,HUN,1985,24042514
Hungary,HUN,1986,23128697
Hungary,HUN,1987,22844350
Hungary,HUN,1988,20874782
Hungary,HUN,1989,20029843
Hungary,HUN,1990,17577931
Hungary,HUN,1991,16974206
Hungary,HUN,1992,15943000
Hungary,HUN,1993,14434000
Hungary,HUN,1994,13906363
Hungary,HUN,1995,14451924
Hungary,HUN,1996,15471000
Hungary,HUN,1997,16172000
Hungary,HUN,1998,15068000
Hungary,HUN,1999,14917000
Hungary,HUN,2000,14276000
Hungary,HUN,2001,14070262
Hungary,HUN,2002,12763971
Hungary,HUN,2003,13358823
Hungary,HUN,2004,11250258
Hungary,HUN,2005,9579968
Hungary,HUN,2006,9898920
Hungary,HUN,2007,9801963
Hungary,HUN,2008,9427308
Hungary,HUN,2009,8970726
Hungary,HUN,2010,9016262
Hungary,HUN,2011,9499912
Hungary,HUN,2012,9313944
Hungary,HUN,2013,9552700
Hungary,HUN,2014,9553711
Hungary,HUN,2015,9263177
Hungary,HUN,2016,9232809
Hungary,HUN,2017,7974130
Hungary,HUN,2018,7898689
Hungary,HUN,2019,6846837
Hungary,HUN,2020,6122104
Hungary,HUN,2021,4987207
Hungary,HUN,2022,4929262
Hungary,HUN,2023,4075723
India,IND,1970,77243000
India,IND,1971,75159000
India,IND,1972,77838000
India,IND,1973,80389000
India,IND,1974,87146000
India,IND,1975,98733000
India,IND,1976,105771000
India,IND,1977,113879000
India,IND,1978,105586000
India,IND,1979,107109000
India,IND,1980,113701000
India,IND,1981,129070000
India,IND,1982,135177000
India,IND,1983,142092000
India,IND,1984,151554000
India,IND,1985,157561000
India,IND,1986,170638000
India,IND,1987,185531000
India,IND,1988,201611000
India,IND,1989,211625000
India,IND,1990,200000000
India,IND,1991,233000000
India,IND,1992,258616000
India,IND,1993,266697000
India,IND,1994,277026000
India,IND,1995,295559000
India,IND,1996,308620000
India,IND,1997,319708000
India,IND,1998,315689000
India,IND,1999,326227000
India,IND,2000,336643000
India,IND,2001,352600000
India,IND,2002,367290000
India,IND,2003,389114000
India,IND,2004,412952000
India,IND,2005,437105000
India,IND,2006,462117000
India,IND,2007,491062000
India,IND,2008,525178000
India,IND,2009,566113000
India,IND,2010,570427000
India,IND,2011,582282000
India,IND,2012,602855000
India,IND,2013,610036000
India,IND,2014,657449000
India,IND,2015,683072000
India,IND,2016,703098000
India,IND,2017,722044000
India,IND,2018,773000000
India,IND,2019,771208000
India,IND,2020,752699000
India,IND,2021,825680000
India,IND,2022,910836000
India,IND,2023,1010691000
Indonesia,IDN,1970,172361
Indonesia,IDN,1971,199000
Indonesia,IDN,1972,179240
Indonesia,IDN,1973,148855
Indonesia,IDN,1974,156153
Indonesia,IDN,1975,206388
Indonesia,IDN,1976,192910
Indonesia,IDN,1977,230627
Indonesia,IDN,1978,264180
Indonesia,IDN,1979,278589
Indonesia,IDN,1980,303990
Indonesia,IDN,1981,350350
Indonesia,IDN,1982,480987
Indonesia,IDN,1983,648241
Indonesia,IDN,1984,1468154
Indonesia,IDN,1985,1942135
Indonesia,IDN,1986,2572340
Indonesia,IDN,1987,2813533
Indonesia,IDN,1988,4094629
Indonesia,IDN,1989,4533055
Indonesia,IDN,1990,10560000
Indonesia,IDN,1991,1453000
Indonesia,IDN,1992,23150000
Indonesia,IDN,1993,27584418
Indonesia,IDN,1994,31238458
Indonesia,IDN,1995,41421700
Indonesia,IDN,1996,50332000
Indonesia,IDN,1997,54608400
Indonesia,IDN,1998,60320949
Indonesia,IDN,1999,73648000
Indonesia,IDN,2000,76465000
Indonesia,IDN,2001,91928000
Indonesia,IDN,2002,103372000
Indonesia,IDN,2003,114278000
Indonesia,IDN,2004,132352025
Indonesia,IDN,2005,152722438
Indonesia,IDN,2006,193761311
Indonesia,IDN,2007,216946699
Indonesia,IDN,2008,240249968
Indonesia,IDN,2009,256181000
Indonesia,IDN,2010,275164196
Indonesia,IDN,2011,353270937
Indonesia,IDN,2012,386077357
Indonesia,IDN,2013,474371369
Indonesia,IDN,2014,458096707
Indonesia,IDN,2015,461566080
Indonesia,IDN,2016,456197775
Indonesia,IDN,2017,461248184
Indonesia,IDN,2018,557772940
Indonesia,IDN,2019,616159594
Indonesia,IDN,2020,563728255
Indonesia,IDN,2021,613990256
Indonesia,IDN,2022,687432384
Indonesia,IDN,2023,775181855
Iran,IRN,1970,323000
Iran,IRN,1971,400000
Iran,IRN,1972,1000000
Iran,IRN,1973,1000000
Iran,IRN,1974,1200000
Iran,IRN,1975,879900
Iran,IRN,1976,900000
Iran,IRN,1977,900000
Iran,IRN,1978,900000
Iran,IRN,1979,900000
Iran,IRN,1980,700000
Iran,IRN,1981,600000
Iran,IRN,1982,700000
Iran,IRN,1983,1026000
Iran,IRN,1984,1241000
Iran,IRN,1985,1252000
Iran,IRN,1986,1262000
Iran,IRN,1987,1518612
Iran,IRN,1988,1625214
Iran,IRN,1989,1457406
Iran,IRN,1990,1435318
Iran,IRN,1991,1480091
Iran,IRN,1992,1507697
Iran,IRN,1993,1665164
Iran,IRN,1994,1884985
Iran,IRN,1995,1847994
Iran,IRN,1996,1726297
Iran,IRN,1997,1598529
Iran,IRN,1998,1830020
Iran,IRN,1999,1775174
Iran,IRN,2000,1991865
Iran,IRN,2001,2017998
Iran,IRN,2002,2075619
Iran,IRN,2003,2170079
Iran,IRN,2004,2079604
Iran,IRN,2005,1898417
Iran,IRN,2006,2432000
Iran,IRN,2007,2525000
Iran,IRN,2008,2520000
Iran,IRN,2009,2180810
Iran,IRN,2010,2500000
Iran,IRN,2011,2499495
Iran,IRN,2012,831000
Iran,IRN,2013,1183000
Iran,IRN,2014,1375000
Iran,IRN,2015,1339000
Iran,IRN,2016,1340000
Iran,IRN,2017,1371562
Iran,IRN,2018,1749540
Iran,IRN,2019,1585531
Iran,IRN,2020,1669515
Iran,IRN,2021,1298163
Iran,IRN,2022,2273241
Iran,IRN,2023,1542015
Italy,ITA,1970,1688753
Italy,ITA,1971,1582629
Italy,ITA,1972,990318
Italy,ITA,1973,1306044
Italy,ITA,1974,1963747
Italy,ITA,1975,2052111
Italy,ITA,1976,2029331
Italy,ITA,1977,1843931
Italy,ITA,1978,1868078
Italy,ITA,1979,2122926
Italy,ITA,1980,1932571
Italy,ITA,1981,1957958
Italy,ITA,1982,1912677
Italy,ITA,1983,1736643
Italy,ITA,1984,1806103
Italy,ITA,1985,1892436
Italy,ITA,1986,1541218
Italy,ITA,1987,1657100
Italy,ITA,1988,1648781
Italy,ITA,1989,1554910
Italy,ITA,1990,1549067
Italy,ITA,1991,1733344
Italy,ITA,1992,1245764
Italy,ITA,1993,1070000
Italy,ITA,1994,626000
Italy,ITA,1995,365800
Italy,ITA,1996,264400
Italy,ITA,1997,203061
Italy,ITA,1998,83700
Italy,ITA,1999,80000
Italy,ITA,2000,120000
Italy,ITA,2001,130000
Italy,ITA,2002,100000
Japan,JPN,1970,39868230
Japan,JPN,1971,33565000
Japan,JPN,1972,29092000
Japan,JPN,1973,22500000
Japan,JPN,1974,20408769
Japan,JPN,1975,19063000
Japan,JPN,1976,18446450
Japan,JPN,1977,18300956
Japan,JPN,1978,19028113
Japan,JPN,1979,17671296
Japan,JPN,1980,18052648
Japan,JPN,1981,17698924
Japan,JPN,1982,17617563
Japan,JPN,1983,17002204
Japan,JPN,1984,16707708
Japan,JPN,1985,16354519
Japan,JPN,1986,16025817
Japan,JPN,1987,13046619
Japan,JPN,1988,11235996
Japan,JPN,1989,10201549
Japan,JPN,1990,8262891
Japan,JPN,1991,8060000
Japan,JPN,1992,7600000
Japan,JPN,1993,7200000
Japan,JPN,1994,6931000
Japan,JPN,1995,6260000
Japan,JPN,1996,6480000
Japan,JPN,1997,4270000
Japan,JPN,1998,3660000
Japan,JPN,1999,3689513
Japan,JPN,2000,3147000
Japan,JPN,2001,3208000
Japan,JPN,2002,1315655
Japan,JPN,2003,1353379
Japan,JPN,2004,1339447
Japan,JPN,2005,1146491
Japan,JPN,2006,1100000
Kazakhstan,KAZ,1992,126536000
Kazakhstan,KAZ,1993,111880000
Kazakhstan,KAZ,1994,107500000
Kazakhstan,KAZ,1995,83391000
Kazakhstan,KAZ,1996,76831000
Kazakhstan,KAZ,1997,72647000
Kazakhstan,KAZ,1998,69772600
Kazakhstan,KAZ,1999,58377600
Kazakhstan,KAZ,2000,74872400
Kazakhstan,KAZ,2001,79135200
Kazakhstan,KAZ,2002,73731100
Kazakhstan,KAZ,2003,84716900
Kazakhstan,KAZ,2004,86875100
Kazakhstan,KAZ,2005,86367700
Kazakhstan,KAZ,2006,96155100
Kazakhstan,KAZ,2007,98383900
Kazakhstan,KAZ,2008,111072300
Kazakhstan,KAZ,2009,100854000
Kazakhstan,KAZ,2010,110929000
Kazakhstan,KAZ,2011,116449000
Kazakhstan,KAZ,2012,120528000
Kazakhstan,KAZ,2013,119860000
Kazakhstan,KAZ,2014,114562600
Kazakhstan,KAZ,2015,107318200
Kazakhstan,KAZ,2016,103059000
Kazakhstan,KAZ,2017,107891800
Kazakhstan,KAZ,2018,114137400
Kazakhstan,KAZ,2019,110738000
Kazakhstan,KAZ,2020,109506200
Kazakhstan,KAZ,2021,112075000
Kazakhstan,KAZ,2022,117791200
Kazakhstan,KAZ,2023,112740600
Kosovo,OWID_KOS,2004,0
Kosovo,OWID_KOS,2005,0
Kosovo,OWID_KOS,2006,0
Kosovo,OWID_KOS,2007,0
Kosovo,OWID_KOS,2008,7842000
Kosovo,OWID_KOS,2009,7839173
Kosovo,OWID_KOS,2010,7958090
Kosovo,OWID_KOS,2011,8212103
Kosovo,OWID_KOS,2012,8028397
Kosovo,OWID_KOS,2013,8219393
Kosovo,OWID_KOS,2014,7204211
Kosovo,OWID_KOS,2015,8240694
Kosovo,OWID_KOS,2016,8800848
Kosovo,OWID_KOS,2017,7574697
Kosovo,OWID_KOS,2018,7169767
Kosovo,OWID_KOS,2019,8063051
Kosovo,OWID_KOS,2020,8537948
Kosovo,OWID_KOS,2021,8535435
Kosovo,OWID_KOS,2022,8344548
Kosovo,OWID_KOS,2023,7071048
Kyrgyzstan,KGZ,1992,2151000
Kyrgyzstan,KGZ,1993,1721000
Kyrgyzstan,KGZ,1994,848000
Kyrgyzstan,KGZ,1995,463200
Kyrgyzstan,KGZ,1996,409900
Kyrgyzstan,KGZ,1997,521500
Kyrgyzstan,KGZ,1998,432400
Kyrgyzstan,KGZ,1999,417000
Kyrgyzstan,KGZ,2000,424900
Kyrgyzstan,KGZ,2001,475000
Kyrgyzstan,KGZ,2002,459000
Kyrgyzstan,KGZ,2003,415300
Kyrgyzstan,KGZ,2004,456300
Kyrgyzstan,KGZ,2005,300000
Kyrgyzstan,KGZ,2006,300000
Kyrgyzstan,KGZ,2007,400000
Kyrgyzstan,KGZ,2008,491800
Kyrgyzstan,KGZ,2009,606900
Kyrgyzstan,KGZ,2010,575000
Kyrgyzstan,KGZ,2011,830700
Kyrgyzstan,KGZ,2012,1163900
Kyrgyzstan,KGZ,2013,1407900
Kyrgyzstan,KGZ,2014,1777400
Kyrgyzstan,KGZ,2015,1928700
Kyrgyzstan,KGZ,2016,1851300
Kyrgyzstan,KGZ,2017,1870400
Kyrgyzstan,KGZ,2018,2395200
Kyrgyzstan,KGZ,2019,2606000
Kyrgyzstan,KGZ,2020,2677700
Kyrgyzstan,KGZ,2021,3062500
Kyrgyzstan,KGZ,2022,3775400
Kyrgyzstan,KGZ,2023,4177400
Laos,LAO,1994,3280
Laos,LAO,1995,35490
Laos,LAO,1996,75214
Laos,LAO,1997,108013
Laos,LAO,1998,86081
Laos,LAO,1999,538816
Laos,LAO,2000,300000
Laos,LAO,2001,210000
Laos,LAO,2002,301000
Laos,LAO,2003,291000
Laos,LAO,2004,346000
Laos,LAO,2005,370500
Laos,LAO,2006,381200
Laos,LAO,2007,148700
Laos,LAO,2008,416500
Laos,LAO,2009,567500
Laos,LAO,2010,713300
Laos,LAO,2011,678300
Laos,LAO,2012,841500
Laos,LAO,2013,508185
Laos,LAO,2014,131884
Laos,LAO,2015,4570096
Laos,LAO,2016,13235930
Laos,LAO,2017,13572776
Laos,LAO,2018,16046271
Laos,LAO,2019,15425056
Laos,LAO,2020,14686859
Laos,LAO,2021,14316593
Laos,LAO,2022,16629134
Laos,LAO,2023,18899177
Madagascar,MDG,1999,16000
Madagascar,MDG,2000,26000
Madagascar,MDG,2001,13375
Malawi,MWI,1986,11026
Malawi,MWI,1987,23531
Malawi,MWI,1988,39000
Malawi,MWI,1989,41500
Malawi,MWI,1990,41380
Malawi,MWI,1991,52347
Malawi,MWI,1992,52663
Malawi,MWI,1993,44958
Malawi,MWI,1994,60217
Malawi,MWI,1995,15000
Malawi,MWI,1996,69930
Malawi,MWI,1997,63210
Malawi,MWI,1998,54238
Malawi,MWI,1999,43831
Malawi,MWI,2000,34250
Malawi,MWI,2001,34410
Malawi,MWI,2002,43372
Malawi,MWI,2003,47037
Malawi,MWI,2004,40891
Malawi,MWI,2005,51870
Malawi,MWI,2006,60408
Malawi,MWI,2007,58550
Malawi,MWI,2008,57477
Malawi,MWI,2009,59201
Malawi,MWI,2010,79186
Malawi,MWI,2011,83146
Malawi,MWI,2012,70552
Malawi,MWI,2013,67024
Malawi,MWI,2014,63673
Malawi,MWI,2015,58774
Malawi,MWI,2016,43338
Malawi,MWI,2017,45230
Malawi,MWI,2018,49753
Malawi,MWI,2019,54728
Malawi,MWI,2020,54876
Malawi,MWI,2021,30251
Malawi,MWI,2022,62166
Malawi,MWI,2023,65274
Malaysia,MYS,1990,98579
Malaysia,MYS,1991,64861
Malaysia,MYS,1992,74483
Malaysia,MYS,1993,263604
Malaysia,MYS,1994,173749
Malaysia,MYS,1995,114100
Malaysia,MYS,1996,73747
Malaysia,MYS,1997,105231
Malaysia,MYS,1998,349849
Malaysia,MYS,1999,308502
Malaysia,MYS,2000,382942
Malaysia,MYS,2001,497733
Malaysia,MYS,2002,352513
Malaysia,MYS,2003,174800
Malaysia,MYS,2004,389176
Malaysia,MYS,2005,789356
Malaysia,MYS,2006,901801
Malaysia,MYS,2007,1063078
Malaysia,MYS,2008,1166525
Malaysia,MYS,2009,2138390
Malaysia,MYS,2010,2397340
Malaysia,MYS,2011,2915788
Malaysia,MYS,2012,2951124
Malaysia,MYS,2013,2907963
Malaysia,MYS,2014,2667764
Malaysia,MYS,2015,2559444
Malaysia,MYS,2016,2414765
Malaysia,MYS,2017,2988212
Malaysia,MYS,2018,2652813
Malaysia,MYS,2019,3459122
Malaysia,MYS,2020,2978248
Malaysia,MYS,2021,3110605
Malaysia,MYS,2022,3405847
Malaysia,MYS,2023,4068049
Mexico,MEX,1970,3614000
Mexico,MEX,1971,3552000
Mexico,MEX,1972,3613929
Mexico,MEX,1973,4263137
Mexico,MEX,1974,5165739
Mexico,MEX,1975,5193448
Mexico,MEX,1976,5649628
Mexico,MEX,1977,6610223
Mexico,MEX,1978,6755556
Mexico,MEX,1979,7356696
Mexico,MEX,1980,7009716
Mexico,MEX,1981,8086474
Mexico,MEX,1982,7618871
Mexico,MEX,1983,8999467
Mexico,MEX,1984,9387822
Mexico,MEX,1985,9770751
Mexico,MEX,1986,10158000
Mexico,MEX,1987,11137054
Mexico,MEX,1988,10586336
Mexico,MEX,1989,9983087
Mexico,MEX,1990,10013655
Mexico,MEX,1991,9401325
Mexico,MEX,1992,8699927
Mexico,MEX,1993,10215352
Mexico,MEX,1994,11432222
Mexico,MEX,1995,11800258
Mexico,MEX,1996,13746817
Mexico,MEX,1997,12707443
Mexico,MEX,1998,12378788
Mexico,MEX,1999,13302345
Mexico,MEX,2000,14287138
Mexico,MEX,2001,12176884
Mexico,MEX,2002,11405034
Mexico,MEX,2003,11305023
Mexico,MEX,2004,12034844
Mexico,MEX,2005,11749126
Mexico,MEX,2006,16084718
Mexico,MEX,2007,16792109
Mexico,MEX,2008,15038557
Mexico,MEX,2009,13555680
Mexico,MEX,2010,16318120
Mexico,MEX,2011,20967630
Mexico,MEX,2012,16276556
Mexico,MEX,2013,15717587
Mexico,MEX,2014,15874413
Mexico,MEX,2015,15716400
Mexico,MEX,2016,13676593
Mexico,MEX,2017,12748000
Mexico,MEX,2018,12000000
Mexico,MEX,2020,7000000
Mexico,MEX,2021,7000000
Mexico,MEX,2022,7000000
Mexico,MEX,2023,7000000
Mongolia,MNG,1970,1748000
Mongolia,MNG,1971,1996000
Mongolia,MNG,1972,2253000
Mongolia,MNG,1973,2324000
Mongolia,MNG,1974,2474000
Mongolia,MNG,1975,2726000
Mongolia,MNG,1976,2921000
Mongolia,MNG,1977,3324000
Mongolia,MNG,1978,3798000
Mongolia,MNG,1979,4115000
Mongolia,MNG,1980,4377000
Mongolia,MNG,1981,4303000
Mongolia,MNG,1982,4921000
Mongolia,MNG,1983,4974000
Mongolia,MNG,1984,5431000
Mongolia,MNG,1985,6518000
Mongolia,MNG,1986,7064000
Mongolia,MNG,1987,7765000
Mongolia,MNG,1988,8606000
Mongolia,MNG,1989,8000000
Mongolia,MNG,1990,6367800
Mongolia,MNG,1991,6354700
Mongolia,MNG,1992,6247300
Mongolia,MNG,1993,5608500
Mongolia,MNG,1994,4980000
Mongolia,MNG,1995,5003000
Mongolia,MNG,1996,5110600
Mongolia,MNG,1997,4924000
Mongolia,MNG,1998,5057000
Mongolia,MNG,1999,4952000
Mongolia,MNG,2000,5000000
Mongolia,MNG,2001,5200000
Mongolia,MNG,2002,5400000
Mongolia,MNG,2003,5666100
Mongolia,MNG,2004,6865000
Mongolia,MNG,2005,7517100
Mongolia,MNG,2006,8074100
Mongolia,MNG,2007,4572700
Mongolia,MNG,2008,4843900
Mongolia,MNG,2009,14365500
Mongolia,MNG,2010,25161900
Mongolia,MNG,2011,32994400
Mongolia,MNG,2012,31139000
Mongolia,MNG,2013,33341000
Mongolia,MNG,2014,24449000
Mongolia,MNG,2015,23979000
Mongolia,MNG,2016,35522300
Mongolia,MNG,2017,48145100
Mongolia,MNG,2018,51401300
Mongolia,MNG,2019,55799400
Mongolia,MNG,2020,43844800
Mongolia,MNG,2021,33691800
Mongolia,MNG,2022,37294700
Mongolia,MNG,2023,85262300
Montenegro,MNE,2006,1502334
Montenegro,MNE,2007,1195515
Montenegro,MNE,2008,1740076
Montenegro,MNE,2009,957164
Montenegro,MNE,2010,1937847
Montenegro,MNE,2011,1972671
Montenegro,MNE,2012,1706302
Montenegro,MNE,2013,1692535
Montenegro,MNE,2014,1655045
Montenegro,MNE,2015,1770658
Montenegro,MNE,2016,1397529
Montenegro,MNE,2017,1474855
Montenegro,MNE,2018,1595876
Montenegro,MNE,2019,1605189
Montenegro,MNE,2020,1665400
Montenegro,MNE,2021,1548600
Montenegro,MNE,2022,1722500
Montenegro,MNE,2023,1862200
Morocco,MAR,1970,433000
Morocco,MAR,1971,474500
Morocco,MAR,1972,546800
Morocco,MAR,1973,565000
Morocco,MAR,1974,574000
Morocco,MAR,1975,652000
Morocco,MAR,1976,702000
Morocco,MAR,1977,707000
Morocco,MAR,1978,720000
Morocco,MAR,1979,710000
Morocco,MAR,1980,680000
Morocco,MAR,1981,703000
Morocco,MAR,1982,735000
Morocco,MAR,1983,751000
Morocco,MAR,1984,837500
Morocco,MAR,1985,774500
Morocco,MAR,1986,775000
Morocco,MAR,1987,634200
Morocco,MAR,1988,636700
Morocco,MAR,1989,504300
Morocco,MAR,1990,526000
Morocco,MAR,1991,550840
Morocco,MAR,1992,575800
Morocco,MAR,1993,603800
Morocco,MAR,1994,650400
Morocco,MAR,1995,649600
Morocco,MAR,1996,505600
Morocco,MAR,1997,376300
Morocco,MAR,1998,269100
Morocco,MAR,1999,129200
Morocco,MAR,2000,30810
Morocco,MAR,2001,1908
Morocco,MAR,2002,302
Morocco,MAR,2003,214
Morocco,MAR,2004,0
Mozambique,MOZ,1970,351016
Mozambique,MOZ,1971,328673
Mozambique,MOZ,1972,309912
Mozambique,MOZ,1973,394195
Mozambique,MOZ,1974,425843
Mozambique,MOZ,1975,574843
Mozambique,MOZ,1976,553000
Mozambique,MOZ,1977,310000
Mozambique,MOZ,1978,118000
Mozambique,MOZ,1979,320000
Mozambique,MOZ,1980,409000
Mozambique,MOZ,1981,535000
Mozambique,MOZ,1982,67000
Mozambique,MOZ,1983,58713
Mozambique,MOZ,1984,66855
Mozambique,MOZ,1985,20400
Mozambique,MOZ,1986,3895
Mozambique,MOZ,1987,43319
Mozambique,MOZ,1988,23856
Mozambique,MOZ,1989,62010
Mozambique,MOZ,1990,40411
Mozambique,MOZ,1991,50832
Mozambique,MOZ,1992,12618
Mozambique,MOZ,1993,8740
Mozambique,MOZ,1999,8573
Mozambique,MOZ,2000,16115
Mozambique,MOZ,2001,27600
Mozambique,MOZ,2002,43512
Mozambique,MOZ,2003,36742
Mozambique,MOZ,2004,16525
Mozambique,MOZ,2005,3417
Mozambique,MOZ,2006,40953
Mozambique,MOZ,2007,23602
Mozambique,MOZ,2008,37700
Mozambique,MOZ,2009,25924
Mozambique,MOZ,2010,38260
Mozambique,MOZ,2011,648220
Mozambique,MOZ,2012,4900000
Mozambique,MOZ,2013,5500000
Mozambique,MOZ,2014,8500000
Mozambique,MOZ,2015,8600000
Mozambique,MOZ,2016,5500000
Mozambique,MOZ,2017,11260000
Mozambique,MOZ,2018,12926416
Mozambique,MOZ,2019,10339536
Mozambique,MOZ,2020,8041211
Mozambique,MOZ,2021,11079683
Mozambique,MOZ,2022,14806233
Mozambique,MOZ,2023,15000000
Myanmar,MMR,1970,15259
Myanmar,MMR,1971,19711
Myanmar,MMR,1972,21456
Myanmar,MMR,1973,14450
Myanmar,MMR,1974,13154
Myanmar,MMR,1975,15555
Myanmar,MMR,1976,18698
Myanmar,MMR,1977,28800
Myanmar,MMR,1978,12184
Myanmar,MMR,1979,13818
Myanmar,MMR,1980,11213
Myanmar,MMR,1981,18327
Myanmar,MMR,1982,29119
Myanmar,MMR,1983,35969
Myanmar,MMR,1984,43200
Myanmar,MMR,1985,43800
Myanmar,MMR,1986,38100
Myanmar,MMR,1987,39334
Myanmar,MMR,1988,26968
Myanmar,MMR,1990,31396
Myanmar,MMR,1991,56695
Myanmar,MMR,1992,37520
Myanmar,MMR,1993,33384
Myanmar,MMR,1994,31485
Myanmar,MMR,1995,34708
Myanmar,MMR,1996,30700
Myanmar,MMR,1998,31025
Myanmar,MMR,1999,42773
Myanmar,MMR,2000,52811
Myanmar,MMR,2001,41736
Myanmar,MMR,2002,115175
Myanmar,MMR,2003,109214
Myanmar,MMR,2004,237949
Myanmar,MMR,2005,220942
Myanmar,MMR,2006,351559
Myanmar,MMR,2007,282655
Myanmar,MMR,2008,241299
Myanmar,MMR,2009,231271
Myanmar,MMR,2010,235743
Myanmar,MMR,2011,355693
Myanmar,MMR,2012,471022
Myanmar,MMR,2013,380272
Myanmar,MMR,2014,386732
Myanmar,MMR,2015,373596
Myanmar,MMR,2016,506262
Myanmar,MMR,2017,677774
Myanmar,MMR,2018,1200619
Myanmar,MMR,2019,1941557
Myanmar,MMR,2020,1879810
Myanmar,MMR,2021,1453194
Myanmar,MMR,2022,1727495
Myanmar,MMR,2023,1730000
Nepal,NPL,2000,17530
Nepal,NPL,2001,16589
Nepal,NPL,2002,9612
Nepal,NPL,2003,11848
Nepal,NPL,2004,10459
Nepal,NPL,2005,9259
Nepal,NPL,2006,11963
Nepal,NPL,2007,16374
Nepal,NPL,2008,13845
Nepal,NPL,2009,14819
Nepal,NPL,2010,11799
Nepal,NPL,2011,13165
Nepal,NPL,2012,10904
Nepal,NPL,2013,14084
Nepal,NPL,2014,8151
Nepal,NPL,2015,6754
Nepal,NPL,2016,1722
Nepal,NPL,2017,7270
Nepal,NPL,2018,15463
Nepal,NPL,2019,7184
Nepal,NPL,2020,7250
Nepal,NPL,2021,11304
Nepal,NPL,2022,6927
Nepal,NPL,2023,7000
New Zealand,NZL,1970,2386193
New Zealand,NZL,1971,2124246
New Zealand,NZL,1972,2181000
New Zealand,NZL,1973,2468543
New Zealand,NZL,1974,2564317
New Zealand,NZL,1975,2412400
New Zealand,NZL,1976,2486000
New Zealand,NZL,1977,2368900
New Zealand,NZL,1978,2182500
New Zealand,NZL,1979,1946300
New Zealand,NZL,1980,2161200
New Zealand,NZL,1981,2196200
New Zealand,NZL,1982,2244400
New Zealand,NZL,1983,2483600
New Zealand,NZL,1984,2526600
New Zealand,NZL,1985,2547800
New Zealand,NZL,1986,2640700
New Zealand,NZL,1987,2401956
New Zealand,NZL,1988,2400556
New Zealand,NZL,1989,2712998
New Zealand,NZL,1990,2584252
New Zealand,NZL,1991,2684147
New Zealand,NZL,1992,2984011
New Zealand,NZL,1993,3090779
New Zealand,NZL,1994,3033196
New Zealand,NZL,1995,3445038
New Zealand,NZL,1996,3509334
New Zealand,NZL,1997,3664034
New Zealand,NZL,1998,3303880
New Zealand,NZL,1999,3505730
New Zealand,NZL,2000,3585635
New Zealand,NZL,2001,3911396
New Zealand,NZL,2002,4458939
New Zealand,NZL,2003,5179912
New Zealand,NZL,2004,5155394
New Zealand,NZL,2005,5267161
New Zealand,NZL,2006,5767911
New Zealand,NZL,2007,4835408
New Zealand,NZL,2008,4909421
New Zealand,NZL,2009,4563333
New Zealand,NZL,2010,5330500
New Zealand,NZL,2011,4944700
New Zealand,NZL,2012,4926200
New Zealand,NZL,2013,4625400
New Zealand,NZL,2014,3984447
New Zealand,NZL,2015,3390648
New Zealand,NZL,2016,2866622
New Zealand,NZL,2017,2918563
New Zealand,NZL,2018,3230798
New Zealand,NZL,2019,3033983
New Zealand,NZL,2020,2818682
New Zealand,NZL,2021,2867611
New Zealand,NZL,2022,2637476
New Zealand,NZL,2023,2600084
Niger,NER,1980,690
Niger,NER,1981,79800
Niger,NER,1982,96300
Niger,NER,1983,153603
Niger,NER,1984,123644
Niger,NER,1985,150635
Niger,NER,1986,148111
Niger,NER,1987,164313
Niger,NER,1988,150000
Niger,NER,1989,171434
Niger,NER,1990,153913
Niger,NER,1991,156542
Niger,NER,1992,133525
Niger,NER,1993,150000
Niger,NER,1994,150000
Niger,NER,1995,170971
Niger,NER,1996,182022
Niger,NER,1997,162840
Niger,NER,1998,181213
Niger,NER,1999,168466
Niger,NER,2000,158200
Niger,NER,2001,163275
Niger,NER,2002,182916
Niger,NER,2003,188915
Niger,NER,2004,200384
Niger,NER,2005,182060
Niger,NER,2006,176320
Niger,NER,2007,171296
Niger,NER,2008,182912
Niger,NER,2009,225072
Niger,NER,2010,246558
Niger,NER,2011,246016
Niger,NER,2012,235072
Niger,NER,2013,241792
Niger,NER,2014,255936
Niger,NER,2015,221024
Niger,NER,2016,246631
Niger,NER,2017,233792
Niger,NER,2018,221580
Niger,NER,2019,225920
Niger,NER,2020,246880
Niger,NER,2021,105760
Niger,NER,2022,235328
Niger,NER,2023,100000
Nigeria,NGA,1970,59732
Nigeria,NGA,1971,157950
Nigeria,NGA,1972,341000
Nigeria,NGA,1973,355415
Nigeria,NGA,1974,312304
Nigeria,NGA,1975,284494
Nigeria,NGA,1976,135514
Nigeria,NGA,1977,237510
Nigeria,NGA,1978,264000
Nigeria,NGA,1979,170367
Nigeria,NGA,1980,194191
Nigeria,NGA,1981,170169
Nigeria,NGA,1982,56022
Nigeria,NGA,1983,53574
Nigeria,NGA,1984,76077
Nigeria,NGA,1985,139744
Nigeria,NGA,1986,144411
Nigeria,NGA,1987,117917
Nigeria,NGA,1988,82488
Nigeria,NGA,1989,57379
Nigeria,NGA,1990,77502
Nigeria,NGA,1991,100074
Nigeria,NGA,1992,86657
Nigeria,NGA,1993,27686
Nigeria,NGA,1994,13153
Nigeria,NGA,1995,19505
Nigeria,NGA,1996,7800
Nigeria,NGA,1997,9830
Nigeria,NGA,1998,20000
Nigeria,NGA,1999,20000
Nigeria,NGA,2000,10000
Nigeria,NGA,2001,10000
Nigeria,NGA,2002,10000
Nigeria,NGA,2003,23089
Nigeria,NGA,2004,20000
Nigeria,NGA,2005,20000
Nigeria,NGA,2006,20000
Nigeria,NGA,2007,20000
Nigeria,NGA,2008,30000
Nigeria,NGA,2009,40000
Nigeria,NGA,2010,35713
Nigeria,NGA,2011,13427
Nigeria,NGA,2012,62410
Nigeria,NGA,2013,40360
Nigeria,NGA,2014,46000
Nigeria,NGA,2015,47000
Nigeria,NGA,2016,2659996
Nigeria,NGA,2017,2297671
Nigeria,NGA,2018,2691673
Nigeria,NGA,2019,2722620
Nigeria,NGA,2020,2351350
Nigeria,NGA,2021,2506050
Nigeria,NGA,2022,3043000
Nigeria,NGA,2023,1322050
North Korea,PRK,1970,27300000
North Korea,PRK,1971,30300000
North Korea,PRK,1972,33840000
North Korea,PRK,1973,34000000
North Korea,PRK,1974,38900000
North Korea,PRK,1975,44000000
North Korea,PRK,1976,41000000
North Korea,PRK,1977,43000000
North Korea,PRK,1978,44000000
North Korea,PRK,1979,44500000
North Korea,PRK,1980,46000000
North Korea,PRK,1981,46000000
North Korea,PRK,1982,46700000
North Korea,PRK,1983,47000000
North Korea,PRK,1984,56500000
North Korea,PRK,1985,51000000
North Korea,PRK,1986,52000000
North Korea,PRK,1987,52000000
North Korea,PRK,1988,52500000
North Korea,PRK,1989,53700000
North Korea,PRK,1990,53700000
North Korea,PRK,1991,56300000
North Korea,PRK,1992,56100000
North Korea,PRK,1993,43000000
North Korea,PRK,1995,23700000
North Korea,PRK,1996,43300000
North Korea,PRK,1997,20600000
North Korea,PRK,1998,90300000
North Korea,PRK,1999,21200000
North Korea,PRK,2000,22500000
North Korea,PRK,2001,23100000
North Korea,PRK,2002,24000000
North Korea,PRK,2003,22300000
North Korea,PRK,2004,22800000
North Korea,PRK,2005,23500000
North Korea,PRK,2006,23000000
North Korea,PRK,2007,24100000
North Korea,PRK,2008,25060000
North Korea,PRK,2009,36000000
North Korea,PRK,2010,41000000
North Korea,PRK,2011,25500000
North Korea,PRK,2012,25800000
North Korea,PRK,2013,27861000
North Korea,PRK,2014,27081000
North Korea,PRK,2015,31115000
North Korea,PRK,2016,35741000
North Korea,PRK,2017,21738000
North Korea,PRK,2018,18080000
North Korea,PRK,2019,20210000
North Korea,PRK,2020,19000000
North Korea,PRK,2021,15600000
North Korea,PRK,2022,16300000
North Korea,PRK,2023,17100000
North Macedonia,MKD,1992,6472920
North Macedonia,MKD,1993,6917774
North Macedonia,MKD,1994,6859762
North Macedonia,MKD,1995,7249000
North Macedonia,MKD,1996,7145000
North Macedonia,MKD,1997,6700000
North Macedonia,MKD,1998,8180000
North Macedonia,MKD,1999,7300000
North Macedonia,MKD,2000,7427606
North Macedonia,MKD,2001,8047003
North Macedonia,MKD,2002,7443360
North Macedonia,MKD,2003,7200793
North Macedonia,MKD,2004,7129535
North Macedonia,MKD,2005,6879726
North Macedonia,MKD,2006,6650182
North Macedonia,MKD,2007,6569220
North Macedonia,MKD,2008,7669103
North Macedonia,MKD,2009,7395915
North Macedonia,MKD,2010,6583074
North Macedonia,MKD,2011,7902084
North Macedonia,MKD,2012,7309546
North Macedonia,MKD,2013,6633560
North Macedonia,MKD,2014,6469819
North Macedonia,MKD,2015,5927749
North Macedonia,MKD,2016,5130055
North Macedonia,MKD,2017,5056918
North Macedonia,MKD,2018,4946486
North Macedonia,MKD,2019,5066083
North Macedonia,MKD,2020,4532745
North Macedonia,MKD,2021,4758504
North Macedonia,MKD,2022,5520778
North Macedonia,MKD,2023,4091133
Norway,NOR,1970,483907
Norway,NOR,1971,455465
Norway,NOR,1972,472842
Norway,NOR,1973,411503
Norway,NOR,1974,461040
Norway,NOR,1975,422342
Norway,NOR,1976,524729
Norway,NOR,1977,436784
Norway,NOR,1978,402084
Norway,NOR,1979,280280
Norway,NOR,1980,288412
Norway,NOR,1981,409729
Norway,NOR,1982,440000
Norway,NOR,1983,502000
Norway,NOR,1984,451327
Norway,NOR,1985,507000
Norway,NOR,1986,437089
Norway,NOR,1987,398745
Norway,NOR,1988,263717
Norway,NOR,1989,339000
Norway,NOR,1990,302804
Norway,NOR,1991,329849
Norway,NOR,1992,358878
Norway,NOR,1993,266734
Norway,NOR,1994,301190
Norway,NOR,1995,292094
Norway,NOR,1996,229636
Norway,NOR,1997,386440
Norway,NOR,1998,328170
Norway,NOR,1999,403940
Norway,NOR,2000,631926
Norway,NOR,2001,1787784
Norway,NOR,2002,2131691
Norway,NOR,2003,2944000
Norway,NOR,2004,3018500
Norway,NOR,2005,1667000
Norway,NOR,2006,2359000
Norway,NOR,2007,3223000
Norway,NOR,2008,3429000
Norway,NOR,2009,2437000
Norway,NOR,2010,1685000
Norway,NOR,2011,1640000
Norway,NOR,2012,1325000
Norway,NOR,2013,2135000
Norway,NOR,2014,1701000
Norway,NOR,2015,1203000
Norway,NOR,2016,962000
Norway,NOR,2017,134000
Norway,NOR,2018,142500
Norway,NOR,2019,107900
Norway,NOR,2020,74503
Norway,NOR,2021,113292
Norway,NOR,2022,110445
Norway,NOR,2023,82902
Pakistan,PAK,1970,1270056
Pakistan,PAK,1971,1251916
Pakistan,PAK,1972,1263182
Pakistan,PAK,1973,1125526
Pakistan,PAK,1974,1147382
Pakistan,PAK,1975,1300000
Pakistan,PAK,1976,1300000
Pakistan,PAK,1977,1050000
Pakistan,PAK,1978,1036000
Pakistan,PAK,1979,1346000
Pakistan,PAK,1980,1694447
Pakistan,PAK,1981,1562008
Pakistan,PAK,1982,1809626
Pakistan,PAK,1983,1747000
Pakistan,PAK,1984,2134916
Pakistan,PAK,1985,2197853
Pakistan,PAK,1986,2047142
Pakistan,PAK,1987,2418875
Pakistan,PAK,1988,2696000
Pakistan,PAK,1989,2642489
Pakistan,PAK,1990,2733345
Pakistan,PAK,1991,3039967
Pakistan,PAK,1992,2954000
Pakistan,PAK,1993,2907700
Pakistan,PAK,1994,3195001
Pakistan,PAK,1995,2894056
Pakistan,PAK,1996,3253903
Pakistan,PAK,1998,3164226
Pakistan,PAK,1999,3246270
Pakistan,PAK,2000,3372871
Pakistan,PAK,2001,3309244
Pakistan,PAK,2002,3314712
Pakistan,PAK,2003,3609338
Pakistan,PAK,2004,3325408
Pakistan,PAK,2005,3367021
Pakistan,PAK,2006,3880604
Pakistan,PAK,2007,3702162
Pakistan,PAK,2008,4066409
Pakistan,PAK,2009,3679185
Pakistan,PAK,2010,3535828
Pakistan,PAK,2011,3291617
Pakistan,PAK,2012,3178986
Pakistan,PAK,2013,2813079
Pakistan,PAK,2014,3340192
Pakistan,PAK,2015,3407659
Pakistan,PAK,2016,3749312
Pakistan,PAK,2017,3953992
Pakistan,PAK,2018,4470000
Pakistan,PAK,2019,5406878
Pakistan,PAK,2020,8599166
Pakistan,PAK,2021,9229377
Pakistan,PAK,2022,7956437
Pakistan,PAK,2023,15069760
Peru,PER,1970,156069
Peru,PER,1971,102718
Peru,PER,1972,104344
Peru,PER,1973,106220
Peru,PER,1974,110000
Peru,PER,1975,22929
Peru,PER,1976,10816
Peru,PER,1977,23410
Peru,PER,1978,66000
Peru,PER,1979,47429
Peru,PER,1980,89471
Peru,PER,1981,157000
Peru,PER,1982,120000
Peru,PER,1983,120000
Peru,PER,1984,84000
Peru,PER,1985,125441
Peru,PER,1986,151077
Peru,PER,1987,197501
Peru,PER,1988,150398
Peru,PER,1989,150000
Peru,PER,1990,175000
Peru,PER,1991,150800
Peru,PER,1992,95465
Peru,PER,1993,72095
Peru,PER,1994,67024
Peru,PER,1995,62416
Peru,PER,1996,65699
Peru,PER,1997,21694
Peru,PER,1998,7385
Peru,PER,1999,1488
Peru,PER,2000,16625
Peru,PER,2001,20219
Peru,PER,2002,21579
Peru,PER,2003,17104
Peru,PER,2004,57759
Peru,PER,2005,29535
Peru,PER,2006,107091
Peru,PER,2007,100594
Peru,PER,2008,136435
Peru,PER,2009,156372
Peru,PER,2010,91960
Peru,PER,2011,164392
Peru,PER,2012,226908
Peru,PER,2013,211885
Peru,PER,2014,229213
Peru,PER,2015,251788
Peru,PER,2016,266208
Peru,PER,2017,301050
Peru,PER,2018,216581
Peru,PER,2019,181010
Peru,PER,2020,131516
Peru,PER,2021,144579
Peru,PER,2022,192094
Peru,PER,2023,233364
Philippines,PHL,1970,42402
Philippines,PHL,1971,40024
Philippines,PHL,1972,38900
Philippines,PHL,1973,39004
Philippines,PHL,1974,50746
Philippines,PHL,1975,105128
Philippines,PHL,1976,120810
Philippines,PHL,1977,284554
Philippines,PHL,1978,255054
Philippines,PHL,1979,263132
Philippines,PHL,1980,325008
Philippines,PHL,1981,318170
Philippines,PHL,1982,556755
Philippines,PHL,1983,1019594
Philippines,PHL,1984,1216388
Philippines,PHL,1985,1258872
Philippines,PHL,1986,1235503
Philippines,PHL,1987,1169167
Philippines,PHL,1988,1335687
Philippines,PHL,1989,1344676
Philippines,PHL,1990,1246777
Philippines,PHL,1991,1307040
Philippines,PHL,1992,1582430
Philippines,PHL,1993,1531487
Philippines,PHL,1994,1345562
Philippines,PHL,1995,1265726
Philippines,PHL,1996,955631
Philippines,PHL,1997,1078654
Philippines,PHL,1998,1157304
Philippines,PHL,1999,1204979
Philippines,PHL,2000,1353453
Philippines,PHL,2001,1229822
Philippines,PHL,2002,1645659
Philippines,PHL,2003,2029303
Philippines,PHL,2004,2484239
Philippines,PHL,2005,2878625
Philippines,PHL,2006,2300341
Philippines,PHL,2007,3401136
Philippines,PHL,2008,3609316
Philippines,PHL,2009,4687277
Philippines,PHL,2010,6650357
Philippines,PHL,2011,6881474
Philippines,PHL,2012,7348647
Philippines,PHL,2013,7100033
Philippines,PHL,2014,7601260
Philippines,PHL,2015,7377639
Philippines,PHL,2016,11211254
Philippines,PHL,2017,11932328
Philippines,PHL,2018,11755360
Philippines,PHL,2019,13751291
Philippines,PHL,2020,12951291
Philippines,PHL,2021,14047681
Philippines,PHL,2022,14457257
Philippines,PHL,2023,14400000
Poland,POL,1970,172800000
Poland,POL,1971,179991000
Poland,POL,1972,188921000
Poland,POL,1973,195830000
Poland,POL,1974,201828000
Poland,POL,1975,211490000
Poland,POL,1976,218608000
Poland,POL,1977,226872000
Poland,POL,1978,233627000
Poland,POL,1979,239083084
Poland,POL,1980,229987000
Poland,POL,1981,198638000
Poland,POL,1982,226963000
Poland,POL,1983,233624000
Poland,POL,1984,241970000
Poland,POL,1985,249388000
Poland,POL,1986,259339000
Poland,POL,1987,266206000
Poland,POL,1988,266504000
Poland,POL,1989,249448000
Poland,POL,1990,215256000
Poland,POL,1991,209675000
Poland,POL,1992,198382700
Poland,POL,1993,198584100
Poland,POL,1994,200703300
Poland,POL,1995,200713100
Poland,POL,1996,201832400
Poland,POL,1997,200962437
Poland,POL,1998,178546314
Poland,POL,1999,172732843
Poland,POL,2000,163123042
Poland,POL,2001,163549100
Poland,POL,2002,161755600
Poland,POL,2003,163935500
Poland,POL,2004,161284600
Poland,POL,2005,159540175
Poland,POL,2006,156066790
Poland,POL,2007,145851096
Poland,POL,2008,144013609
Poland,POL,2009,135172766
Poland,POL,2010,133237927
Poland,POL,2011,139288873
Poland,POL,2012,144152676
Poland,POL,2013,143195000
Poland,POL,2014,137273000
Poland,POL,2015,135821000
Poland,POL,2016,131057000
Poland,POL,2017,129035000
Poland,POL,2018,124958000
Poland,POL,2019,114957000
Poland,POL,2020,102041000
Poland,POL,2021,110211000
Poland,POL,2022,110824210
Poland,POL,2023,94531000
Portugal,PRT,1970,270890
Portugal,PRT,1971,253263
Portugal,PRT,1972,251704
Portugal,PRT,1973,220808
Portugal,PRT,1974,230209
Portugal,PRT,1975,221621
Portugal,PRT,1976,193447
Portugal,PRT,1977,195265
Portugal,PRT,1978,180102
Portugal,PRT,1979,179118
Portugal,PRT,1980,177451
Portugal,PRT,1981,183760
Portugal,PRT,1982,178540
Portugal,PRT,1983,185228
Portugal,PRT,1984,194856
Portugal,PRT,1985,238414
Portugal,PRT,1986,209501
Portugal,PRT,1987,228648
Portugal,PRT,1988,227188
Portugal,PRT,1989,229271
Portugal,PRT,1990,264924
Portugal,PRT,1991,245782
Portugal,PRT,1992,221436
Portugal,PRT,1993,197278
Portugal,PRT,1994,147154
Romania,ROU,1970,22835000
Romania,ROU,1971,22951000
Romania,ROU,1972,25271000
Romania,ROU,1973,26664000
Romania,ROU,1974,29207000
Romania,ROU,1975,29385000
Romania,ROU,1976,28115000
Romania,ROU,1977,29144000
Romania,ROU,1978,31454000
Romania,ROU,1979,34888000
Romania,ROU,1980,37814000
Romania,ROU,1981,39564000
Romania,ROU,1982,41433000
Romania,ROU,1983,48759000
Romania,ROU,1984,47799000
Romania,ROU,1985,49819000
Romania,ROU,1986,51432000
Romania,ROU,1987,55699000
Romania,ROU,1988,62917000
Romania,ROU,1989,66462000
Romania,ROU,1990,40847000
Romania,ROU,1991,35205000
Romania,ROU,1992,41238000
Romania,ROU,1993,42441000
Romania,ROU,1994,43198000
Romania,ROU,1995,43988000
Romania,ROU,1996,44774000
Romania,ROU,1997,36246000
Romania,ROU,1998,28105000
Romania,ROU,1999,24535000
Romania,ROU,2000,30924000
Romania,ROU,2001,34783000
Romania,ROU,2002,31991000
Romania,ROU,2003,34430000
Romania,ROU,2004,32963052
Romania,ROU,2005,31633089
Romania,ROU,2006,32811526
Romania,ROU,2007,35768000
Romania,ROU,2008,34734000
Romania,ROU,2009,28523610
Romania,ROU,2010,28836692
Romania,ROU,2011,35946775
Romania,ROU,2012,33423139
Romania,ROU,2013,24741958
Romania,ROU,2014,24578102
Romania,ROU,2015,26843305
Romania,ROU,2016,23225063
Romania,ROU,2017,26016593
Romania,ROU,2018,23857931
Romania,ROU,2019,22063765
Romania,ROU,2020,15589788
Romania,ROU,2021,18392015
Romania,ROU,2022,18902610
Romania,ROU,2023,15302805
Russia,RUS,1992,337000000
Russia,RUS,1993,306000000
Russia,RUS,1994,272000000
Russia,RUS,1995,262000000
Russia,RUS,1996,254800000
Russia,RUS,1997,245000000
Russia,RUS,1998,231919000
Russia,RUS,1999,249521000
Russia,RUS,2000,258000000
Russia,RUS,2001,269000000
Russia,RUS,2002,256000000
Russia,RUS,2003,277000000
Russia,RUS,2004,282000000
Russia,RUS,2005,299000000
Russia,RUS,2006,310000000
Russia,RUS,2007,314000000
Russia,RUS,2008,326000000
Russia,RUS,2009,298000000
Russia,RUS,2010,317000000
Russia,RUS,2011,334000000
Russia,RUS,2012,354000000
Russia,RUS,2013,347000000
Russia,RUS,2014,356000000
Russia,RUS,2015,372000000
Russia,RUS,2016,386000000
Russia,RUS,2017,410000000
Russia,RUS,2023,430000000
Serbia,SRB,2006,36785000
Serbia,SRB,2007,37065000
Serbia,SRB,2008,31398000
Serbia,SRB,2009,38349239
Serbia,SRB,2010,37864332
Serbia,SRB,2011,40950993
Serbia,SRB,2012,38164524
Serbia,SRB,2013,40253633
Serbia,SRB,2014,29815000
Serbia,SRB,2015,37782159
Serbia,SRB,2016,38394000
Serbia,SRB,2017,39774000
Serbia,SRB,2018,37631000
Serbia,SRB,2019,38878000
Serbia,SRB,2020,39666000
Serbia,SRB,2021,36415000
Serbia,SRB,2022,35127000
Serbia,SRB,2023,31934000
Serbia and Montenegro,OWID_SRM,1992,40105000
Serbia and Montenegro,OWID_SRM,1993,37433000
Serbia and Montenegro,OWID_SRM,1994,38350976
Serbia and Montenegro,OWID_SRM,1995,40555753
Serbia and Montenegro,OWID_SRM,1996,38429089
Serbia and Montenegro,OWID_SRM,1997,42916664
Serbia and Montenegro,OWID_SRM,1998,44072002
Serbia and Montenegro,OWID_SRM,1999,30500700
Serbia and Montenegro,OWID_SRM,2000,34124611
Serbia and Montenegro,OWID_SRM,2001,32234474
Serbia and Montenegro,OWID_SRM,2002,33429221
Serbia and Montenegro,OWID_SRM,2003,34973770
Serbia and Montenegro,OWID_SRM,2004,35691700
Serbia and Montenegro,OWID_SRM,2005,36281000
Slovakia,SVK,1993,3500000
Slovakia,SVK,1994,4078000
Slovakia,SVK,1995,4140150
Slovakia,SVK,1996,3756000
Slovakia,SVK,1997,3853000
Slovakia,SVK,1998,3893000
Slovakia,SVK,1999,3732000
Slovakia,SVK,2000,3646100
Slovakia,SVK,2001,3421100
Slovakia,SVK,2002,3406400
Slovakia,SVK,2003,3076100
Slovakia,SVK,2004,2812000
Slovakia,SVK,2005,2303000
Slovakia,SVK,2006,2022000
Slovakia,SVK,2007,1859000
Slovakia,SVK,2008,2162000
Slovakia,SVK,2009,2376000
Slovakia,SVK,2010,2202000
Slovakia,SVK,2011,2113000
Slovakia,SVK,2012,2100000
Slovakia,SVK,2013,2188000
Slovakia,SVK,2014,2051000
Slovakia,SVK,2015,1733000
Slovakia,SVK,2016,1817000
Slovakia,SVK,2017,1675000
Slovakia,SVK,2018,1426000
Slovakia,SVK,2019,1427000
Slovakia,SVK,2020,956600
Slovakia,SVK,2021,1063400
Slovakia,SVK,2022,842000
Slovakia,SVK,2023,756000
Slovenia,SVN,1992,5549978
Slovenia,SVN,1993,5121000
Slovenia,SVN,1994,4884000
Slovenia,SVN,1995,4874000
Slovenia,SVN,1996,4778000
Slovenia,SVN,1997,4954000
Slovenia,SVN,1998,4891000
Slovenia,SVN,1999,4562000
Slovenia,SVN,2000,4479300
Slovenia,SVN,2001,4133000
Slovenia,SVN,2002,4684710
Slovenia,SVN,2003,4829786
Slovenia,SVN,2004,4807302
Slovenia,SVN,2005,4539556
Slovenia,SVN,2006,4520754
Slovenia,SVN,2007,4521183
Slovenia,SVN,2008,4497268
Slovenia,SVN,2009,4432515
Slovenia,SVN,2010,4430396
Slovenia,SVN,2011,4502078
Slovenia,SVN,2012,4281326
Slovenia,SVN,2013,3771932
Slovenia,SVN,2014,3108203
Slovenia,SVN,2015,3168001
Slovenia,SVN,2016,3348889
Slovenia,SVN,2017,3355664
Slovenia,SVN,2018,3216735
Slovenia,SVN,2019,3218696
Slovenia,SVN,2020,3259309
Slovenia,SVN,2021,2807476
Slovenia,SVN,2022,2745022
Slovenia,SVN,2023,3030494
South Africa,ZAF,1970,54611732
South Africa,ZAF,1971,58666019
South Africa,ZAF,1972,58440417
South Africa,ZAF,1973,62351942
South Africa,ZAF,1974,66055610
South Africa,ZAF,1975,69439598
South Africa,ZAF,1976,77059616
South Africa,ZAF,1977,85410543
South Africa,ZAF,1978,90357828
South Africa,ZAF,1979,103767866
South Africa,ZAF,1980,116068729
South Africa,ZAF,1981,131430836
South Africa,ZAF,1982,144175954
South Africa,ZAF,1983,145614066
South Africa,ZAF,1984,162942727
South Africa,ZAF,1985,173515877
South Africa,ZAF,1986,176719404
South Africa,ZAF,1987,176545786
South Africa,ZAF,1988,181359759
South Africa,ZAF,1989,176282769
South Africa,ZAF,1990,174783561
South Africa,ZAF,1991,178394236
South Africa,ZAF,1992,174392106
South Africa,ZAF,1993,182276177
South Africa,ZAF,1994,195805440
South Africa,ZAF,1995,206241964
South Africa,ZAF,1996,206365611
South Africa,ZAF,1997,218617320
South Africa,ZAF,1998,224264000
South Africa,ZAF,1999,223514169
South Africa,ZAF,2000,224117969
South Africa,ZAF,2001,223712086
South Africa,ZAF,2002,220204965
South Africa,ZAF,2003,237876609
South Africa,ZAF,2004,243371530
South Africa,ZAF,2005,244363974
South Africa,ZAF,2006,244782399
South Africa,ZAF,2007,247600236
South Africa,ZAF,2008,252213358
South Africa,ZAF,2009,250581674
South Africa,ZAF,2010,257205807
South Africa,ZAF,2011,252756844
South Africa,ZAF,2012,258575793
South Africa,ZAF,2013,256282133
South Africa,ZAF,2014,261398527
South Africa,ZAF,2015,252075989
South Africa,ZAF,2016,251011670
South Africa,ZAF,2017,252343002
South Africa,ZAF,2018,253256431
South Africa,ZAF,2019,254410713
South Africa,ZAF,2020,248081745
South Africa,ZAF,2021,228644557
South Africa,ZAF,2022,229594209
South Africa,ZAF,2023,231685072
South Korea,KOR,1970,12394000
South Korea,KOR,1971,12785000
South Korea,KOR,1972,12403000
South Korea,KOR,1973,13571000
South Korea,KOR,1974,15290000
South Korea,KOR,1975,17585000
South Korea,KOR,1976,16428000
South Korea,KOR,1977,17233000
South Korea,KOR,1978,18054000
South Korea,KOR,1979,18208000
South Korea,KOR,1980,18624000
South Korea,KOR,1981,19865000
South Korea,KOR,1982,20115600
South Korea,KOR,1983,19860800
South Korea,KOR,1984,21370300
South Korea,KOR,1985,24542700
South Korea,KOR,1986,24252700
South Korea,KOR,1987,24273100
South Korea,KOR,1988,24294700
South Korea,KOR,1989,20785000
South Korea,KOR,1990,17216500
South Korea,KOR,1991,13770000
South Korea,KOR,1992,11969900
South Korea,KOR,1993,9442700
South Korea,KOR,1994,7438349
South Korea,KOR,1995,5719637
South Korea,KOR,1996,4950780
South Korea,KOR,1997,4514000
South Korea,KOR,1998,4361000
South Korea,KOR,1999,4197000
South Korea,KOR,2000,4150000
South Korea,KOR,2001,3817000
South Korea,KOR,2002,3318000
South Korea,KOR,2003,3298000
South Korea,KOR,2004,3191212
South Korea,KOR,2005,2831658
South Korea,KOR,2006,2823990
South Korea,KOR,2007,2886000
South Korea,KOR,2008,2772544
South Korea,KOR,2009,2518940
South Korea,KOR,2010,2083972
South Korea,KOR,2011,2084474
South Korea,KOR,2012,2094000
South Korea,KOR,2013,1814000
South Korea,KOR,2014,1748000
South Korea,KOR,2015,1764000
South Korea,KOR,2016,1727000
South Korea,KOR,2017,1485000
South Korea,KOR,2018,1201920
South Korea,KOR,2019,1084000
South Korea,KOR,2020,1019298
South Korea,KOR,2021,897900
South Korea,KOR,2022,820181
South Korea,KOR,2023,800000
Spain,ESP,1970,13577514
Spain,ESP,1971,13766922
Spain,ESP,1972,14120008
Spain,ESP,1973,12962441
Spain,ESP,1974,13221173
Spain,ESP,1975,14003569
Spain,ESP,1976,14667697
Spain,ESP,1977,17687965
Spain,ESP,1978,19769819
Spain,ESP,1979,22540833
Spain,ESP,1980,28534169
Spain,ESP,1981,35601250
Spain,ESP,1982,39304829
Spain,ESP,1983,40409916
Spain,ESP,1984,39592255
Spain,ESP,1985,39663255
Spain,ESP,1986,38320515
Spain,ESP,1987,34590962
Spain,ESP,1988,31844562
Spain,ESP,1989,36399104
Spain,ESP,1990,35850000
Spain,ESP,1991,34100000
Spain,ESP,1992,33329589
Spain,ESP,1993,31749536
Spain,ESP,1994,29490812
Spain,ESP,1995,28475126
Spain,ESP,1996,27351908
Spain,ESP,1997,26454266
Spain,ESP,1998,26075626
Spain,ESP,1999,24092901
Spain,ESP,2000,23464954
Spain,ESP,2001,22734327
Spain,ESP,2002,22012223
Spain,ESP,2003,20564632
Spain,ESP,2004,20485536
Spain,ESP,2005,19040011
Spain,ESP,2006,18379549
Spain,ESP,2007,17179620
Spain,ESP,2008,13183245
Spain,ESP,2009,9452526
Spain,ESP,2010,8486636
Spain,ESP,2011,8166047
Spain,ESP,2012,6164672
Spain,ESP,2013,4444827
Spain,ESP,2014,3955051
Spain,ESP,2015,3042356
Spain,ESP,2016,1832377
Spain,ESP,2017,2995105
Spain,ESP,2018,2406145
Spain,ESP,2019,0
Spain,ESP,2020,0
Spain,ESP,2021,0
Spain,ESP,2022,0
Taiwan,TWN,1970,4473467
Taiwan,TWN,1971,4096591
Taiwan,TWN,1972,3913218
Taiwan,TWN,1973,3327107
Taiwan,TWN,1974,2934427
Taiwan,TWN,1975,3140578
Taiwan,TWN,1976,3235810
Taiwan,TWN,1977,2955915
Taiwan,TWN,1978,2883904
Taiwan,TWN,1979,2710751
Taiwan,TWN,1980,2573530
Taiwan,TWN,1981,2445782
Taiwan,TWN,1982,2383579
Taiwan,TWN,1983,2236065
Taiwan,TWN,1984,2010775
Taiwan,TWN,1985,1857858
Taiwan,TWN,1986,1725024
Taiwan,TWN,1987,1499240
Taiwan,TWN,1988,1225487
Taiwan,TWN,1989,784409
Taiwan,TWN,1990,472050
Taiwan,TWN,1991,402575
Taiwan,TWN,1992,334821
Taiwan,TWN,1993,328124
Taiwan,TWN,1994,285099
Taiwan,TWN,1995,234965
Taiwan,TWN,1996,147446
Taiwan,TWN,1997,99089
Taiwan,TWN,1998,79140
Taiwan,TWN,1999,91674
Taiwan,TWN,2000,83380
Tajikistan,TJK,1992,220000
Tajikistan,TJK,1993,200000
Tajikistan,TJK,1994,100000
Tajikistan,TJK,1995,30000
Tajikistan,TJK,1996,20000
Tajikistan,TJK,1997,20000
Tajikistan,TJK,1998,20000
Tajikistan,TJK,1999,16600
Tajikistan,TJK,2000,20700
Tajikistan,TJK,2001,27500
Tajikistan,TJK,2002,23600
Tajikistan,TJK,2003,46500
Tajikistan,TJK,2004,88300
Tajikistan,TJK,2005,94900
Tajikistan,TJK,2006,218000
Tajikistan,TJK,2007,181400
Tajikistan,TJK,2008,198500
Tajikistan,TJK,2009,178300
Tajikistan,TJK,2010,199700
Tajikistan,TJK,2011,236400
Tajikistan,TJK,2012,412000
Tajikistan,TJK,2013,515600
Tajikistan,TJK,2014,878100
Tajikistan,TJK,2015,1041900
Tajikistan,TJK,2016,1361400
Tajikistan,TJK,2017,1760000
Tajikistan,TJK,2018,1903015
Tajikistan,TJK,2019,2027790
Tajikistan,TJK,2020,2029139
Tajikistan,TJK,2021,2088700
Tajikistan,TJK,2022,2393600
Tajikistan,TJK,2023,2084200
Tanzania,TZA,1970,2664
Tanzania,TZA,1971,2798
Tanzania,TZA,1972,3464
Tanzania,TZA,1973,1994
Tanzania,TZA,1974,1510
Tanzania,TZA,1975,850
Tanzania,TZA,1976,824
Tanzania,TZA,1977,2096
Tanzania,TZA,1978,6541
Tanzania,TZA,1979,5572
Tanzania,TZA,1980,4250
Tanzania,TZA,1981,3000
Tanzania,TZA,1982,10800
Tanzania,TZA,1983,10000
Tanzania,TZA,1984,2200
Tanzania,TZA,1985,6600
Tanzania,TZA,1986,5164
Tanzania,TZA,1987,2865
Tanzania,TZA,1988,11580
Tanzania,TZA,1989,45380
Tanzania,TZA,1990,41900
Tanzania,TZA,1991,74914
Tanzania,TZA,1992,21795
Tanzania,TZA,1993,40248
Tanzania,TZA,1994,45027
Tanzania,TZA,1995,43200
Tanzania,TZA,1996,52000
Tanzania,TZA,1997,28443
Tanzania,TZA,1998,45073
Tanzania,TZA,1999,75044
Tanzania,TZA,2000,79184
Tanzania,TZA,2001,77789
Tanzania,TZA,2002,79210
Tanzania,TZA,2003,54610
Tanzania,TZA,2004,65041
Tanzania,TZA,2005,30795
Tanzania,TZA,2006,17940
Tanzania,TZA,2007,27198
Tanzania,TZA,2008,15242
Tanzania,TZA,2009,16500
Tanzania,TZA,2010,179500
Tanzania,TZA,2011,82856
Tanzania,TZA,2012,78672
Tanzania,TZA,2013,84772
Tanzania,TZA,2014,246128
Tanzania,TZA,2015,257321
Tanzania,TZA,2016,276030
Tanzania,TZA,2017,563053
Tanzania,TZA,2018,627652
Tanzania,TZA,2019,712136
Tanzania,TZA,2020,689989
Tanzania,TZA,2021,976319
Tanzania,TZA,2022,2511419
Tanzania,TZA,2023,3256481
Thailand,THA,1970,399900
Thailand,THA,1971,445100
Thailand,THA,1972,345500
Thailand,THA,1973,361015
Thailand,THA,1974,484652
Thailand,THA,1975,462801
Thailand,THA,1976,680343
Thailand,THA,1977,438570
Thailand,THA,1978,638942
Thailand,THA,1979,1356467
Thailand,THA,1980,1426566
Thailand,THA,1981,1686044
Thailand,THA,1982,1963764
Thailand,THA,1983,1866083
Thailand,THA,1984,2337226
Thailand,THA,1985,5146150
Thailand,THA,1986,5542247
Thailand,THA,1987,6929212
Thailand,THA,1988,7273647
Thailand,THA,1989,8899195
Thailand,THA,1990,12421138
Thailand,THA,1991,14688440
Thailand,THA,1992,15640230
Thailand,THA,1993,15608259
Thailand,THA,1994,17111554
Thailand,THA,1995,18423738
Thailand,THA,1996,21688894
Thailand,THA,1997,23443475
Thailand,THA,1998,20161721
Thailand,THA,1999,18266308
Thailand,THA,2000,17713753
Thailand,THA,2001,19616996
Thailand,THA,2002,19601984
Thailand,THA,2003,18843395
Thailand,THA,2004,20059845
Thailand,THA,2005,20878176
Thailand,THA,2006,19070608
Thailand,THA,2007,18239176
Thailand,THA,2008,18095335
Thailand,THA,2009,16360261
Thailand,THA,2010,18399399
Thailand,THA,2011,21324406
Thailand,THA,2012,18652557
Thailand,THA,2013,18110763
Thailand,THA,2014,17991362
Thailand,THA,2015,15150549
Thailand,THA,2016,17069712
Thailand,THA,2017,16258637
Thailand,THA,2018,14851950
Thailand,THA,2019,14071710
Thailand,THA,2020,13250574
Thailand,THA,2021,14221573
Thailand,THA,2022,13641283
Thailand,THA,2023,12713628
Turkey,TUR,1970,16319763
Turkey,TUR,1971,16916500
Turkey,TUR,1972,18109000
Turkey,TUR,1973,18379000
Turkey,TUR,1974,19658602
Turkey,TUR,1975,20221688
Turkey,TUR,1976,21802751
Turkey,TUR,1977,22505007
Turkey,TUR,1978,25771359
Turkey,TUR,1979,22802364
Turkey,TUR,1980,23596671
Turkey,TUR,1981,26235777
Turkey,TUR,1982,27765228
Turkey,TUR,1983,30572360
Turkey,TUR,1984,34302760
Turkey,TUR,1985,46697284
Turkey,TUR,1986,52485181
Turkey,TUR,1987,53565652
Turkey,TUR,1988,45712976
Turkey,TUR,1989,58826252
Turkey,TUR,1990,52520953
Turkey,TUR,1991,55978175
Turkey,TUR,1992,74025454
Turkey,TUR,1993,56359417
Turkey,TUR,1994,59357483
Turkey,TUR,1995,59555587
Turkey,TUR,1996,61240964
Turkey,TUR,1997,60542999
Turkey,TUR,1998,70076854
Turkey,TUR,1999,69537800
Turkey,TUR,2000,64756274
Turkey,TUR,2001,61598569
Turkey,TUR,2002,53057537
Turkey,TUR,2003,47176592
Turkey,TUR,2004,47336026
Turkey,TUR,2005,64390780
Turkey,TUR,2006,64080793
Turkey,TUR,2007,77547515
Turkey,TUR,2008,90418035
Turkey,TUR,2009,89036707
Turkey,TUR,2010,96255529
Turkey,TUR,2011,84994494
Turkey,TUR,2012,81249493
Turkey,TUR,2013,66113203
Turkey,TUR,2014,68123843
Turkey,TUR,2015,60804219
Turkey,TUR,2016,79777712
Turkey,TUR,2017,86067520
Turkey,TUR,2018,98638377
Turkey,TUR,2019,94798579
Turkey,TUR,2020,86425146
Turkey,TUR,2021,92506145
Turkey,TUR,2022,103892169
Turkey,TUR,2023,81902722
USSR,OWID_USS,1970,577460000
USSR,OWID_USS,1971,591546000
USSR,OWID_USS,1972,603586000
USSR,OWID_USS,1973,614710000
USSR,OWID_USS,1974,630553000
USSR,OWID_USS,1975,644891000
USSR,OWID_USS,1976,711522000
USSR,OWID_USS,1977,722125000
USSR,OWID_USS,1978,723624000
USSR,OWID_USS,1979,698664000
USSR,OWID_USS,1980,716371000
USSR,OWID_USS,1981,704044000
USSR,OWID_USS,1982,718100000
USSR,OWID_USS,1983,716100000
USSR,OWID_USS,1984,712300000
USSR,OWID_USS,1985,726000000
USSR,OWID_USS,1986,751000000
USSR,OWID_USS,1987,760000000
USSR,OWID_USS,1988,771000000
USSR,OWID_USS,1989,741000000
USSR,OWID_USS,1990,703000000
USSR,OWID_USS,1991,630000000
Ukraine,UKR,1992,102500000
Ukraine,UKR,1993,115800000
Ukraine,UKR,1994,94600000
Ukraine,UKR,1995,87841000
Ukraine,UKR,1996,75719000
Ukraine,UKR,1997,76947000
Ukraine,UKR,1998,77176000
Ukraine,UKR,1999,81824000
Ukraine,UKR,2000,80990000
Ukraine,UKR,2001,83430000
Ukraine,UKR,2002,82540000
Ukraine,UKR,2003,79340000
Ukraine,UKR,2004,80152000
Ukraine,UKR,2005,78738000
Ukraine,UKR,2006,80431000
Ukraine,UKR,2007,75720400
Ukraine,UKR,2008,77965200
Ukraine,UKR,2009,55152000
Ukraine,UKR,2010,54952000
Ukraine,UKR,2011,62661000
Ukraine,UKR,2012,65705000
Ukraine,UKR,2013,64427000
Ukraine,UKR,2014,45932000
Ukraine,UKR,2015,29917000
Ukraine,UKR,2016,31630000
Ukraine,UKR,2017,24167000
Ukraine,UKR,2018,26254000
Ukraine,UKR,2019,25530400
Ukraine,UKR,2020,24168300
Ukraine,UKR,2021,23761900
Ukraine,UKR,2022,20309600
Ukraine,UKR,2023,23300000
United Kingdom,GBR,1981,127469000
United Kingdom,GBR,1982,124711000
United Kingdom,GBR,1983,119254000
United Kingdom,GBR,1984,51182000
United Kingdom,GBR,1985,94047000
United Kingdom,GBR,1987,104533000
United Kingdom,GBR,1988,104066000
United Kingdom,GBR,1989,100605000
United Kingdom,GBR,1990,92762000
United Kingdom,GBR,1991,94202000
United Kingdom,GBR,1992,84493000
United Kingdom,GBR,1993,68199000
United Kingdom,GBR,1994,49785000
United Kingdom,GBR,1995,53037000
United Kingdom,GBR,1996,50197000
United Kingdom,GBR,1997,48495000
United Kingdom,GBR,1998,41177000
United Kingdom,GBR,1999,37077000
United Kingdom,GBR,2000,31197000
United Kingdom,GBR,2001,31930000
United Kingdom,GBR,2002,29989000
United Kingdom,GBR,2003,28279000
United Kingdom,GBR,2004,25096000
United Kingdom,GBR,2005,20498000
United Kingdom,GBR,2006,18517000
United Kingdom,GBR,2007,17070000
United Kingdom,GBR,2008,18053000
United Kingdom,GBR,2009,17874000
United Kingdom,GBR,2010,18347000
United Kingdom,GBR,2011,17892000
United Kingdom,GBR,2012,16287000
United Kingdom,GBR,2013,12673000
United Kingdom,GBR,2014,11648000
United Kingdom,GBR,2015,8598000
United Kingdom,GBR,2016,4178000
United Kingdom,GBR,2017,3041000
United Kingdom,GBR,2018,2782000
United Kingdom,GBR,2019,2592000
United Kingdom,GBR,2020,1673000
United Kingdom,GBR,2021,1054000
United Kingdom,GBR,2022,651000
United Kingdom,GBR,2023,506000
United States,USA,1970,555797000
United States,USA,1971,508857000
United States,USA,1972,546571723
United States,USA,1973,543011037
United States,USA,1974,551220721
United States,USA,1975,593880549
United States,USA,1976,621343159
United States,USA,1977,632494088
United States,USA,1978,607962000
United States,USA,1979,708600000
United States,USA,1980,752700000
United States,USA,1981,747300000
United States,USA,1982,760300000
United States,USA,1983,709500000
United States,USA,1984,812800000
United States,USA,1985,801600000
United States,USA,1986,807700000
United States,USA,1987,833600000
United States,USA,1988,862100000
United States,USA,1989,889700000
United States,USA,1990,933600000
United States,USA,1991,903500000
United States,USA,1992,904958000
United States,USA,1993,857674000
United States,USA,1994,937579000
United States,USA,1995,937098000
United States,USA,1996,965114000
United States,USA,1997,988770000
United States,USA,1998,1013813000
United States,USA,1999,998295000
United States,USA,2000,973965000
United States,USA,2001,1023039000
United States,USA,2002,992733000
United States,USA,2003,972309000
United States,USA,2004,1008880000
United States,USA,2005,1026496000
United States,USA,2006,1054847000
United States,USA,2007,1040286000
United States,USA,2008,1063057000
United States,USA,2009,975150000
United States,USA,2010,983677000
United States,USA,2011,970745546
United States,USA,2012,950467534
United States,USA,2013,893433633
United States,USA,2014,907229181
United States,USA,2015,813525091
United States,USA,2016,660626601
United States,USA,2017,702570687
United States,USA,2018,685843555
United States,USA,2019,640622502
United States,USA,2020,485638959
United States,USA,2021,523836590
United States,USA,2022,539009256
United States,USA,2023,524641049
Uzbekistan,UZB,1992,4501000
Uzbekistan,UZB,1993,3655000
Uzbekistan,UZB,1994,3845000
Uzbekistan,UZB,1995,3054000
Uzbekistan,UZB,1996,2837000
Uzbekistan,UZB,1997,2947000
Uzbekistan,UZB,1998,2923000
Uzbekistan,UZB,1999,2953100
Uzbekistan,UZB,2000,2501500
Uzbekistan,UZB,2001,2711000
Uzbekistan,UZB,2002,2740000
Uzbekistan,UZB,2003,1911600
Uzbekistan,UZB,2004,2781000
Uzbekistan,UZB,2005,3168000
Uzbekistan,UZB,2006,2819200
Uzbekistan,UZB,2007,3441859
Uzbekistan,UZB,2008,3289451
Uzbekistan,UZB,2009,3654141
Uzbekistan,UZB,2010,3299431
Uzbekistan,UZB,2011,3843741
Uzbekistan,UZB,2012,4036064
Uzbekistan,UZB,2013,4090000
Uzbekistan,UZB,2014,4397000
Uzbekistan,UZB,2015,3486000
Uzbekistan,UZB,2016,3867000
Uzbekistan,UZB,2017,4039000
Uzbekistan,UZB,2018,4174400
Uzbekistan,UZB,2019,4055100
Uzbekistan,UZB,2020,4131800
Uzbekistan,UZB,2021,5056300
Uzbekistan,UZB,2022,5356200
Uzbekistan,UZB,2023,6519600
Venezuela,VEN,1970,40000
Venezuela,VEN,1971,43410
Venezuela,VEN,1972,39876
Venezuela,VEN,1973,49696
Venezuela,VEN,1974,57614
Venezuela,VEN,1975,60000
Venezuela,VEN,1976,87000
Venezuela,VEN,1977,120824
Venezuela,VEN,1978,80643
Venezuela,VEN,1979,55304
Venezuela,VEN,1980,43979
Venezuela,VEN,1981,45736
Venezuela,VEN,1982,46506
Venezuela,VEN,1983,39174
Venezuela,VEN,1984,50872
Venezuela,VEN,1985,41427
Venezuela,VEN,1986,56290
Venezuela,VEN,1987,237608
Venezuela,VEN,1988,1072204
Venezuela,VEN,1989,2113296
Venezuela,VEN,1990,2242965
Venezuela,VEN,1991,2403405
Venezuela,VEN,1992,2479897
Venezuela,VEN,1993,3958192
Venezuela,VEN,1994,4435969
Venezuela,VEN,1995,4346131
Venezuela,VEN,1996,4180641
Venezuela,VEN,1997,5291908
Venezuela,VEN,1998,6458324
Venezuela,VEN,1999,6594611
Venezuela,VEN,2000,7880516
Venezuela,VEN,2001,7685476
Venezuela,VEN,2002,8097016
Venezuela,VEN,2003,7033729
Venezuela,VEN,2004,8107304
Venezuela,VEN,2005,7194882
Venezuela,VEN,2006,7458873
Venezuela,VEN,2007,6855341
Venezuela,VEN,2008,5053700
Venezuela,VEN,2009,3258146
Venezuela,VEN,2010,2630820
Venezuela,VEN,2011,2611463
Venezuela,VEN,2012,1910801
Venezuela,VEN,2013,1229309
Venezuela,VEN,2014,800640
Venezuela,VEN,2015,801697
Venezuela,VEN,2016,826000
Venezuela,VEN,2017,794000
Venezuela,VEN,2018,763000
Venezuela,VEN,2019,394000
Venezuela,VEN,2020,285000
Venezuela,VEN,2021,158000
Venezuela,VEN,2022,197000
Venezuela,VEN,2023,149000
Vietnam,VNM,1970,3000000
Vietnam,VNM,1971,3200000
Vietnam,VNM,1972,2000000
Vietnam,VNM,1973,3000000
Vietnam,VNM,1974,4000000
Vietnam,VNM,1975,5300000
Vietnam,VNM,1976,5500000
Vietnam,VNM,1977,6200000
Vietnam,VNM,1978,6000000
Vietnam,VNM,1979,5300000
Vietnam,VNM,1980,5300000
Vietnam,VNM,1981,5952000
Vietnam,VNM,1982,6080000
Vietnam,VNM,1983,6235000
Vietnam,VNM,1984,4900000
Vietnam,VNM,1985,5432000
Vietnam,VNM,1986,6392000
Vietnam,VNM,1987,6428400
Vietnam,VNM,1988,6332200
Vietnam,VNM,1989,3310800
Vietnam,VNM,1990,5197800
Vietnam,VNM,1991,4895400
Vietnam,VNM,1992,4938500
Vietnam,VNM,1993,5500000
Vietnam,VNM,1994,6100000
Vietnam,VNM,1995,7200000
Vietnam,VNM,1996,9823000
Vietnam,VNM,1997,11388000
Vietnam,VNM,1998,11700000
Vietnam,VNM,1999,9600000
Vietnam,VNM,2000,11600000
Vietnam,VNM,2001,13397000
Vietnam,VNM,2002,16409100
Vietnam,VNM,2003,19314000
Vietnam,VNM,2004,27349000
Vietnam,VNM,2005,34093000
Vietnam,VNM,2006,38778000
Vietnam,VNM,2007,42483000
Vietnam,VNM,2008,39777000
Vietnam,VNM,2009,44078000
Vietnam,VNM,2010,44835000
Vietnam,VNM,2011,46611000
Vietnam,VNM,2012,42083000
Vietnam,VNM,2013,41064000
Vietnam,VNM,2014,41086000
Vietnam,VNM,2015,41664000
Vietnam,VNM,2016,38735000
Vietnam,VNM,2017,38409000
Vietnam,VNM,2018,42384000
Vietnam,VNM,2019,47157700
Vietnam,VNM,2020,44598400
Vietnam,VNM,2021,48315600
Vietnam,VNM,2022,49854700
Vietnam,VNM,2023,47258700
West Germany,OWID_GFR,1970,219038657
West Germany,OWID_GFR,1971,215274295
West Germany,OWID_GFR,1972,212885305
West Germany,OWID_GFR,1973,216046787
West Germany,OWID_GFR,1974,220920248
West Germany,OWID_GFR,1975,215770000
West Germany,OWID_GFR,1976,223762000
West Germany,OWID_GFR,1977,207760000
West Germany,OWID_GFR,1978,207495000
West Germany,OWID_GFR,1979,216897439
West Germany,OWID_GFR,1980,216978911
West Germany,OWID_GFR,1981,219079000
West Germany,OWID_GFR,1982,216321000
West Germany,OWID_GFR,1983,206483000
West Germany,OWID_GFR,1984,206165000
West Germany,OWID_GFR,1985,203065000
West Germany,OWID_GFR,1986,195111000
West Germany,OWID_GFR,1987,185099000
West Germany,OWID_GFR,1988,181867000
West Germany,OWID_GFR,1989,181509000
West Germany,OWID_GFR,1990,177684000
World,OWID_WRL,1970,2793586947
World,OWID_WRL,1971,2799453597
World,OWID_WRL,1972,2869926031
World,OWID_WRL,1973,2891016819
World,OWID_WRL,1974,2998665189
World,OWID_WRL,1975,3125380673
World,OWID_WRL,1976,3227056562
World,OWID_WRL,1977,3389220649
World,OWID_WRL,1978,3436366965
World,OWID_WRL,1979,3598773410
World,OWID_WRL,1980,3678407314
World,OWID_WRL,1981,3843616787
World,OWID_WRL,1982,3995611172
World,OWID_WRL,1983,4017601206
World,OWID_WRL,1984,4230768882
World,OWID_WRL,1985,4455579448
World,OWID_WRL,1986,4458508296
World,OWID_WRL,1987,4668996349
World,OWID_WRL,1988,4783060688
World,OWID_WRL,1989,4864746494
World,OWID_WRL,1990,4710623472
World,OWID_WRL,1991,4382547007
World,OWID_WRL,1992,4201403216
World,OWID_WRL,1993,4404125951
World,OWID_WRL,1994,4466721483
World,OWID_WRL,1995,4613598299
World,OWID_WRL,1996,4699204248
World,OWID_WRL,1997,4692177358
World,OWID_WRL,1998,4602005047
World,OWID_WRL,1999,4324022897
World,OWID_WRL,2000,4309879119
World,OWID_WRL,2001,4638974936
World,OWID_WRL,2002,4814984262
World,OWID_WRL,2003,5210507177
World,OWID_WRL,2004,5711137416
World,OWID_WRL,2005,6045690225
World,OWID_WRL,2006,6350177778
World,OWID_WRL,2007,6582670183
World,OWID_WRL,2008,6812842699
World,OWID_WRL,2009,6888037413
World,OWID_WRL,2010,7449600525
World,OWID_WRL,2011,7919750555
World,OWID_WRL,2012,8186299613
World,OWID_WRL,2013,8217517490
World,OWID_WRL,2014,8153411672
World,OWID_WRL,2015,7934566843
World,OWID_WRL,2016,7476610134
World,OWID_WRL,2017,7689777349
World,OWID_WRL,2018,7592127096
World,OWID_WRL,2019,7692051273
World,OWID_WRL,2020,7332273710
World,OWID_WRL,2021,7736602005
World,OWID_WRL,2022,8376573705
World,OWID_WRL,2023,9098092546
Yugoslavia,OWID_YGS,1970,28422000
Yugoslavia,OWID_YGS,1971,30902000
Yugoslavia,OWID_YGS,1972,31092000
Yugoslavia,OWID_YGS,1973,32491000
Yugoslavia,OWID_YGS,1974,33572000
Yugoslavia,OWID_YGS,1975,35408000
Yugoslavia,OWID_YGS,1976,36805000
Yugoslavia,OWID_YGS,1977,39083000
Yugoslavia,OWID_YGS,1978,39684000
Yugoslavia,OWID_YGS,1979,42114000
Yugoslavia,OWID_YGS,1980,47003015
Yugoslavia,OWID_YGS,1981,51923000
Yugoslavia,OWID_YGS,1982,54586514
Yugoslavia,OWID_YGS,1983,59391301
Yugoslavia,OWID_YGS,1984,65073589
Yugoslavia,OWID_YGS,1985,69496198
Yugoslavia,OWID_YGS,1986,69865175
Yugoslavia,OWID_YGS,1987,71873444
Yugoslavia,OWID_YGS,1988,72590611
Yugoslavia,OWID_YGS,1989,74631423
Yugoslavia,OWID_YGS,1990,76415113
Yugoslavia,OWID_YGS,1991,71275000
Zambia,ZMB,1970,623200
Zambia,ZMB,1971,812000
Zambia,ZMB,1972,958636
Zambia,ZMB,1973,940100
Zambia,ZMB,1974,809300
Zambia,ZMB,1975,898090
Zambia,ZMB,1976,772513
Zambia,ZMB,1977,708077
Zambia,ZMB,1978,615145
Zambia,ZMB,1979,598507
Zambia,ZMB,1980,579100
Zambia,ZMB,1981,507300
Zambia,ZMB,1982,603934
Zambia,ZMB,1983,452867
Zambia,ZMB,1984,510584
Zambia,ZMB,1985,471114
Zambia,ZMB,1986,557099
Zambia,ZMB,1987,463072
Zambia,ZMB,1988,523651
Zambia,ZMB,1989,394839
Zambia,ZMB,1990,381501
Zambia,ZMB,1991,420000
Zambia,ZMB,1992,421989
Zambia,ZMB,1993,301496
Zambia,ZMB,1994,162899
Zambia,ZMB,1995,141282
Zambia,ZMB,1996,128063
Zambia,ZMB,1997,164443
Zambia,ZMB,1998,185717
Zambia,ZMB,1999,127854
Zambia,ZMB,2000,168000
Zambia,ZMB,2001,104600
Zambia,ZMB,2002,71700
Zambia,ZMB,2003,718000
Zambia,ZMB,2004,240000
Zambia,ZMB,2005,240000
Zambia,ZMB,2006,64849
Zambia,ZMB,2007,14058
Zambia,ZMB,2008,14000
Zambia,ZMB,2009,14000
Zambia,ZMB,2012,51710
Zambia,ZMB,2013,175994
Zambia,ZMB,2014,158757
Zambia,ZMB,2015,103439
Zambia,ZMB,2016,129470
Zambia,ZMB,2017,208608
Zambia,ZMB,2018,361871
Zambia,ZMB,2019,335042
Zambia,ZMB,2020,446153
Zambia,ZMB,2021,663345
Zambia,ZMB,2022,691288
Zambia,ZMB,2023,706115
Zimbabwe,ZWE,1970,3170820
Zimbabwe,ZWE,1971,3092533
Zimbabwe,ZWE,1972,2762297
Zimbabwe,ZWE,1973,3064789
Zimbabwe,ZWE,1974,3300391
Zimbabwe,ZWE,1975,3300385
Zimbabwe,ZWE,1976,3678776
Zimbabwe,ZWE,1977,3029477
Zimbabwe,ZWE,1978,3065804
Zimbabwe,ZWE,1979,3186433
Zimbabwe,ZWE,1980,3133036
Zimbabwe,ZWE,1981,2867000
Zimbabwe,ZWE,1982,2769000
Zimbabwe,ZWE,1983,3326000
Zimbabwe,ZWE,1984,3109000
Zimbabwe,ZWE,1985,3114000
Zimbabwe,ZWE,1986,4047000
Zimbabwe,ZWE,1987,4831000
Zimbabwe,ZWE,1988,5065000
Zimbabwe,ZWE,1989,5112000
Zimbabwe,ZWE,1990,5504000
Zimbabwe,ZWE,1991,5616000
Zimbabwe,ZWE,1992,5546884
Zimbabwe,ZWE,1993,5284734
Zimbabwe,ZWE,1994,5515336
Zimbabwe,ZWE,1995,5537579
Zimbabwe,ZWE,1996,5174685
Zimbabwe,ZWE,1997,5300749
Zimbabwe,ZWE,1998,5046977
Zimbabwe,ZWE,1999,4977355
Zimbabwe,ZWE,2000,3986202
Zimbabwe,ZWE,2001,4511447
Zimbabwe,ZWE,2002,3938175
Zimbabwe,ZWE,2003,2824362
Zimbabwe,ZWE,2004,3797669
Zimbabwe,ZWE,2005,3370826
Zimbabwe,ZWE,2006,2107115
Zimbabwe,ZWE,2007,2080221
Zimbabwe,ZWE,2008,1509080
Zimbabwe,ZWE,2009,1667346
Zimbabwe,ZWE,2010,2668183
Zimbabwe,ZWE,2011,2562054
Zimbabwe,ZWE,2012,1593600
Zimbabwe,ZWE,2013,3114200
Zimbabwe,ZWE,2014,5782600
Zimbabwe,ZWE,2015,4336100
Zimbabwe,ZWE,2016,1635800
Zimbabwe,ZWE,2017,2928000
Zimbabwe,ZWE,2018,3347500
Zimbabwe,ZWE,2019,2729922
Zimbabwe,ZWE,2020,2750883
Zimbabwe,ZWE,2021,3246000
Zimbabwe,ZWE,2022,4185417
Zimbabwe,ZWE,2023,4898735