Entity,Code,Year,production|Silver|Mine|tonnes
Algeria,DZA,1970,3
Algeria,DZA,1971,6.221
Algeria,DZA,1972,6.843
Algeria,DZA,1973,5.288
Algeria,DZA,1974,4.043
Algeria,DZA,1975,3.732
Algeria,DZA,1976,2.5
Algeria,DZA,1977,1.25
Algeria,DZA,1978,2.5
Algeria,DZA,1979,3.1
Algeria,DZA,1980,3.1
Algeria,DZA,1981,3.4
Algeria,DZA,1982,3.4
Algeria,DZA,1983,3.7
Algeria,DZA,1984,3.7
Algeria,DZA,1985,3.7
Algeria,DZA,1986,3.7
Algeria,DZA,1987,3.7
Algeria,DZA,1988,3
Algeria,DZA,1989,3
Algeria,DZA,1990,2
Algeria,DZA,1991,3.5
Algeria,DZA,1992,3.5
Algeria,DZA,1993,3
Algeria,DZA,1994,3
Algeria,DZA,1995,2
Algeria,DZA,1996,1.6
Algeria,DZA,1997,1.5
Algeria,DZA,1998,1.5
Algeria,DZA,1999,1.5
Algeria,DZA,2000,1.5
Algeria,DZA,2001,1.7
Algeria,DZA,2002,1.4
Algeria,DZA,2003,0.5
Algeria,DZA,2004,0
Algeria,DZA,2005,0.8
Algeria,DZA,2006,0.5
Algeria,DZA,2007,0.5
Algeria,DZA,2008,0.114
Algeria,DZA,2009,0.2
Algeria,DZA,2010,0.147
Algeria,DZA,2011,0.07
Algeria,DZA,2012,0.042
Algeria,DZA,2013,0.027
Algeria,DZA,2014,0.016
Algeria,DZA,2015,0.02
Algeria,DZA,2016,0.02
Algeria,DZA,2017,0.02
Algeria,DZA,2018,0.1
Algeria,DZA,2019,0.05
Algeria,DZA,2020,0
Algeria,DZA,2021,0.012
Algeria,DZA,2022,0
Algeria,DZA,2023,0
Argentina,ARG,1970,63.8
Argentina,ARG,1971,98.873
Argentina,ARG,1972,101.823
Argentina,ARG,1973,75.935
Argentina,ARG,1974,96.455
Argentina,ARG,1975,72.046
Argentina,ARG,1976,69.993
Argentina,ARG,1977,76.225
Argentina,ARG,1978,63.466
Argentina,ARG,1979,68.714
Argentina,ARG,1980,73.309
Argentina,ARG,1981,78.326
Argentina,ARG,1982,83.489
Argentina,ARG,1983,77.767
Argentina,ARG,1984,61.698
Argentina,ARG,1985,67.5
Argentina,ARG,1986,66.371
Argentina,ARG,1987,59.665
Argentina,ARG,1988,79.415
Argentina,ARG,1989,83.126
Argentina,ARG,1990,82.657
Argentina,ARG,1991,69.959
Argentina,ARG,1992,45.374
Argentina,ARG,1993,42.744
Argentina,ARG,1994,38.032
Argentina,ARG,1995,47.787
Argentina,ARG,1996,50.399
Argentina,ARG,1997,52.55
Argentina,ARG,1998,35.768
Argentina,ARG,1999,73.785
Argentina,ARG,2000,78.271
Argentina,ARG,2001,152.802
Argentina,ARG,2002,125.878
Argentina,ARG,2003,133.907
Argentina,ARG,2004,172.4
Argentina,ARG,2005,263.766
Argentina,ARG,2006,245.124
Argentina,ARG,2007,255.567
Argentina,ARG,2008,355.596
Argentina,ARG,2009,415.235
Argentina,ARG,2010,693.6
Argentina,ARG,2011,702
Argentina,ARG,2012,750
Argentina,ARG,2013,774.47
Argentina,ARG,2014,905.1
Argentina,ARG,2015,1175.246
Argentina,ARG,2016,1055.7
Argentina,ARG,2017,997.961
Argentina,ARG,2018,1023.768
Argentina,ARG,2019,1025
Argentina,ARG,2020,710
Argentina,ARG,2021,720
Argentina,ARG,2022,913
Argentina,ARG,2023,808
Argentina,ARG,2024,800
Armenia,ARM,1999,0
Armenia,ARM,2000,0
Armenia,ARM,2001,0
Armenia,ARM,2002,5.5
Armenia,ARM,2003,4
Armenia,ARM,2004,4
Armenia,ARM,2005,4
Armenia,ARM,2006,4
Armenia,ARM,2007,6.9
Armenia,ARM,2008,9.2
Armenia,ARM,2009,9
Armenia,ARM,2010,16.4
Armenia,ARM,2011,16.1
Armenia,ARM,2012,14
Armenia,ARM,2013,14.083
Armenia,ARM,2014,13.295
Armenia,ARM,2015,14.344
Armenia,ARM,2016,16
Armenia,ARM,2017,18.5
Armenia,ARM,2018,15
Armenia,ARM,2019,17.325
Armenia,ARM,2020,18.28
Armenia,ARM,2021,18.983
Armenia,ARM,2022,18.417
Armenia,ARM,2023,15.3
Australia,AUS,1970,808.443
Australia,AUS,1971,678.418
Australia,AUS,1972,680.685
Australia,AUS,1973,707.414
Australia,AUS,1974,669.954
Australia,AUS,1975,726.218
Australia,AUS,1976,778.658
Australia,AUS,1977,856.11
Australia,AUS,1978,812.524
Australia,AUS,1979,832.21
Australia,AUS,1980,766.816
Australia,AUS,1981,743.557
Australia,AUS,1982,906.863
Australia,AUS,1983,1032.895
Australia,AUS,1984,972.303
Australia,AUS,1985,1085.933
Australia,AUS,1986,1022.761
Australia,AUS,1987,1119.3
Australia,AUS,1988,1134.332
Australia,AUS,1989,1075
Australia,AUS,1990,1173
Australia,AUS,1991,1180
Australia,AUS,1992,1218
Australia,AUS,1993,1152
Australia,AUS,1994,1045
Australia,AUS,1995,939
Australia,AUS,1996,1013
Australia,AUS,1997,1106
Australia,AUS,1998,1473
Australia,AUS,1999,1715
Australia,AUS,2000,2059
Australia,AUS,2001,1970
Australia,AUS,2002,2077
Australia,AUS,2003,1868
Australia,AUS,2004,2209
Australia,AUS,2005,2416.646
Australia,AUS,2006,1727.856
Australia,AUS,2007,1878.62
Australia,AUS,2008,1895.939
Australia,AUS,2009,1702.095
Australia,AUS,2010,1879.222
Australia,AUS,2011,1725.006
Australia,AUS,2012,1726.933
Australia,AUS,2013,1839.782
Australia,AUS,2014,1846.847
Australia,AUS,2015,1430.298
Australia,AUS,2016,1418.219
Australia,AUS,2017,1120.175
Australia,AUS,2018,1254.48
Australia,AUS,2019,1325.089
Australia,AUS,2020,1340
Australia,AUS,2021,1360
Australia,AUS,2022,1167
Australia,AUS,2023,1030
Australia,AUS,2024,1000
Austria,AUT,1970,5.47
Austria,AUT,1971,6.84
Austria,AUT,1972,5.97
Austria,AUT,1973,5.98
Azerbaijan,AZE,2007,0
Azerbaijan,AZE,2008,0
Azerbaijan,AZE,2009,0
Azerbaijan,AZE,2010,1.4
Azerbaijan,AZE,2011,4.175
Azerbaijan,AZE,2012,0.626
Azerbaijan,AZE,2013,2.051
Azerbaijan,AZE,2014,0.97
Azerbaijan,AZE,2015,0.89
Azerbaijan,AZE,2016,5.136
Azerbaijan,AZE,2017,8.076
Azerbaijan,AZE,2018,8.943
Azerbaijan,AZE,2019,8.162
Azerbaijan,AZE,2020,7.595
Azerbaijan,AZE,2021,8.988
Azerbaijan,AZE,2022,12.6
Azerbaijan,AZE,2023,5.212
Bolivia,BOL,1970,180
Bolivia,BOL,1971,172
Bolivia,BOL,1972,143.2
Bolivia,BOL,1973,161.746
Bolivia,BOL,1974,148.52
Bolivia,BOL,1975,155.702
Bolivia,BOL,1976,176.914
Bolivia,BOL,1977,183.098
Bolivia,BOL,1978,200.284
Bolivia,BOL,1979,178.592
Bolivia,BOL,1980,190.176
Bolivia,BOL,1981,205.241
Bolivia,BOL,1982,170.337
Bolivia,BOL,1983,191.103
Bolivia,BOL,1984,141.36
Bolivia,BOL,1985,111.352
Bolivia,BOL,1986,87.859
Bolivia,BOL,1987,141.881
Bolivia,BOL,1988,231.766
Bolivia,BOL,1989,267.086
Bolivia,BOL,1990,310.543
Bolivia,BOL,1991,337.01
Bolivia,BOL,1992,282.35
Bolivia,BOL,1993,332.768
Bolivia,BOL,1994,352.083
Bolivia,BOL,1995,425.053
Bolivia,BOL,1996,384.384
Bolivia,BOL,1997,387.2
Bolivia,BOL,1998,403.961
Bolivia,BOL,1999,422.492
Bolivia,BOL,2000,433.59
Bolivia,BOL,2001,407.998
Bolivia,BOL,2002,450.311
Bolivia,BOL,2003,465.309
Bolivia,BOL,2004,406.957
Bolivia,BOL,2005,418.505
Bolivia,BOL,2006,472.208
Bolivia,BOL,2007,524.989
Bolivia,BOL,2008,1113.764
Bolivia,BOL,2009,1325.73
Bolivia,BOL,2010,1262.483
Bolivia,BOL,2011,1217.403
Bolivia,BOL,2012,1207.595
Bolivia,BOL,2013,1295.222
Bolivia,BOL,2014,1346.941
Bolivia,BOL,2015,1306.977
Bolivia,BOL,2016,1356.62
Bolivia,BOL,2017,1222.371
Bolivia,BOL,2018,1191.024
Bolivia,BOL,2019,1157.58
Bolivia,BOL,2020,930
Bolivia,BOL,2021,1290
Bolivia,BOL,2022,1214
Bolivia,BOL,2023,1350
Bolivia,BOL,2024,1300
Botswana,BWA,2009,0
Botswana,BWA,2010,0
Botswana,BWA,2011,0
Botswana,BWA,2012,8.7
Botswana,BWA,2013,22.597
Botswana,BWA,2014,22.288
Botswana,BWA,2015,2.801
Botswana,BWA,2017,0
Botswana,BWA,2018,0
Botswana,BWA,2019,0
Botswana,BWA,2020,0
Botswana,BWA,2021,10.383
Botswana,BWA,2022,31.174
Botswana,BWA,2023,42.955
Brazil,BRA,1970,11.108
Brazil,BRA,1971,19.408
Brazil,BRA,1972,13.81
Brazil,BRA,1973,15.892
Brazil,BRA,1974,16.378
Brazil,BRA,1975,7.323
Brazil,BRA,1976,0.626
Brazil,BRA,1977,11.583
Brazil,BRA,1978,15.723
Brazil,BRA,1979,33.579
Brazil,BRA,1980,24.394
Brazil,BRA,1981,19.3
Brazil,BRA,1982,23.625
Brazil,BRA,1983,15.112
Brazil,BRA,1984,25.796
Brazil,BRA,1985,55.263
Brazil,BRA,1986,59.514
Brazil,BRA,1987,61.095
Brazil,BRA,1988,70
Brazil,BRA,1989,64
Brazil,BRA,1990,60
Brazil,BRA,1991,27
Brazil,BRA,1992,21.17
Brazil,BRA,1993,20.65
Brazil,BRA,1994,14.76
Brazil,BRA,1995,13
Brazil,BRA,1996,12
Brazil,BRA,1997,10
Brazil,BRA,1998,10
Brazil,BRA,1999,10
Brazil,BRA,2000,10
Brazil,BRA,2001,10
Brazil,BRA,2002,10
Brazil,BRA,2003,6.496
Brazil,BRA,2004,6.192
Brazil,BRA,2005,6.672
Brazil,BRA,2006,10
Brazil,BRA,2007,18.62
Brazil,BRA,2008,17.412
Brazil,BRA,2009,14.59
Brazil,BRA,2010,14.63
Brazil,BRA,2011,15.238
Brazil,BRA,2012,20.145
Brazil,BRA,2013,22.427
Brazil,BRA,2014,32.3
Brazil,BRA,2015,44.142
Brazil,BRA,2016,48.793
Brazil,BRA,2017,41.9
Brazil,BRA,2018,49.6
Brazil,BRA,2019,68.4
Brazil,BRA,2020,68.4
Brazil,BRA,2021,71.5
Brazil,BRA,2022,74.7
Brazil,BRA,2023,102.6
Bulgaria,BGR,1972,25
Bulgaria,BGR,1973,25
Bulgaria,BGR,1974,25
Bulgaria,BGR,1975,25
Bulgaria,BGR,1976,28
Bulgaria,BGR,1977,25
Bulgaria,BGR,1978,28
Bulgaria,BGR,1979,25
Bulgaria,BGR,1980,24
Bulgaria,BGR,1981,23
Bulgaria,BGR,1982,25
Bulgaria,BGR,1983,25
Bulgaria,BGR,1984,26
Bulgaria,BGR,1985,26
Bulgaria,BGR,1986,26
Bulgaria,BGR,1987,80
Bulgaria,BGR,1988,71
Bulgaria,BGR,1989,59
Bulgaria,BGR,1990,54
Bulgaria,BGR,1991,37.3
Bulgaria,BGR,1992,33
Bulgaria,BGR,1993,30
Bulgaria,BGR,1994,29
Bulgaria,BGR,1995,29
Bulgaria,BGR,1996,48.77
Bulgaria,BGR,1997,31.53
Bulgaria,BGR,1998,23.79
Bulgaria,BGR,1999,58.726
Bulgaria,BGR,2000,54.534
Bulgaria,BGR,2001,56.806
Bulgaria,BGR,2002,60
Bulgaria,BGR,2003,60
Bulgaria,BGR,2004,45
Bulgaria,BGR,2005,55
Bulgaria,BGR,2006,65
Bulgaria,BGR,2007,55
Bulgaria,BGR,2008,55
Bulgaria,BGR,2009,55
Bulgaria,BGR,2010,55
Bulgaria,BGR,2011,55
Bulgaria,BGR,2012,55
Bulgaria,BGR,2013,55.637
Bulgaria,BGR,2014,50.2
Bulgaria,BGR,2015,37.955
Bulgaria,BGR,2016,52.526
Bulgaria,BGR,2017,59.484
Bulgaria,BGR,2018,47.016
Bulgaria,BGR,2019,40.755
Bulgaria,BGR,2020,39.128
Bulgaria,BGR,2021,40.7
Bulgaria,BGR,2022,26.3
Bulgaria,BGR,2023,23.4
Burkina Faso,BFA,2006,0
Burkina Faso,BFA,2007,0.1
Burkina Faso,BFA,2008,0.8
Burkina Faso,BFA,2009,1.8
Burkina Faso,BFA,2010,3.5
Burkina Faso,BFA,2011,5
Burkina Faso,BFA,2012,4.5
Burkina Faso,BFA,2013,19.5
Burkina Faso,BFA,2014,5.4
Burkina Faso,BFA,2015,5.5
Burkina Faso,BFA,2016,5.8
Burkina Faso,BFA,2017,7
Burkina Faso,BFA,2018,8
Burkina Faso,BFA,2019,7.7
Burkina Faso,BFA,2020,10.012
Burkina Faso,BFA,2021,9.9
Burkina Faso,BFA,2022,7.3
Burkina Faso,BFA,2023,7.9
Canada,CAN,1970,1376.386
Canada,CAN,1971,1431.526
Canada,CAN,1972,1393.193
Canada,CAN,1973,1477.029
Canada,CAN,1974,1331.531
Canada,CAN,1975,1234.642
Canada,CAN,1976,1281.437
Canada,CAN,1977,1313.685
Canada,CAN,1978,1266.927
Canada,CAN,1979,1146.908
Canada,CAN,1980,1069.635
Canada,CAN,1981,1129.394
Canada,CAN,1982,1313.63
Canada,CAN,1983,1197.031
Canada,CAN,1984,1326.72
Canada,CAN,1985,1197.072
Canada,CAN,1986,1087.989
Canada,CAN,1987,1452.483
Canada,CAN,1988,1483.816
Canada,CAN,1989,1370.737
Canada,CAN,1990,1501.451
Canada,CAN,1991,1338.799
Canada,CAN,1992,1215.388
Canada,CAN,1993,895.837
Canada,CAN,1994,767.842
Canada,CAN,1995,1284.757
Canada,CAN,1996,1308.758
Canada,CAN,1997,1223.953
Canada,CAN,1998,1195.943
Canada,CAN,1999,1246.357
Canada,CAN,2000,1212.386
Canada,CAN,2001,1320.03
Canada,CAN,2002,1407.558
Canada,CAN,2003,1310.153
Canada,CAN,2004,1337.465
Canada,CAN,2005,1123.837
Canada,CAN,2006,995.024
Canada,CAN,2007,860.449
Canada,CAN,2008,755.103
Canada,CAN,2009,617.777
Canada,CAN,2010,591.482
Canada,CAN,2011,661.089
Canada,CAN,2012,685.255
Canada,CAN,2013,640.362
Canada,CAN,2014,495.403
Canada,CAN,2015,383.807
Canada,CAN,2016,385.134
Canada,CAN,2017,389.568
Canada,CAN,2018,404
Canada,CAN,2019,398.773
Canada,CAN,2020,306.913
Canada,CAN,2021,300.272
Canada,CAN,2022,289.645
Canada,CAN,2023,306
Canada,CAN,2024,300
Chile,CHL,1970,74.42
Chile,CHL,1971,84.897
Chile,CHL,1972,145.849
Chile,CHL,1973,156.608
Chile,CHL,1974,207.558
Chile,CHL,1975,193.96
Chile,CHL,1976,228.35
Chile,CHL,1977,263.179
Chile,CHL,1978,255.374
Chile,CHL,1979,271.836
Chile,CHL,1980,298.545
Chile,CHL,1981,361.107
Chile,CHL,1982,382.188
Chile,CHL,1983,468.276
Chile,CHL,1984,490.365
Chile,CHL,1985,517.333
Chile,CHL,1986,500.077
Chile,CHL,1987,499.761
Chile,CHL,1988,506.501
Chile,CHL,1989,545.412
Chile,CHL,1990,654.603
Chile,CHL,1991,676.339
Chile,CHL,1992,1024.823
Chile,CHL,1993,970.068
Chile,CHL,1994,983.005
Chile,CHL,1995,1041.098
Chile,CHL,1996,1147.002
Chile,CHL,1997,1091.311
Chile,CHL,1998,1340.199
Chile,CHL,1999,1380.711
Chile,CHL,2000,1242.194
Chile,CHL,2001,1348.667
Chile,CHL,2002,1210.473
Chile,CHL,2003,1312.789
Chile,CHL,2004,1360.14
Chile,CHL,2005,1399.539
Chile,CHL,2006,1607.164
Chile,CHL,2007,1936.465
Chile,CHL,2008,1405.02
Chile,CHL,2009,1301.018
Chile,CHL,2010,1286.688
Chile,CHL,2011,1291.272
Chile,CHL,2012,1194.521
Chile,CHL,2013,1173.845
Chile,CHL,2014,1571.788
Chile,CHL,2015,1504.271
Chile,CHL,2016,1501.436
Chile,CHL,2017,1318.582
Chile,CHL,2018,1370.237
Chile,CHL,2019,1309.321
Chile,CHL,2020,1580
Chile,CHL,2021,1280
Chile,CHL,2022,1274
Chile,CHL,2023,1260
Chile,CHL,2024,1200
China,CHN,1970,25
China,CHN,1971,30
China,CHN,1972,30
China,CHN,1973,30
China,CHN,1974,30
China,CHN,1975,30
China,CHN,1976,30
China,CHN,1977,50
China,CHN,1978,55
China,CHN,1979,60
China,CHN,1980,60
China,CHN,1981,65
China,CHN,1982,70
China,CHN,1983,80
China,CHN,1984,80
China,CHN,1985,100
China,CHN,1986,105
China,CHN,1987,125
China,CHN,1988,145
China,CHN,1989,165
China,CHN,1990,150
China,CHN,1991,180
China,CHN,1992,803.8
China,CHN,1993,840
China,CHN,1994,810
China,CHN,1995,910
China,CHN,1996,1140
China,CHN,1997,1300
China,CHN,1998,1299
China,CHN,1999,1378.714
China,CHN,2000,1569.145
China,CHN,2001,2013.25
China,CHN,2002,2200
China,CHN,2003,2400
China,CHN,2004,2450
China,CHN,2005,2500
China,CHN,2006,2600
China,CHN,2007,2700
China,CHN,2008,2800
China,CHN,2009,2900
China,CHN,2010,3085.441
China,CHN,2011,3231.626
China,CHN,2012,3639.1
China,CHN,2013,3673.3
China,CHN,2014,3673.3
China,CHN,2015,3421.355
China,CHN,2016,3496.003
China,CHN,2017,3620.4
China,CHN,2018,3421.355
China,CHN,2019,3443.128
China,CHN,2020,3380
China,CHN,2021,3500
China,CHN,2022,3480
China,CHN,2023,3400
China,CHN,2024,3300
Colombia,COL,1970,2.351
Colombia,COL,1971,2.074
Colombia,COL,1972,2.167
Colombia,COL,1973,2.346
Colombia,COL,1974,2.342
Colombia,COL,1975,2.727
Colombia,COL,1976,3.288
Colombia,COL,1977,2.829
Colombia,COL,1978,2.388
Colombia,COL,1979,3.09
Colombia,COL,1980,4.714
Colombia,COL,1981,4.44
Colombia,COL,1982,4.232
Colombia,COL,1983,3.078
Colombia,COL,1984,4.044
Colombia,COL,1985,4.768
Colombia,COL,1986,5.822
Colombia,COL,1987,5.198
Colombia,COL,1988,6.562
Colombia,COL,1989,6.847
Colombia,COL,1990,6.631
Colombia,COL,1991,8.036
Colombia,COL,1992,8.292
Colombia,COL,1993,7.328
Colombia,COL,1994,5.898
Colombia,COL,1995,5.915
Colombia,COL,1996,6.407
Colombia,COL,1997,3.515
Colombia,COL,1998,5.218
Colombia,COL,1999,7.593
Colombia,COL,2000,7.97
Colombia,COL,2001,7.242
Colombia,COL,2002,6.986
Colombia,COL,2003,9.511
Colombia,COL,2004,8.542
Colombia,COL,2005,7.142
Colombia,COL,2006,8.399
Colombia,COL,2007,9.766
Colombia,COL,2008,9.162
Colombia,COL,2009,10.827
Colombia,COL,2010,15.3
Colombia,COL,2011,24.045
Colombia,COL,2012,19.451
Colombia,COL,2013,14.046
Colombia,COL,2014,11.692
Colombia,COL,2015,11.602
Colombia,COL,2016,11.866
Colombia,COL,2017,12.076
Colombia,COL,2018,16.691
Colombia,COL,2019,14.479
Colombia,COL,2020,20.337
Colombia,COL,2021,26.75
Colombia,COL,2022,35.78
Colombia,COL,2023,51.698
Costa Rica,CRI,2003,0
Costa Rica,CRI,2004,0
Costa Rica,CRI,2005,0.196
Costa Rica,CRI,2006,0.486
Costa Rica,CRI,2007,0.331
Cote d'Ivoire,CIV,2009,0
Cote d'Ivoire,CIV,2010,0
Cote d'Ivoire,CIV,2011,0.098
Cote d'Ivoire,CIV,2012,0.41
Cote d'Ivoire,CIV,2013,0.572
Cote d'Ivoire,CIV,2014,0.585
Cote d'Ivoire,CIV,2015,0.587
Cote d'Ivoire,CIV,2016,0.549
Cote d'Ivoire,CIV,2017,0.493
Cote d'Ivoire,CIV,2018,0.137
Cote d'Ivoire,CIV,2019,0.304
Cote d'Ivoire,CIV,2020,0.956
Cote d'Ivoire,CIV,2021,11.477
Cote d'Ivoire,CIV,2022,12
Cote d'Ivoire,CIV,2023,12
Croatia,HRV,1992,0.8
Cyprus,CYP,2013,0
Cyprus,CYP,2014,0
Cyprus,CYP,2015,0
Cyprus,CYP,2016,0
Cyprus,CYP,2017,0.099
Cyprus,CYP,2018,0.18
Cyprus,CYP,2019,0.097
Cyprus,CYP,2020,0.486
Cyprus,CYP,2021,0
Cyprus,CYP,2022,0
Cyprus,CYP,2023,0
Czechoslovakia,OWID_CZS,1970,35
Czechoslovakia,OWID_CZS,1971,35
Czechoslovakia,OWID_CZS,1972,35
Czechoslovakia,OWID_CZS,1973,35
Czechoslovakia,OWID_CZS,1974,40
Czechoslovakia,OWID_CZS,1975,37
Czechoslovakia,OWID_CZS,1976,37
Czechoslovakia,OWID_CZS,1977,37
Czechoslovakia,OWID_CZS,1978,36
Czechoslovakia,OWID_CZS,1979,35
Czechoslovakia,OWID_CZS,1980,35
Czechoslovakia,OWID_CZS,1981,35
Czechoslovakia,OWID_CZS,1982,33
Czechoslovakia,OWID_CZS,1983,30
Czechoslovakia,OWID_CZS,1984,32
Czechoslovakia,OWID_CZS,1985,32
Czechoslovakia,OWID_CZS,1986,33
Czechoslovakia,OWID_CZS,1987,34
Czechoslovakia,OWID_CZS,1988,25
Czechoslovakia,OWID_CZS,1989,24
Czechoslovakia,OWID_CZS,1990,26
Czechoslovakia,OWID_CZS,1991,28
Czechoslovakia,OWID_CZS,1992,20
Democratic Republic of Congo,COD,1970,61.404
Democratic Republic of Congo,COD,1971,45.73
Democratic Republic of Congo,COD,1972,64.637
Democratic Republic of Congo,COD,1973,62.052
Democratic Republic of Congo,COD,1974,51.29
Democratic Republic of Congo,COD,1975,88.99
Democratic Republic of Congo,COD,1976,71.3
Democratic Republic of Congo,COD,1977,84.9
Democratic Republic of Congo,COD,1978,89.1
Democratic Republic of Congo,COD,1979,91.7
Democratic Republic of Congo,COD,1980,78.756
Democratic Republic of Congo,COD,1981,80.119
Democratic Republic of Congo,COD,1982,59.176
Democratic Republic of Congo,COD,1983,39.501
Democratic Republic of Congo,COD,1984,37.78
Democratic Republic of Congo,COD,1985,42.772
Democratic Republic of Congo,COD,1986,34.3
Democratic Republic of Congo,COD,1987,36.767
Democratic Republic of Congo,COD,1988,74
Democratic Republic of Congo,COD,1989,70
Democratic Republic of Congo,COD,1990,84
Democratic Republic of Congo,COD,1991,50
Democratic Republic of Congo,COD,1992,35
Democratic Republic of Congo,COD,1993,10
Democratic Republic of Congo,COD,1994,1
Democratic Republic of Congo,COD,2000,0.5
Democratic Republic of Congo,COD,2001,0.5
Democratic Republic of Congo,COD,2002,2.1
Democratic Republic of Congo,COD,2003,35.7
Democratic Republic of Congo,COD,2004,69.7
Democratic Republic of Congo,COD,2005,53.6
Democratic Republic of Congo,COD,2006,67.6
Democratic Republic of Congo,COD,2007,76.2
Democratic Republic of Congo,COD,2008,34.1
Democratic Republic of Congo,COD,2009,0
Democratic Republic of Congo,COD,2010,5.875
Democratic Republic of Congo,COD,2011,9.187
Democratic Republic of Congo,COD,2012,12.342
Democratic Republic of Congo,COD,2013,60.431
Democratic Republic of Congo,COD,2014,6.485
Democratic Republic of Congo,COD,2015,2.401
Democratic Republic of Congo,COD,2016,0.8
Democratic Republic of Congo,COD,2017,3.4
Democratic Republic of Congo,COD,2018,3.4
Democratic Republic of Congo,COD,2019,3.4
Democratic Republic of Congo,COD,2020,3.4
Democratic Republic of Congo,COD,2021,3.4
Democratic Republic of Congo,COD,2022,3.4
Democratic Republic of Congo,COD,2023,3.4
Dominican Republic,DOM,1974,0
Dominican Republic,DOM,1975,3.39
Dominican Republic,DOM,1976,28.212
Dominican Republic,DOM,1977,57.617
Dominican Republic,DOM,1978,57.495
Dominican Republic,DOM,1979,70.797
Dominican Republic,DOM,1980,50.48
Dominican Republic,DOM,1981,63.255
Dominican Republic,DOM,1982,68.357
Dominican Republic,DOM,1983,41.342
Dominican Republic,DOM,1984,37.557
Dominican Republic,DOM,1985,49.184
Dominican Republic,DOM,1986,42.185
Dominican Republic,DOM,1987,33.995
Dominican Republic,DOM,1988,44.153
Dominican Republic,DOM,1989,21.786
Dominican Republic,DOM,1990,22.861
Dominican Republic,DOM,1991,21.955
Dominican Republic,DOM,1992,13.471
Dominican Republic,DOM,1993,1.201
Dominican Republic,DOM,1994,9.209
Dominican Republic,DOM,1995,21.066
Dominican Republic,DOM,1996,17.018
Dominican Republic,DOM,1997,12.407
Dominican Republic,DOM,1998,7.409
Dominican Republic,DOM,1999,3.14
Dominican Republic,DOM,2005,0
Dominican Republic,DOM,2006,0
Dominican Republic,DOM,2007,0
Dominican Republic,DOM,2008,2.934
Dominican Republic,DOM,2009,23.12
Dominican Republic,DOM,2010,22.816
Dominican Republic,DOM,2011,18.169
Dominican Republic,DOM,2012,27.296
Dominican Republic,DOM,2013,78.228
Dominican Republic,DOM,2014,135.024
Dominican Republic,DOM,2015,95.705
Dominican Republic,DOM,2016,121.748
Dominican Republic,DOM,2017,151.756
Dominican Republic,DOM,2018,166.499
Dominican Republic,DOM,2019,108.685
Dominican Republic,DOM,2020,87.889
Dominican Republic,DOM,2021,79.687
Dominican Republic,DOM,2022,73.413
Dominican Republic,DOM,2023,52.042
East Germany,OWID_GDR,1970,75
East Germany,OWID_GDR,1971,75
East Germany,OWID_GDR,1972,70
East Germany,OWID_GDR,1973,60
East Germany,OWID_GDR,1974,60
East Germany,OWID_GDR,1975,55
East Germany,OWID_GDR,1976,50
East Germany,OWID_GDR,1977,50
East Germany,OWID_GDR,1978,50
East Germany,OWID_GDR,1979,48
East Germany,OWID_GDR,1980,47
East Germany,OWID_GDR,1981,45
East Germany,OWID_GDR,1982,45
East Germany,OWID_GDR,1983,43
East Germany,OWID_GDR,1984,40
East Germany,OWID_GDR,1985,61
East Germany,OWID_GDR,1986,60
East Germany,OWID_GDR,1987,60
East Germany,OWID_GDR,1988,60
East Germany,OWID_GDR,1989,59.7
East Germany,OWID_GDR,1990,20
Ecuador,ECU,1970,2.17
Ecuador,ECU,1971,2.253
Ecuador,ECU,1972,2.161
Ecuador,ECU,1973,1.764
Ecuador,ECU,1974,1.097
Ecuador,ECU,1975,1.152
Ecuador,ECU,1976,1.471
Ecuador,ECU,1977,1.776
Ecuador,ECU,1978,0.9
Ecuador,ECU,1979,1.1
Ecuador,ECU,1980,0.9
Ecuador,ECU,1981,1
Ecuador,ECU,1982,0.313
Ecuador,ECU,2004,0.372
Ecuador,ECU,2005,0.283
Ecuador,ECU,2006,0.159
Ecuador,ECU,2007,0.449
Ecuador,ECU,2008,0.305
Ecuador,ECU,2009,0.116
Ecuador,ECU,2010,1.169
Ecuador,ECU,2011,1.589
Ecuador,ECU,2012,2.934
Ecuador,ECU,2013,1.198
Ecuador,ECU,2014,0.577
Ecuador,ECU,2015,2.521
Ecuador,ECU,2016,0.934
Ecuador,ECU,2017,0.068
Ecuador,ECU,2018,0.192
Ecuador,ECU,2019,2.892
Ecuador,ECU,2020,15
Ecuador,ECU,2021,34.9
Ecuador,ECU,2022,44.3
Ecuador,ECU,2023,53.6
El Salvador,SLV,1970,4.775
El Salvador,SLV,1971,6.694
El Salvador,SLV,1972,5.51
El Salvador,SLV,1973,3.816
El Salvador,SLV,1974,5.422
El Salvador,SLV,1975,5.591
El Salvador,SLV,1976,5.088
El Salvador,SLV,1977,3.484
El Salvador,SLV,1978,5.754
El Salvador,SLV,1979,4.715
El Salvador,SLV,1980,4.547
El Salvador,SLV,1981,4.261
El Salvador,SLV,1982,2.666
El Salvador,SLV,1983,0.684
El Salvador,SLV,1984,0.677
El Salvador,SLV,1985,0
El Salvador,SLV,1986,0
Eritrea,ERI,2009,0
Eritrea,ERI,2010,0
Eritrea,ERI,2011,4.417
Eritrea,ERI,2012,29.922
Eritrea,ERI,2013,15.799
Eritrea,ERI,2014,47.398
Eritrea,ERI,2015,38.91
Eritrea,ERI,2016,13.219
Eritrea,ERI,2017,1.192
Eritrea,ERI,2018,31
Eritrea,ERI,2019,44.836
Eritrea,ERI,2020,65.284
Eritrea,ERI,2021,68.624
Eritrea,ERI,2022,49.855
Eritrea,ERI,2023,48.532
Ethiopia,ETH,1997,0.2
Ethiopia,ETH,1998,0.5
Ethiopia,ETH,1999,0.689
Ethiopia,ETH,2000,1.018
Ethiopia,ETH,2001,3.545
Ethiopia,ETH,2002,0.9
Ethiopia,ETH,2003,0.999
Ethiopia,ETH,2004,1.133
Ethiopia,ETH,2005,0.883
Ethiopia,ETH,2006,0.902
Ethiopia,ETH,2007,0.7
Ethiopia,ETH,2008,2.714
Ethiopia,ETH,2009,0.771
Ethiopia,ETH,2010,0.771
Ethiopia,ETH,2011,0.715
Ethiopia,ETH,2012,2.4
Ethiopia,ETH,2013,1.4
Ethiopia,ETH,2014,1.02
Ethiopia,ETH,2015,1
Ethiopia,ETH,2016,0.745
Ethiopia,ETH,2017,1
Ethiopia,ETH,2018,0.34
Ethiopia,ETH,2019,0.4
Ethiopia,ETH,2020,0.4
Ethiopia,ETH,2021,0.4
Ethiopia,ETH,2022,0.4
Ethiopia,ETH,2023,0.4
Fiji,FJI,1970,0.828
Fiji,FJI,1971,0.619
Fiji,FJI,1972,0.596
Fiji,FJI,1973,0.88
Fiji,FJI,1974,0.947
Fiji,FJI,1975,0.871
Fiji,FJI,1976,0.615
Fiji,FJI,1977,0.457
Fiji,FJI,1978,0.323
Fiji,FJI,1979,0.324
Fiji,FJI,1980,0.214
Fiji,FJI,1981,0.26
Fiji,FJI,1982,0.576
Fiji,FJI,1983,0.412
Fiji,FJI,1984,0.52
Fiji,FJI,1985,0.442
Fiji,FJI,1986,0.785
Fiji,FJI,1987,0.815
Fiji,FJI,1988,0.988
Fiji,FJI,1989,1.055
Fiji,FJI,1990,0.775
Fiji,FJI,1991,0.485
Fiji,FJI,1992,1.255
Fiji,FJI,1993,1.112
Fiji,FJI,1994,1.498
Fiji,FJI,1995,2.078
Fiji,FJI,1996,1.984
Fiji,FJI,1997,2.654
Fiji,FJI,1998,1.787
Fiji,FJI,1999,2.159
Fiji,FJI,2000,1.475
Fiji,FJI,2001,2.109
Fiji,FJI,2002,1.901
Fiji,FJI,2003,1.247
Fiji,FJI,2004,1.523
Fiji,FJI,2005,1.418
Fiji,FJI,2006,0.494
Fiji,FJI,2007,0
Fiji,FJI,2008,0.265
Fiji,FJI,2009,0.313
Fiji,FJI,2010,0.328
Fiji,FJI,2011,0.418
Fiji,FJI,2012,0.342
Fiji,FJI,2013,0.462
Fiji,FJI,2014,0.361
Fiji,FJI,2015,0.354
Fiji,FJI,2016,0.354
Fiji,FJI,2017,0.35
Fiji,FJI,2018,0.358
Fiji,FJI,2019,0.692
Fiji,FJI,2020,0.479
Fiji,FJI,2021,0.622
Fiji,FJI,2022,0.475
Fiji,FJI,2023,0.607
Finland,FIN,1970,23.009
Finland,FIN,1971,19.367
Finland,FIN,1972,19.444
Finland,FIN,1973,24.676
Finland,FIN,1974,25.215
Finland,FIN,1975,23.16
Finland,FIN,1976,24.051
Finland,FIN,1977,33.002
Finland,FIN,1978,31.271
Finland,FIN,1979,42.408
Finland,FIN,1980,48.024
Finland,FIN,1981,61.702
Finland,FIN,1982,42.402
Finland,FIN,1983,45.008
Finland,FIN,1984,52.61
Finland,FIN,1985,48.704
Finland,FIN,1986,28.966
Finland,FIN,1987,33.216
Finland,FIN,1988,28.428
Finland,FIN,1989,34.832
Finland,FIN,1990,28.989
Finland,FIN,1991,26.643
Finland,FIN,1992,6.277
Finland,FIN,2000,10.324
Finland,FIN,2001,9.753
Finland,FIN,2002,11.968
Finland,FIN,2003,11.946
Finland,FIN,2004,13.244
Finland,FIN,2005,12.647
Finland,FIN,2006,10.422
Finland,FIN,2007,11.72
Finland,FIN,2008,11.258
Finland,FIN,2009,11.721
Finland,FIN,2010,11.02
Finland,FIN,2011,11.16
Finland,FIN,2012,10.479
Finland,FIN,2013,14.226
Finland,FIN,2014,12.83
Finland,FIN,2015,13.051
Finland,FIN,2016,16.348
Finland,FIN,2017,13.654
Finland,FIN,2018,12.849
Finland,FIN,2019,40.461
Finland,FIN,2020,54.833
Finland,FIN,2021,42.736
Finland,FIN,2022,36.359
Finland,FIN,2023,43.887
France,FRA,1970,71.012
France,FRA,1971,70.998
France,FRA,1972,64.805
France,FRA,1973,56.68
France,FRA,1974,52.557
France,FRA,1975,48.79
France,FRA,1976,84.632
France,FRA,1977,93.449
France,FRA,1978,85.667
France,FRA,1979,74.935
France,FRA,1980,73.772
France,FRA,1981,53.059
France,FRA,1982,30.768
France,FRA,1983,23.966
France,FRA,1984,25.259
France,FRA,1985,26.413
France,FRA,1986,25.884
France,FRA,1987,20.724
France,FRA,1988,22.2
France,FRA,1989,21.95
France,FRA,1990,22.19
France,FRA,1991,27.6
France,FRA,1992,13.3
France,FRA,1993,11.7
France,FRA,1994,2.861
France,FRA,1995,3.507
France,FRA,1996,2.718
France,FRA,1997,2.402
France,FRA,1998,1.027
France,FRA,1999,1.14
France,FRA,2000,0.723
France,FRA,2001,0.929
France,FRA,2002,0.709
France,FRA,2003,0.495
France,FRA,2004,0.682
Georgia,GEO,2015,18
Georgia,GEO,2016,20
Georgia,GEO,2017,21
Georgia,GEO,2018,20.042
Georgia,GEO,2019,7.584
Georgia,GEO,2020,11.172
Georgia,GEO,2021,12.674
Georgia,GEO,2022,22.42
Georgia,GEO,2023,24
Germany,DEU,1991,7.2
Germany,DEU,1992,1.8
Germany,DEU,1993,1.8
Germany,DEU,1994,1.8
Germany,DEU,2017,0.6
Germany,DEU,2018,0.5
Germany,DEU,2019,0.4
Germany,DEU,2020,0.4
Germany,DEU,2021,0.6
Germany,DEU,2022,7
Germany,DEU,2023,7
Ghana,GHA,1983,0.435
Ghana,GHA,1984,0.435
Ghana,GHA,1985,0.435
Ghana,GHA,1986,0.435
Ghana,GHA,1987,0.435
Ghana,GHA,1988,0.1
Ghana,GHA,1989,1.1
Ghana,GHA,1990,1.1
Ghana,GHA,1991,1.2
Ghana,GHA,1992,1.2
Ghana,GHA,1993,1.2
Ghana,GHA,1994,1.2
Ghana,GHA,1995,1.2
Ghana,GHA,1996,1.2
Ghana,GHA,1997,2.7
Ghana,GHA,1998,3.6
Ghana,GHA,1999,4
Ghana,GHA,2000,2.1
Ghana,GHA,2001,1.9
Ghana,GHA,2002,2.129
Ghana,GHA,2003,3.08
Ghana,GHA,2004,3.035
Ghana,GHA,2005,3.571
Ghana,GHA,2006,3.142
Ghana,GHA,2007,3.3
Ghana,GHA,2008,3.2
Ghana,GHA,2009,3.928
Ghana,GHA,2010,3.9
Ghana,GHA,2011,3.9
Ghana,GHA,2012,3.9
Ghana,GHA,2013,3.9
Ghana,GHA,2014,4.199
Ghana,GHA,2015,4
Ghana,GHA,2016,3.1
Ghana,GHA,2017,4
Ghana,GHA,2018,4
Ghana,GHA,2019,4
Ghana,GHA,2020,1
Ghana,GHA,2021,1
Ghana,GHA,2022,1
Ghana,GHA,2023,1
Greece,GRC,1970,13.061
Greece,GRC,1971,14.194
Greece,GRC,1972,11.534
Greece,GRC,1973,18.28
Greece,GRC,1974,48.3
Greece,GRC,1975,29.8
Greece,GRC,1976,57.4
Greece,GRC,1977,33.3
Greece,GRC,1978,42.3
Greece,GRC,1979,54.5
Greece,GRC,1980,52
Greece,GRC,1981,60.5
Greece,GRC,1982,49.2
Greece,GRC,1983,55.9
Greece,GRC,1984,57
Greece,GRC,1985,50.7
Greece,GRC,1986,53.7
Greece,GRC,1987,51.9
Greece,GRC,1988,61.3
Greece,GRC,1989,61.2
Greece,GRC,1990,62.6
Greece,GRC,1991,70.2
Greece,GRC,1992,61
Greece,GRC,1993,53.5
Greece,GRC,1994,44.9
Greece,GRC,1995,33
Greece,GRC,1996,16.7
Greece,GRC,1997,37.3
Greece,GRC,1998,44
Greece,GRC,1999,38.976
Greece,GRC,2000,30.644
Greece,GRC,2001,62.4
Greece,GRC,2002,74.8
Greece,GRC,2003,7
Greece,GRC,2004,0
Greece,GRC,2005,2.3
Greece,GRC,2006,24.7
Greece,GRC,2007,38.3
Greece,GRC,2008,33.5
Greece,GRC,2009,27.5
Greece,GRC,2010,29
Greece,GRC,2011,33.3
Greece,GRC,2012,39.8
Greece,GRC,2013,39.759
Greece,GRC,2014,35.785
Greece,GRC,2015,28.1
Greece,GRC,2016,29.3
Greece,GRC,2017,34.2
Greece,GRC,2018,34.9
Greece,GRC,2019,43.8
Greece,GRC,2020,50.3
Greece,GRC,2021,44.1
Greece,GRC,2022,32.87
Greece,GRC,2023,43
Greenland,GRL,1975,12.4
Greenland,GRL,1976,14.9
Greenland,GRL,1977,16.2
Greenland,GRL,1978,17.4
Greenland,GRL,1979,17.8
Greenland,GRL,1980,16.8
Greenland,GRL,1981,15.2
Greenland,GRL,1982,15
Greenland,GRL,1983,12.3
Greenland,GRL,1984,10.3
Greenland,GRL,1985,10.4
Greenland,GRL,1986,11.1
Greenland,GRL,1987,13.2
Greenland,GRL,1988,14.3
Greenland,GRL,1989,14.7
Greenland,GRL,1990,9.2
Greenland,GRL,1991,0
Greenland,GRL,2007,0
Greenland,GRL,2008,0
Greenland,GRL,2009,0
Greenland,GRL,2010,0
Greenland,GRL,2011,0.009
Greenland,GRL,2012,0.027
Greenland,GRL,2013,0.003
Guatemala,GTM,2004,0
Guatemala,GTM,2005,7.074
Guatemala,GTM,2006,49.719
Guatemala,GTM,2007,88.247
Guatemala,GTM,2008,99.131
Guatemala,GTM,2009,129.281
Guatemala,GTM,2010,194.681
Guatemala,GTM,2011,273.058
Guatemala,GTM,2012,204.681
Guatemala,GTM,2013,281.331
Guatemala,GTM,2014,858.349
Guatemala,GTM,2015,862.814
Guatemala,GTM,2016,837.815
Guatemala,GTM,2017,336.944
Honduras,HND,1970,118.682
Honduras,HND,1971,113.268
Honduras,HND,1972,111.82
Honduras,HND,1973,98.03
Honduras,HND,1974,113.872
Honduras,HND,1975,118.258
Honduras,HND,1976,99.036
Honduras,HND,1977,87.683
Honduras,HND,1978,84.236
Honduras,HND,1979,64.569
Honduras,HND,1980,54.935
Honduras,HND,1981,56.697
Honduras,HND,1982,52.221
Honduras,HND,1983,77.6
Honduras,HND,1984,89.068
Honduras,HND,1985,85.936
Honduras,HND,1986,41.061
Honduras,HND,1987,23.388
Honduras,HND,1988,49.483
Honduras,HND,1989,40.957
Honduras,HND,1990,30.866
Honduras,HND,1991,42.033
Honduras,HND,1992,35.353
Honduras,HND,1993,24.171
Honduras,HND,1994,27.634
Honduras,HND,1995,30.202
Honduras,HND,1996,36.378
Honduras,HND,1997,42.809
Honduras,HND,1998,42.898
Honduras,HND,1999,47.853
Honduras,HND,2000,53.195
Honduras,HND,2001,50.84
Honduras,HND,2002,56.176
Honduras,HND,2003,51.985
Honduras,HND,2004,48.792
Honduras,HND,2005,54.165
Honduras,HND,2006,55.036
Honduras,HND,2007,54.982
Honduras,HND,2008,59.484
Honduras,HND,2009,58.768
Honduras,HND,2010,59.787
Honduras,HND,2011,50.634
Honduras,HND,2012,51.896
Honduras,HND,2013,50.916
Honduras,HND,2014,58.826
Honduras,HND,2015,34.369
Honduras,HND,2016,17.6
Honduras,HND,2017,21.784
Honduras,HND,2018,31.181
Honduras,HND,2019,34.06
Honduras,HND,2020,34.26
Honduras,HND,2021,36.7
Honduras,HND,2022,34
Honduras,HND,2023,32
Hungary,HUN,1970,0.2
Hungary,HUN,1971,0.2
Hungary,HUN,1980,1.1
Hungary,HUN,1981,1
Hungary,HUN,1982,0.5
Hungary,HUN,1983,0.5
Hungary,HUN,1984,0.5
Hungary,HUN,1985,0.5
Hungary,HUN,1986,0
India,IND,1970,1.54
India,IND,1971,3.774
India,IND,1972,4.427
India,IND,1973,4.258
India,IND,1974,4.581
India,IND,1975,2.582
India,IND,1976,3.183
India,IND,1977,13.228
India,IND,1978,12.083
India,IND,1979,11.515
India,IND,1980,11.377
India,IND,1981,17.298
India,IND,1982,14.405
India,IND,1983,15.792
India,IND,1984,24.886
India,IND,1985,25.587
India,IND,1986,35.266
India,IND,1987,37.943
India,IND,1988,40.958
India,IND,1989,35.499
India,IND,1990,32.2
India,IND,1991,31.9
India,IND,1992,46.56
India,IND,1993,56.096
India,IND,1994,45.911
India,IND,1995,35.531
India,IND,1996,39.689
India,IND,1997,53.925
India,IND,1998,55.409
India,IND,1999,53.641
India,IND,2000,46.15
India,IND,2001,57.675
India,IND,2002,59.502
India,IND,2003,37.87
India,IND,2004,10.955
India,IND,2005,27.961
India,IND,2006,53.271
India,IND,2007,80.697
India,IND,2008,105.284
India,IND,2009,138.78
India,IND,2010,148.303
India,IND,2011,207.144
India,IND,2012,374.046
India,IND,2013,349.774
India,IND,2014,327.647
India,IND,2015,426.443
India,IND,2016,460.811
India,IND,2017,557.691
India,IND,2018,679.386
India,IND,2019,609.34
India,IND,2020,705.796
India,IND,2021,610
India,IND,2022,694
India,IND,2023,813
India,IND,2024,800
Indonesia,IDN,1970,8.8
Indonesia,IDN,1971,8.9
Indonesia,IDN,1972,8.684
Indonesia,IDN,1973,9.832
Indonesia,IDN,1974,6.414
Indonesia,IDN,1975,4.758
Indonesia,IDN,1976,3.397
Indonesia,IDN,1977,22.7
Indonesia,IDN,1978,25.6
Indonesia,IDN,1979,25.1
Indonesia,IDN,1980,19.956
Indonesia,IDN,1981,23.368
Indonesia,IDN,1982,32.039
Indonesia,IDN,1983,32.43
Indonesia,IDN,1984,33.32
Indonesia,IDN,1985,38.327
Indonesia,IDN,1986,46.467
Indonesia,IDN,1987,50.485
Indonesia,IDN,1988,61.538
Indonesia,IDN,1989,62.396
Indonesia,IDN,1990,66.723
Indonesia,IDN,1991,67.989
Indonesia,IDN,1992,99.904
Indonesia,IDN,1993,90.285
Indonesia,IDN,1994,107.026
Indonesia,IDN,1995,265.212
Indonesia,IDN,1996,255.404
Indonesia,IDN,1997,279.161
Indonesia,IDN,1998,348.974
Indonesia,IDN,1999,292.331
Indonesia,IDN,2000,314.032
Indonesia,IDN,2001,348.455
Indonesia,IDN,2002,293.52
Indonesia,IDN,2003,285.206
Indonesia,IDN,2004,262.935
Indonesia,IDN,2005,328.749
Indonesia,IDN,2006,261.398
Indonesia,IDN,2007,268.967
Indonesia,IDN,2008,226.051
Indonesia,IDN,2009,359.451
Indonesia,IDN,2010,335.04
Indonesia,IDN,2011,227.173
Indonesia,IDN,2012,247.827
Indonesia,IDN,2013,123.109
Indonesia,IDN,2014,119.189
Indonesia,IDN,2015,151.934
Indonesia,IDN,2016,185.234
Indonesia,IDN,2017,331.644
Indonesia,IDN,2018,335.491
Indonesia,IDN,2019,484.9
Indonesia,IDN,2020,338.1
Indonesia,IDN,2021,295.9
Indonesia,IDN,2022,298.6
Indonesia,IDN,2023,300
Iran,IRN,1982,0
Iran,IRN,1983,10
Iran,IRN,1984,20
Iran,IRN,1985,20
Iran,IRN,1986,25
Iran,IRN,1987,28
Iran,IRN,1988,30
Iran,IRN,1989,41
Iran,IRN,1990,38
Iran,IRN,1991,47.5
Iran,IRN,1992,60
Iran,IRN,1993,50
Iran,IRN,1994,60
Iran,IRN,1995,60
Iran,IRN,1996,20
Iran,IRN,1997,20
Iran,IRN,1998,18.8
Iran,IRN,1999,21.4
Iran,IRN,2000,20
Iran,IRN,2001,20
Iran,IRN,2002,23
Iran,IRN,2003,23
Iran,IRN,2004,25
Iran,IRN,2005,25
Iran,IRN,2006,30
Iran,IRN,2007,40
Iran,IRN,2008,40
Iran,IRN,2009,40
Iran,IRN,2010,40
Iran,IRN,2011,40
Iran,IRN,2012,40
Iran,IRN,2013,35
Iran,IRN,2014,34.945
Iran,IRN,2015,48.4
Iran,IRN,2016,50
Iran,IRN,2017,50
Iran,IRN,2018,50
Iran,IRN,2019,50
Iran,IRN,2020,50
Iran,IRN,2021,50
Iran,IRN,2022,50
Iran,IRN,2023,50
Ireland,IRL,1970,67
Ireland,IRL,1971,44.54
Ireland,IRL,1972,48.3
Ireland,IRL,1973,57.2
Ireland,IRL,1974,61.6
Ireland,IRL,1975,39.2
Ireland,IRL,1976,29
Ireland,IRL,1977,29.1
Ireland,IRL,1978,19.6
Ireland,IRL,1979,32.9
Ireland,IRL,1980,24
Ireland,IRL,1981,28
Ireland,IRL,1982,3.6
Ireland,IRL,1983,9.9
Ireland,IRL,1984,8.67
Ireland,IRL,1985,8.6
Ireland,IRL,1986,8.15
Ireland,IRL,1987,7.2
Ireland,IRL,1988,5.5
Ireland,IRL,1989,7.2
Ireland,IRL,1990,8.8
Ireland,IRL,1991,10.5
Ireland,IRL,1992,13.1
Ireland,IRL,1993,13
Ireland,IRL,1994,17.4
Ireland,IRL,1995,13.7
Ireland,IRL,1996,14.7
Ireland,IRL,1997,13.3
Ireland,IRL,1998,10.8
Ireland,IRL,1999,10.4
Ireland,IRL,2000,16.7
Ireland,IRL,2001,8.7
Ireland,IRL,2002,7.5
Ireland,IRL,2003,8.5
Ireland,IRL,2004,5.2
Ireland,IRL,2005,10.5
Ireland,IRL,2006,12.9
Ireland,IRL,2007,9.65
Ireland,IRL,2008,7.172
Ireland,IRL,2009,5.267
Ireland,IRL,2010,3.818
Ireland,IRL,2011,6.109
Ireland,IRL,2012,9.454
Ireland,IRL,2013,7.822
Ireland,IRL,2014,6.436
Ireland,IRL,2015,3.77
Ireland,IRL,2016,1.08
Ireland,IRL,2017,1.34
Ireland,IRL,2018,1.16
Ireland,IRL,2019,1.578
Ireland,IRL,2020,0.918
Ireland,IRL,2021,1.342
Ireland,IRL,2022,2.75
Ireland,IRL,2023,0.998
Italy,ITA,1970,33.073
Italy,ITA,1971,38.434
Italy,ITA,1972,67.508
Italy,ITA,1973,41.946
Italy,ITA,1974,41.81
Italy,ITA,1975,36.368
Italy,ITA,1976,48.403
Italy,ITA,1977,37.543
Italy,ITA,1978,30.708
Italy,ITA,1979,33.121
Italy,ITA,1980,42.499
Italy,ITA,1981,55.344
Italy,ITA,1982,55.737
Italy,ITA,1983,73.45
Italy,ITA,1984,48.338
Italy,ITA,1985,71.572
Italy,ITA,1986,18
Italy,ITA,1987,14
Italy,ITA,1988,16
Italy,ITA,1989,14
Italy,ITA,1990,14
Italy,ITA,1991,13.6
Italy,ITA,1992,12
Italy,ITA,1993,5
Italy,ITA,1994,13.7
Italy,ITA,1995,13.9
Italy,ITA,1996,9.1
Italy,ITA,1997,4.4
Italy,ITA,1998,2.5
Italy,ITA,1999,2
Italy,ITA,2000,1
Italy,ITA,2001,1
Italy,ITA,2002,1
Italy,ITA,2003,0.2
Italy,ITA,2004,0.1
Italy,ITA,2005,0.1
Japan,JPN,1970,243.077
Japan,JPN,1971,351.258
Japan,JPN,1972,312.484
Japan,JPN,1973,266.053
Japan,JPN,1974,227.502
Japan,JPN,1975,243.625
Japan,JPN,1976,259.457
Japan,JPN,1977,285.673
Japan,JPN,1978,281.64
Japan,JPN,1979,270.725
Japan,JPN,1980,247.741
Japan,JPN,1981,270.8
Japan,JPN,1982,294.674
Japan,JPN,1983,307.216
Japan,JPN,1984,323.575
Japan,JPN,1985,339.485
Japan,JPN,1986,351.27
Japan,JPN,1987,281.02
Japan,JPN,1988,251.971
Japan,JPN,1989,155.792
Japan,JPN,1990,149.92
Japan,JPN,1991,170.676
Japan,JPN,1992,178.33
Japan,JPN,1993,136.886
Japan,JPN,1994,133.713
Japan,JPN,1995,100.078
Japan,JPN,1996,85.115
Japan,JPN,1997,87.18
Japan,JPN,1998,94.472
Japan,JPN,1999,93.441
Japan,JPN,2000,103.587
Japan,JPN,2001,82.452
Japan,JPN,2002,103.203
Japan,JPN,2003,99.162
Japan,JPN,2004,85.999
Japan,JPN,2005,54.1
Japan,JPN,2006,11.5
Japan,JPN,2007,4.059
Japan,JPN,2008,3.726
Japan,JPN,2009,4.469
Japan,JPN,2010,4.981
Japan,JPN,2011,4.486
Japan,JPN,2012,3.536
Japan,JPN,2013,3.644
Japan,JPN,2014,3.541
Japan,JPN,2015,4.616
Japan,JPN,2016,5.076
Japan,JPN,2017,3.408
Japan,JPN,2018,3.596
Japan,JPN,2019,3.467
Japan,JPN,2020,4.192
Japan,JPN,2021,3.339
Japan,JPN,2022,2.923
Japan,JPN,2023,2.604
Kazakhstan,KAZ,1992,450
Kazakhstan,KAZ,1993,450
Kazakhstan,KAZ,1994,408.4
Kazakhstan,KAZ,1995,370.993
Kazakhstan,KAZ,1996,414.31
Kazakhstan,KAZ,1997,389.576
Kazakhstan,KAZ,1998,535.987
Kazakhstan,KAZ,1999,645.609
Kazakhstan,KAZ,2000,895.077
Kazakhstan,KAZ,2001,943.027
Kazakhstan,KAZ,2002,855.612
Kazakhstan,KAZ,2003,804.874
Kazakhstan,KAZ,2004,773.3
Kazakhstan,KAZ,2005,883.2
Kazakhstan,KAZ,2006,806.083
Kazakhstan,KAZ,2007,722.927
Kazakhstan,KAZ,2008,645.627
Kazakhstan,KAZ,2009,618.141
Kazakhstan,KAZ,2010,552.06
Kazakhstan,KAZ,2011,650.649
Kazakhstan,KAZ,2012,963.182
Kazakhstan,KAZ,2013,963.58
Kazakhstan,KAZ,2014,989.247
Kazakhstan,KAZ,2015,1308.926
Kazakhstan,KAZ,2016,1186.511
Kazakhstan,KAZ,2017,1060.662
Kazakhstan,KAZ,2018,969.347
Kazakhstan,KAZ,2019,1022.068
Kazakhstan,KAZ,2020,435
Kazakhstan,KAZ,2021,1004.789
Kazakhstan,KAZ,2022,1053
Kazakhstan,KAZ,2023,985
Kazakhstan,KAZ,2024,1000
Kyrgyzstan,KGZ,2013,10.4
Kyrgyzstan,KGZ,2014,9.3
Kyrgyzstan,KGZ,2015,17.2
Kyrgyzstan,KGZ,2016,15.5
Kyrgyzstan,KGZ,2017,14.2
Kyrgyzstan,KGZ,2018,18.3
Kyrgyzstan,KGZ,2019,19
Kyrgyzstan,KGZ,2020,16.1
Kyrgyzstan,KGZ,2021,16.5
Kyrgyzstan,KGZ,2022,17.4
Kyrgyzstan,KGZ,2023,15.4
Laos,LAO,1999,0
Laos,LAO,2000,0
Laos,LAO,2001,0
Laos,LAO,2002,0
Laos,LAO,2003,3.85
Laos,LAO,2004,2.735
Laos,LAO,2005,3.405
Laos,LAO,2006,6.331
Laos,LAO,2007,4.499
Laos,LAO,2008,6.706
Laos,LAO,2009,14.726
Laos,LAO,2010,17.234
Laos,LAO,2011,17.976
Laos,LAO,2012,20.221
Laos,LAO,2013,32.262
Laos,LAO,2014,39.823
Laos,LAO,2015,51.763
Laos,LAO,2016,51.302
Laos,LAO,2017,42.84
Laos,LAO,2018,37.464
Laos,LAO,2019,34.443
Laos,LAO,2020,28.672
Laos,LAO,2021,25.797
Laos,LAO,2022,21.345
Laos,LAO,2023,18.322
Malaysia,MYS,1977,12.752
Malaysia,MYS,1978,14.266
Malaysia,MYS,1979,13.453
Malaysia,MYS,1980,13.604
Malaysia,MYS,1981,14.708
Malaysia,MYS,1982,16.202
Malaysia,MYS,1983,15.092
Malaysia,MYS,1984,14.653
Malaysia,MYS,1985,16.249
Malaysia,MYS,1986,14.066
Malaysia,MYS,1987,15.776
Malaysia,MYS,1988,10.775
Malaysia,MYS,1989,12.877
Malaysia,MYS,1990,12.556
Malaysia,MYS,1991,13.44
Malaysia,MYS,1992,15.325
Malaysia,MYS,1993,14.008
Malaysia,MYS,1994,13.342
Malaysia,MYS,1995,11.079
Malaysia,MYS,1996,9.72
Malaysia,MYS,1997,9.647
Malaysia,MYS,1998,7.285
Malaysia,MYS,1999,2.744
Malaysia,MYS,2000,0.004
Malaysia,MYS,2001,0.003
Malaysia,MYS,2002,0
Malaysia,MYS,2003,0
Malaysia,MYS,2004,0.364
Malaysia,MYS,2005,0.402
Malaysia,MYS,2006,0.41
Malaysia,MYS,2007,0.296
Malaysia,MYS,2008,0.349
Malaysia,MYS,2009,0.367
Malaysia,MYS,2010,0.436
Malaysia,MYS,2011,0.459
Malaysia,MYS,2012,1.628
Malaysia,MYS,2013,0.361
Malaysia,MYS,2014,0.533
Malaysia,MYS,2015,0.945
Malaysia,MYS,2016,1.075
Malaysia,MYS,2017,1.404
Malaysia,MYS,2018,1.542
Malaysia,MYS,2019,0.686
Malaysia,MYS,2020,0.422
Malaysia,MYS,2021,0.672
Malaysia,MYS,2022,0.481
Malaysia,MYS,2023,0.625
Mali,MLI,2012,3.22
Mali,MLI,2013,2.577
Mali,MLI,2014,2.49
Mali,MLI,2015,2.608
Mali,MLI,2016,2.005
Mali,MLI,2017,2.1
Mali,MLI,2018,2.6
Mali,MLI,2019,2.7
Mali,MLI,2020,2.8
Mali,MLI,2021,3
Mali,MLI,2022,3
Mali,MLI,2023,3
Mexico,MEX,1970,1332.362
Mexico,MEX,1971,1140.166
Mexico,MEX,1972,1165.852
Mexico,MEX,1973,1206.436
Mexico,MEX,1974,1167.814
Mexico,MEX,1975,1182.822
Mexico,MEX,1976,1326.243
Mexico,MEX,1977,1462.798
Mexico,MEX,1978,1579.393
Mexico,MEX,1979,1536.772
Mexico,MEX,1980,1472.557
Mexico,MEX,1981,1654.829
Mexico,MEX,1982,1550.221
Mexico,MEX,1983,1910.839
Mexico,MEX,1984,1986.69
Mexico,MEX,1985,2152.959
Mexico,MEX,1986,2303.142
Mexico,MEX,1987,2414.954
Mexico,MEX,1988,2358.907
Mexico,MEX,1989,2306.091
Mexico,MEX,1990,2351.561
Mexico,MEX,1991,2223.647
Mexico,MEX,1992,2317.382
Mexico,MEX,1993,2415.805
Mexico,MEX,1994,2334.181
Mexico,MEX,1995,2324.349
Mexico,MEX,1996,2527.875
Mexico,MEX,1997,2674.979
Mexico,MEX,1998,2686.021
Mexico,MEX,1999,2466.981
Mexico,MEX,2000,2620.495
Mexico,MEX,2001,2759.985
Mexico,MEX,2002,2746.989
Mexico,MEX,2003,2568.877
Mexico,MEX,2004,2569.478
Mexico,MEX,2005,2894.161
Mexico,MEX,2006,3028.395
Mexico,MEX,2007,3135.43
Mexico,MEX,2008,3236.312
Mexico,MEX,2009,3553.841
Mexico,MEX,2010,4410.749
Mexico,MEX,2011,4777.71
Mexico,MEX,2012,5358.195
Mexico,MEX,2013,5821.001
Mexico,MEX,2014,5765.662
Mexico,MEX,2015,5955.151
Mexico,MEX,2016,5408.521
Mexico,MEX,2017,5815.034
Mexico,MEX,2018,7243.245
Mexico,MEX,2019,7485.602
Mexico,MEX,2020,5540
Mexico,MEX,2021,6110
Mexico,MEX,2022,6195
Mexico,MEX,2023,6290
Mexico,MEX,2024,6300
Mongolia,MNG,1987,22.8
Mongolia,MNG,1988,22.2
Mongolia,MNG,1989,21.2
Mongolia,MNG,1990,21.2
Mongolia,MNG,1991,16
Mongolia,MNG,1992,18
Mongolia,MNG,1993,20
Mongolia,MNG,1994,21
Mongolia,MNG,1995,21
Mongolia,MNG,1996,21
Mongolia,MNG,1997,21
Mongolia,MNG,1998,21
Mongolia,MNG,1999,21
Mongolia,MNG,2000,21
Mongolia,MNG,2001,21
Mongolia,MNG,2002,21
Mongolia,MNG,2003,20.471
Mongolia,MNG,2004,20.427
Mongolia,MNG,2005,19.888
Mongolia,MNG,2006,20.378
Mongolia,MNG,2007,20.455
Mongolia,MNG,2008,19.954
Mongolia,MNG,2009,20.397
Mongolia,MNG,2010,19.641
Mongolia,MNG,2011,19.107
Mongolia,MNG,2012,19.118
Mongolia,MNG,2013,29.332
Mongolia,MNG,2014,39.16
Mongolia,MNG,2015,48.989
Mongolia,MNG,2016,79.48
Mongolia,MNG,2017,72.44
Mongolia,MNG,2018,72.094
Mongolia,MNG,2019,69.4
Mongolia,MNG,2020,70.2
Mongolia,MNG,2021,72.9
Mongolia,MNG,2022,65.4
Mongolia,MNG,2023,76.7
Morocco,MAR,1970,21.176
Morocco,MAR,1971,29.61
Morocco,MAR,1972,28.39
Morocco,MAR,1973,28.593
Morocco,MAR,1974,27.637
Morocco,MAR,1975,26.837
Morocco,MAR,1976,21.066
Morocco,MAR,1977,21.739
Morocco,MAR,1978,80
Morocco,MAR,1979,83
Morocco,MAR,1980,81.4
Morocco,MAR,1981,83.6
Morocco,MAR,1982,81.7
Morocco,MAR,1983,103
Morocco,MAR,1984,104
Morocco,MAR,1985,108
Morocco,MAR,1986,89
Morocco,MAR,1987,162
Morocco,MAR,1988,221
Morocco,MAR,1989,188
Morocco,MAR,1990,241.108
Morocco,MAR,1991,296.075
Morocco,MAR,1992,213.286
Morocco,MAR,1993,309.155
Morocco,MAR,1994,325.5
Morocco,MAR,1995,204
Morocco,MAR,1996,199
Morocco,MAR,1997,261
Morocco,MAR,1998,307
Morocco,MAR,1999,277.9
Morocco,MAR,2000,289
Morocco,MAR,2001,280.7
Morocco,MAR,2002,276.8
Morocco,MAR,2003,200.43
Morocco,MAR,2004,181
Morocco,MAR,2005,185.7
Morocco,MAR,2006,202.3
Morocco,MAR,2007,177.712
Morocco,MAR,2008,201.195
Morocco,MAR,2009,210
Morocco,MAR,2010,243
Morocco,MAR,2011,186.09
Morocco,MAR,2012,170.34
Morocco,MAR,2013,194.077
Morocco,MAR,2014,188.538
Morocco,MAR,2015,216.383
Morocco,MAR,2016,237.418
Morocco,MAR,2017,239.416
Morocco,MAR,2018,190.5
Morocco,MAR,2019,216.6
Morocco,MAR,2020,189.2
Morocco,MAR,2021,194.4
Morocco,MAR,2022,203.2
Morocco,MAR,2023,231.696
Myanmar,MMR,1970,30
Myanmar,MMR,1971,29.6
Myanmar,MMR,1972,35.9
Myanmar,MMR,1973,23.452
Myanmar,MMR,1974,22.457
Myanmar,MMR,1975,23.3
Myanmar,MMR,1976,21.8
Myanmar,MMR,1977,24.6
Myanmar,MMR,1978,25
Myanmar,MMR,1979,30.7
Myanmar,MMR,1980,29.7
Myanmar,MMR,1981,24.1
Myanmar,MMR,1982,16.4
Myanmar,MMR,1983,17.4
Myanmar,MMR,1984,17.9
Myanmar,MMR,1985,17.7
Myanmar,MMR,1986,13.375
Myanmar,MMR,1987,9.331
Myanmar,MMR,1988,6.314
Myanmar,MMR,1990,6.128
Myanmar,MMR,1991,5.257
Myanmar,MMR,1992,4.79
Myanmar,MMR,1993,3.661
Myanmar,MMR,1994,5.101
Myanmar,MMR,1995,4.417
Myanmar,MMR,1996,3.67
Myanmar,MMR,1997,4.04
Myanmar,MMR,1998,3.643
Myanmar,MMR,1999,2.159
Myanmar,MMR,2000,2.019
Myanmar,MMR,2001,0.7
Myanmar,MMR,2002,0.8
Myanmar,MMR,2003,0.8
Myanmar,MMR,2004,1.1
Myanmar,MMR,2005,2.3
Myanmar,MMR,2006,0.7
Myanmar,MMR,2007,0.2
Namibia,NAM,1970,38
Namibia,NAM,1971,53.743
Namibia,NAM,1972,42.207
Namibia,NAM,1973,48.615
Namibia,NAM,1974,59.2
Namibia,NAM,1975,43.5
Namibia,NAM,1976,34.2
Namibia,NAM,1977,42.7
Namibia,NAM,1978,46.1
Namibia,NAM,1979,112.6
Namibia,NAM,1980,104.7
Namibia,NAM,1981,107.5
Namibia,NAM,1982,87.5
Namibia,NAM,1983,93
Namibia,NAM,1984,96
Namibia,NAM,1985,98
Namibia,NAM,1986,106
Namibia,NAM,1987,95
Namibia,NAM,1988,108
Namibia,NAM,1989,108
Namibia,NAM,1990,91.635
Namibia,NAM,1991,91.9
Namibia,NAM,1992,89
Namibia,NAM,1993,71.671
Namibia,NAM,1994,62.224
Namibia,NAM,1995,65.847
Namibia,NAM,1996,42.3
Namibia,NAM,1997,41
Namibia,NAM,1998,13.98
Namibia,NAM,1999,0
Namibia,NAM,2000,9.3
Namibia,NAM,2001,20.396
Namibia,NAM,2002,43.632
Namibia,NAM,2003,29.367
Namibia,NAM,2004,27.153
Namibia,NAM,2005,34.102
Namibia,NAM,2006,31.307
Namibia,NAM,2007,7.902
Namibia,NAM,2008,1.215
Namibia,NAM,2009,0.7
Namibia,NAM,2010,0
Namibia,NAM,2011,1.841
Namibia,NAM,2012,0.966
Namibia,NAM,2013,1.4
Namibia,NAM,2014,1.129
Namibia,NAM,2015,11.555
Namibia,NAM,2016,4.702
Namibia,NAM,2017,7.451
Namibia,NAM,2018,3.602
Namibia,NAM,2019,6.221
Namibia,NAM,2020,6.982
Namibia,NAM,2021,5.33
Namibia,NAM,2022,5.2
Namibia,NAM,2023,5.2
New Zealand,NZL,1970,0.465
New Zealand,NZL,1971,1.877
New Zealand,NZL,1972,0.886
New Zealand,NZL,1973,0.809
New Zealand,NZL,1974,0.056
New Zealand,NZL,1975,0.062
New Zealand,NZL,1976,0.016
New Zealand,NZL,1977,0.236
New Zealand,NZL,1988,1.845
New Zealand,NZL,1989,4.837
New Zealand,NZL,1990,4.914
New Zealand,NZL,1991,11.371
New Zealand,NZL,1992,22.413
New Zealand,NZL,1993,25.797
New Zealand,NZL,1994,27.589
New Zealand,NZL,1995,27.794
New Zealand,NZL,1996,29.34
New Zealand,NZL,1997,31.684
New Zealand,NZL,1998,22.681
New Zealand,NZL,1999,24.308
New Zealand,NZL,2000,22.886
New Zealand,NZL,2001,27.118
New Zealand,NZL,2002,28.725
New Zealand,NZL,2003,29.932
New Zealand,NZL,2004,30.1
New Zealand,NZL,2005,43.003
New Zealand,NZL,2006,27.221
New Zealand,NZL,2007,8.553
New Zealand,NZL,2008,18.269
New Zealand,NZL,2009,14.264
New Zealand,NZL,2010,17.136
New Zealand,NZL,2011,14.324
New Zealand,NZL,2012,5.63
New Zealand,NZL,2013,11.223
New Zealand,NZL,2014,15.811
New Zealand,NZL,2015,12.498
New Zealand,NZL,2016,7.96
New Zealand,NZL,2017,8.022
New Zealand,NZL,2018,6.332
New Zealand,NZL,2019,4.06
New Zealand,NZL,2020,1.393
New Zealand,NZL,2021,3.055
New Zealand,NZL,2022,3.922
New Zealand,NZL,2023,5.554
Nicaragua,NIC,1970,3.932
Nicaragua,NIC,1971,5.015
Nicaragua,NIC,1972,11.1
Nicaragua,NIC,1973,5.6
Nicaragua,NIC,1974,8.4
Nicaragua,NIC,1975,10.1
Nicaragua,NIC,1976,6.345
Nicaragua,NIC,1977,4.774
Nicaragua,NIC,1978,15
Nicaragua,NIC,1979,12.143
Nicaragua,NIC,1980,5.103
Nicaragua,NIC,1981,4.359
Nicaragua,NIC,1982,2.35
Nicaragua,NIC,1983,1.973
Nicaragua,NIC,1984,1.6
Nicaragua,NIC,1985,0.923
Nicaragua,NIC,1986,0.8
Nicaragua,NIC,1987,0.888
Nicaragua,NIC,1988,0.594
Nicaragua,NIC,1989,1.126
Nicaragua,NIC,1990,1.03
Nicaragua,NIC,1991,1.546
Nicaragua,NIC,1992,2.271
Nicaragua,NIC,1993,2.358
Nicaragua,NIC,1994,2.628
Nicaragua,NIC,1995,1.067
Nicaragua,NIC,1996,0.79
Nicaragua,NIC,1997,1.077
Nicaragua,NIC,1998,1.946
Nicaragua,NIC,1999,1.78
Nicaragua,NIC,2000,1.589
Nicaragua,NIC,2001,2.532
Nicaragua,NIC,2002,2.198
Nicaragua,NIC,2003,2.04
Nicaragua,NIC,2004,2.95
Nicaragua,NIC,2005,2.936
Nicaragua,NIC,2006,2.929
Nicaragua,NIC,2007,3.42
Nicaragua,NIC,2008,3.72
Nicaragua,NIC,2009,4.491
Nicaragua,NIC,2010,6.995
Nicaragua,NIC,2011,7.927
Nicaragua,NIC,2012,10.207
Nicaragua,NIC,2013,13.745
Nicaragua,NIC,2014,13.889
Nicaragua,NIC,2015,18.576
Nicaragua,NIC,2016,21.382
Nicaragua,NIC,2017,15.419
Nicaragua,NIC,2018,11.263
Nicaragua,NIC,2019,17.696
Nicaragua,NIC,2020,21.83
Nicaragua,NIC,2021,23.078
Nicaragua,NIC,2022,21.576
Nicaragua,NIC,2023,37.012
Niger,NER,2005,0.201
Niger,NER,2006,0.1
Niger,NER,2007,0.139
Niger,NER,2008,0.289
Niger,NER,2009,0.256
Niger,NER,2010,0.326
Niger,NER,2011,0.197
Niger,NER,2012,0.329
Niger,NER,2013,0.11
Niger,NER,2014,0.067
Niger,NER,2015,0.119
Niger,NER,2016,0.239
Niger,NER,2017,0.1
Niger,NER,2018,0.064
Niger,NER,2019,0.031
Niger,NER,2020,0.012
Niger,NER,2021,0.087
Niger,NER,2022,0.029
Niger,NER,2023,0.03
Nigeria,NGA,2018,0
Nigeria,NGA,2019,0
Nigeria,NGA,2020,0
Nigeria,NGA,2021,0
Nigeria,NGA,2022,0.2
Nigeria,NGA,2023,0.277
North Korea,PRK,1970,25
North Korea,PRK,1971,35
North Korea,PRK,1972,45
North Korea,PRK,1973,45
North Korea,PRK,1974,52
North Korea,PRK,1975,55
North Korea,PRK,1976,50
North Korea,PRK,1977,50
North Korea,PRK,1978,50
North Korea,PRK,1979,48
North Korea,PRK,1980,45
North Korea,PRK,1981,275
North Korea,PRK,1982,280
North Korea,PRK,1983,300
North Korea,PRK,1984,285
North Korea,PRK,1985,270
North Korea,PRK,1986,295
North Korea,PRK,1987,300
North Korea,PRK,1988,310
North Korea,PRK,1989,300
North Korea,PRK,1990,280
North Korea,PRK,1991,300
North Korea,PRK,1992,280
North Korea,PRK,1993,250
North Korea,PRK,1994,50
North Korea,PRK,1995,50
North Korea,PRK,1996,50
North Korea,PRK,1997,50
North Korea,PRK,1998,50
North Korea,PRK,1999,50
North Korea,PRK,2000,50
North Korea,PRK,2001,50
North Korea,PRK,2002,50
North Korea,PRK,2003,20
North Korea,PRK,2004,20
North Korea,PRK,2005,20
North Korea,PRK,2006,20
North Korea,PRK,2007,50
North Korea,PRK,2008,50
North Korea,PRK,2009,50
North Korea,PRK,2010,50
North Korea,PRK,2011,50
North Korea,PRK,2012,50
North Korea,PRK,2013,50
North Korea,PRK,2014,50
North Korea,PRK,2015,50
North Korea,PRK,2016,50
North Korea,PRK,2017,50
North Korea,PRK,2018,50
North Korea,PRK,2019,50
North Korea,PRK,2020,50
North Korea,PRK,2021,50
North Korea,PRK,2022,50
North Korea,PRK,2023,50
North Macedonia,MKD,1992,16.393
North Macedonia,MKD,1993,8.65
North Macedonia,MKD,1994,12.978
North Macedonia,MKD,1995,10
North Macedonia,MKD,1996,10
North Macedonia,MKD,1997,10
North Macedonia,MKD,1998,10
North Macedonia,MKD,1999,10
North Macedonia,MKD,2000,23.768
North Macedonia,MKD,2001,22.216
North Macedonia,MKD,2002,36.832
North Macedonia,MKD,2003,22.195
North Macedonia,MKD,2004,0
North Macedonia,MKD,2005,0
North Macedonia,MKD,2006,10
North Macedonia,MKD,2007,30
North Macedonia,MKD,2008,40
North Macedonia,MKD,2009,35
North Macedonia,MKD,2010,32
North Macedonia,MKD,2011,30
North Macedonia,MKD,2012,31
North Macedonia,MKD,2013,23.4
North Macedonia,MKD,2014,23.9
North Macedonia,MKD,2015,17.7
North Macedonia,MKD,2016,14
North Macedonia,MKD,2017,12.775
North Macedonia,MKD,2018,12.694
North Macedonia,MKD,2019,11.707
North Macedonia,MKD,2020,11.488
North Macedonia,MKD,2021,15
North Macedonia,MKD,2022,15.3
North Macedonia,MKD,2023,16
Oman,OMN,1981,0
Oman,OMN,1982,0
Oman,OMN,1983,0
Oman,OMN,1984,2.8
Oman,OMN,1985,1.9
Oman,OMN,1986,1.6
Oman,OMN,1987,1.6
Oman,OMN,1988,1.9
Oman,OMN,1989,8.5
Oman,OMN,1990,10.3
Oman,OMN,1991,8.7
Oman,OMN,1992,6.9
Oman,OMN,1993,2.9
Oman,OMN,1994,4.7
Oman,OMN,2004,0.081
Oman,OMN,2005,0.111
Oman,OMN,2006,4.404
Oman,OMN,2007,3.863
Oman,OMN,2008,2.14
Oman,OMN,2009,2.162
Panama,PAN,1994,0.259
Panama,PAN,1995,0.569
Panama,PAN,1996,1.307
Panama,PAN,1997,2.178
Panama,PAN,1998,2
Panama,PAN,1999,2
Panama,PAN,2015,0
Panama,PAN,2016,0
Panama,PAN,2017,0
Panama,PAN,2018,0
Panama,PAN,2019,35.217
Panama,PAN,2020,49.627
Panama,PAN,2021,78.419
Panama,PAN,2022,87.498
Panama,PAN,2023,84.737
Papua New Guinea,PNG,1970,0.534
Papua New Guinea,PNG,1971,0.543
Papua New Guinea,PNG,1972,30.361
Papua New Guinea,PNG,1973,44.862
Papua New Guinea,PNG,1974,46.227
Papua New Guinea,PNG,1975,44.638
Papua New Guinea,PNG,1976,45.803
Papua New Guinea,PNG,1977,47.704
Papua New Guinea,PNG,1978,52.82
Papua New Guinea,PNG,1979,44.877
Papua New Guinea,PNG,1980,37.198
Papua New Guinea,PNG,1981,42.562
Papua New Guinea,PNG,1982,43.363
Papua New Guinea,PNG,1983,47.597
Papua New Guinea,PNG,1984,45.608
Papua New Guinea,PNG,1985,51.967
Papua New Guinea,PNG,1986,57.288
Papua New Guinea,PNG,1987,62.871
Papua New Guinea,PNG,1988,70.423
Papua New Guinea,PNG,1989,93.671
Papua New Guinea,PNG,1990,114.543
Papua New Guinea,PNG,1991,124.484
Papua New Guinea,PNG,1992,95.498
Papua New Guinea,PNG,1993,96.095
Papua New Guinea,PNG,1994,65.695
Papua New Guinea,PNG,1995,65.153
Papua New Guinea,PNG,1996,59.036
Papua New Guinea,PNG,1997,49.165
Papua New Guinea,PNG,1998,59.294
Papua New Guinea,PNG,1999,66.542
Papua New Guinea,PNG,2000,79.197
Papua New Guinea,PNG,2001,69.368
Papua New Guinea,PNG,2002,63.349
Papua New Guinea,PNG,2003,61.9
Papua New Guinea,PNG,2004,53.8
Papua New Guinea,PNG,2005,51.125
Papua New Guinea,PNG,2006,51.098
Papua New Guinea,PNG,2007,48.677
Papua New Guinea,PNG,2008,48.062
Papua New Guinea,PNG,2009,55.082
Papua New Guinea,PNG,2010,83.957
Papua New Guinea,PNG,2011,90.055
Papua New Guinea,PNG,2012,81.332
Papua New Guinea,PNG,2013,89.666
Papua New Guinea,PNG,2014,81.096
Papua New Guinea,PNG,2015,44.588
Papua New Guinea,PNG,2016,90.498
Papua New Guinea,PNG,2017,69.33
Papua New Guinea,PNG,2018,104.004
Papua New Guinea,PNG,2019,157.927
Papua New Guinea,PNG,2020,128.886
Papua New Guinea,PNG,2021,102.115
Papua New Guinea,PNG,2022,111.7
Papua New Guinea,PNG,2023,140
Peru,PER,1970,1239.023
Peru,PER,1971,1242.642
Peru,PER,1972,1255.664
Peru,PER,1973,1163.642
Peru,PER,1974,1084.907
Peru,PER,1975,1058.35
Peru,PER,1976,1117.325
Peru,PER,1977,1235.767
Peru,PER,1978,1151.5
Peru,PER,1979,1220.8
Peru,PER,1980,1337.1
Peru,PER,1981,1387.2
Peru,PER,1982,1692.1
Peru,PER,1983,1570
Peru,PER,1984,1651
Peru,PER,1985,1915.002
Peru,PER,1986,1925.798
Peru,PER,1987,2054.463
Peru,PER,1988,1551.6
Peru,PER,1989,1839.9
Peru,PER,1990,1761.7
Peru,PER,1991,1816.291
Peru,PER,1992,1584.325
Peru,PER,1993,1587.274
Peru,PER,1994,1768.199
Peru,PER,1995,1928.853
Peru,PER,1996,1976.536
Peru,PER,1997,2090.311
Peru,PER,1998,2024.57
Peru,PER,1999,2231.39
Peru,PER,2000,2437.706
Peru,PER,2001,2673.834
Peru,PER,2002,2761.486
Peru,PER,2003,2910.922
Peru,PER,2004,3059.829
Peru,PER,2005,3193.146
Peru,PER,2006,3470.661
Peru,PER,2007,3493.09
Peru,PER,2008,3685.931
Peru,PER,2009,3922.708
Peru,PER,2010,3640.444
Peru,PER,2011,3418.862
Peru,PER,2012,3480.587
Peru,PER,2013,3674.283
Peru,PER,2014,3768.147
Peru,PER,2015,4101.568
Peru,PER,2016,4375.337
Peru,PER,2017,4417.987
Peru,PER,2018,4160.162
Peru,PER,2019,3706.76
Peru,PER,2020,2770
Peru,PER,2021,3310
Peru,PER,2022,3079
Peru,PER,2023,3200
Peru,PER,2024,3100
Philippines,PHL,1970,52.935
Philippines,PHL,1971,60.336
Philippines,PHL,1972,57.466
Philippines,PHL,1973,58.83
Philippines,PHL,1974,53.067
Philippines,PHL,1975,50.373
Philippines,PHL,1976,46.053
Philippines,PHL,1977,50.429
Philippines,PHL,1978,51.014
Philippines,PHL,1979,57.167
Philippines,PHL,1980,60.715
Philippines,PHL,1981,62.943
Philippines,PHL,1982,61.724
Philippines,PHL,1983,56.696
Philippines,PHL,1984,48.956
Philippines,PHL,1985,52.416
Philippines,PHL,1986,51.532
Philippines,PHL,1987,53.452
Philippines,PHL,1988,54.634
Philippines,PHL,1989,50.63
Philippines,PHL,1990,47.111
Philippines,PHL,1991,39.069
Philippines,PHL,1992,32.785
Philippines,PHL,1993,28.043
Philippines,PHL,1994,29.963
Philippines,PHL,1995,28.483
Philippines,PHL,1996,23.987
Philippines,PHL,1997,20.744
Philippines,PHL,1998,18.22
Philippines,PHL,1999,18.214
Philippines,PHL,2000,23.569
Philippines,PHL,2001,29.59
Philippines,PHL,2002,8.81
Philippines,PHL,2003,9.533
Philippines,PHL,2004,9.315
Philippines,PHL,2005,19.15
Philippines,PHL,2006,23.502
Philippines,PHL,2007,27.754
Philippines,PHL,2008,14.224
Philippines,PHL,2009,33.808
Philippines,PHL,2010,41.004
Philippines,PHL,2011,45.53
Philippines,PHL,2012,49.211
Philippines,PHL,2013,40.043
Philippines,PHL,2014,23.005
Philippines,PHL,2015,29.952
Philippines,PHL,2016,35.186
Philippines,PHL,2017,31.748
Philippines,PHL,2018,29.782
Philippines,PHL,2019,31.267
Philippines,PHL,2020,24.024
Philippines,PHL,2021,30.856
Philippines,PHL,2022,56.227
Philippines,PHL,2023,46.16
Poland,POL,1970,70
Poland,POL,1971,80
Poland,POL,1972,130
Poland,POL,1973,150
Poland,POL,1974,180
Poland,POL,1975,450
Poland,POL,1976,550
Poland,POL,1977,644
Poland,POL,1978,680
Poland,POL,1979,702
Poland,POL,1980,766
Poland,POL,1981,640
Poland,POL,1982,657
Poland,POL,1983,678
Poland,POL,1984,744
Poland,POL,1985,831
Poland,POL,1986,829
Poland,POL,1987,831
Poland,POL,1988,1063
Poland,POL,1989,1003
Poland,POL,1990,832
Poland,POL,1991,899
Poland,POL,1992,798
Poland,POL,1993,767
Poland,POL,1994,1064
Poland,POL,1995,1001
Poland,POL,1996,1107.3
Poland,POL,1997,1084.2
Poland,POL,1998,1143.69
Poland,POL,1999,1160.355
Poland,POL,2000,1163.6
Poland,POL,2001,1230.7
Poland,POL,2002,1342
Poland,POL,2003,1332.2
Poland,POL,2004,1372.7
Poland,POL,2005,1262.4
Poland,POL,2006,1265.1
Poland,POL,2007,1199.5
Poland,POL,2008,1221
Poland,POL,2009,1221
Poland,POL,2010,1183
Poland,POL,2011,1167
Poland,POL,2012,1149
Poland,POL,2013,1161.114
Poland,POL,2014,1384
Poland,POL,2015,1407
Poland,POL,2016,1482
Poland,POL,2017,1490
Poland,POL,2018,1471
Poland,POL,2019,1455
Poland,POL,2020,1250
Poland,POL,2021,1300
Poland,POL,2022,1316
Poland,POL,2023,1320
Poland,POL,2024,1300
Portugal,PRT,1970,8.703
Portugal,PRT,1971,8.165
Portugal,PRT,1972,7.162
Portugal,PRT,1973,3.914
Portugal,PRT,1974,0.743
Portugal,PRT,1975,0.774
Portugal,PRT,1976,0.881
Portugal,PRT,1977,0.801
Portugal,PRT,1978,0.703
Portugal,PRT,1979,1.095
Portugal,PRT,1980,0.861
Portugal,PRT,1981,0.714
Portugal,PRT,1982,0.732
Portugal,PRT,1983,0.631
Portugal,PRT,1984,0.693
Portugal,PRT,1985,0.624
Portugal,PRT,1986,0.714
Portugal,PRT,1987,0.887
Portugal,PRT,1988,0.877
Portugal,PRT,1989,0.815
Portugal,PRT,1990,0.722
Portugal,PRT,1991,43.82
Portugal,PRT,1992,39.454
Portugal,PRT,1993,36
Portugal,PRT,1994,31.8
Portugal,PRT,1995,38.6
Portugal,PRT,1996,33.7
Portugal,PRT,1997,33.9
Portugal,PRT,1998,31.88
Portugal,PRT,1999,26.45
Portugal,PRT,2000,20.43
Portugal,PRT,2001,23.1
Portugal,PRT,2002,19.5
Portugal,PRT,2003,21.1
Portugal,PRT,2004,24.603
Portugal,PRT,2005,23.786
Portugal,PRT,2006,20.078
Portugal,PRT,2007,26.514
Portugal,PRT,2008,26.273
Portugal,PRT,2009,20.483
Portugal,PRT,2010,20.561
Portugal,PRT,2011,28.027
Portugal,PRT,2012,29.89
Portugal,PRT,2013,40.621
Portugal,PRT,2014,43.172
Portugal,PRT,2015,41.337
Portugal,PRT,2016,38.631
Portugal,PRT,2017,40.186
Portugal,PRT,2018,90.8
Portugal,PRT,2019,95.3
Portugal,PRT,2020,96
Portugal,PRT,2021,97.9
Portugal,PRT,2022,78.4
Portugal,PRT,2023,88.7
Romania,ROU,1970,25
Romania,ROU,1971,31
Romania,ROU,1972,31
Romania,ROU,1973,34
Romania,ROU,1974,35
Romania,ROU,1975,47
Romania,ROU,1976,38
Romania,ROU,1977,35
Romania,ROU,1978,32
Romania,ROU,1979,30
Romania,ROU,1980,28
Romania,ROU,1981,25
Romania,ROU,1982,25
Romania,ROU,1983,25
Romania,ROU,1984,24
Romania,ROU,1985,25
Romania,ROU,1986,23
Romania,ROU,1987,20
Romania,ROU,1988,23
Romania,ROU,1989,20
Romania,ROU,1990,24
Romania,ROU,1991,17
Romania,ROU,1992,17
Romania,ROU,1993,18
Romania,ROU,1994,18
Romania,ROU,1995,18
Romania,ROU,1996,18
Romania,ROU,1997,18
Romania,ROU,1998,18
Romania,ROU,1999,18
Romania,ROU,2000,18
Romania,ROU,2001,18
Romania,ROU,2002,18
Romania,ROU,2003,18
Romania,ROU,2004,18
Romania,ROU,2005,18
Romania,ROU,2006,18
Romania,ROU,2007,18
Romania,ROU,2008,18
Romania,ROU,2009,18
Romania,ROU,2010,18
Romania,ROU,2011,18
Romania,ROU,2012,18
Romania,ROU,2013,18
Romania,ROU,2014,18
Romania,ROU,2015,18
Romania,ROU,2016,18
Romania,ROU,2017,18
Romania,ROU,2018,18
Romania,ROU,2019,18
Romania,ROU,2020,18
Romania,ROU,2021,18
Romania,ROU,2022,18
Romania,ROU,2023,18
Russia,RUS,1992,535.6
Russia,RUS,1993,496.6
Russia,RUS,1994,490
Russia,RUS,1995,480
Russia,RUS,1996,400
Russia,RUS,1997,395
Russia,RUS,1998,353
Russia,RUS,1999,380
Russia,RUS,2000,400
Russia,RUS,2001,400
Russia,RUS,2002,400
Russia,RUS,2003,700
Russia,RUS,2004,1276.9
Russia,RUS,2005,1350
Russia,RUS,2006,973.5
Russia,RUS,2007,911.3
Russia,RUS,2008,1132.2
Russia,RUS,2009,1312.6
Russia,RUS,2010,1144.6
Russia,RUS,2011,1134
Russia,RUS,2012,1425
Russia,RUS,2013,1427.7
Russia,RUS,2014,1433.9
Russia,RUS,2015,1580.1
Russia,RUS,2016,1493
Russia,RUS,2017,1373
Russia,RUS,2018,1400.1
Russia,RUS,2019,1533
Russia,RUS,2020,1320
Russia,RUS,2021,1320
Russia,RUS,2022,1280
Russia,RUS,2023,1240
Russia,RUS,2024,1200
Saudi Arabia,SAU,1987,0
Saudi Arabia,SAU,1988,0
Saudi Arabia,SAU,1989,13.321
Saudi Arabia,SAU,1990,16.237
Saudi Arabia,SAU,1991,16.175
Saudi Arabia,SAU,1992,17.2
Saudi Arabia,SAU,1993,18
Saudi Arabia,SAU,1994,17
Saudi Arabia,SAU,1995,16.9
Saudi Arabia,SAU,1996,16.608
Saudi Arabia,SAU,1997,17.2
Saudi Arabia,SAU,1998,13.843
Saudi Arabia,SAU,1999,10.472
Saudi Arabia,SAU,2000,9.39
Saudi Arabia,SAU,2001,10
Saudi Arabia,SAU,2002,10
Saudi Arabia,SAU,2003,11
Saudi Arabia,SAU,2004,14.494
Saudi Arabia,SAU,2005,13.501
Saudi Arabia,SAU,2006,9.103
Saudi Arabia,SAU,2007,9.028
Saudi Arabia,SAU,2008,8.233
Saudi Arabia,SAU,2009,7.527
Saudi Arabia,SAU,2010,7.67
Saudi Arabia,SAU,2011,5.839
Saudi Arabia,SAU,2012,5.5
Saudi Arabia,SAU,2013,4.158
Saudi Arabia,SAU,2014,4.888
Saudi Arabia,SAU,2015,4.5
Saudi Arabia,SAU,2016,4.71
Saudi Arabia,SAU,2017,5.069
Saudi Arabia,SAU,2018,5.322
Saudi Arabia,SAU,2019,5.588
Saudi Arabia,SAU,2020,6.493
Saudi Arabia,SAU,2021,8.604
Saudi Arabia,SAU,2022,9.464
Saudi Arabia,SAU,2023,9.5
Senegal,SEN,2012,0.67
Senegal,SEN,2013,0.85
Senegal,SEN,2014,1.15
Senegal,SEN,2015,0.54
Senegal,SEN,2016,0.5
Senegal,SEN,2017,0.7
Senegal,SEN,2018,0.94
Senegal,SEN,2019,0.9
Senegal,SEN,2020,1.1
Senegal,SEN,2021,1.3
Senegal,SEN,2022,1.325
Senegal,SEN,2023,0.985
Serbia,SRB,2006,2.2
Serbia,SRB,2007,2.3
Serbia,SRB,2008,2.3
Serbia,SRB,2009,4.424
Serbia,SRB,2010,4.384
Serbia,SRB,2011,7.38
Serbia,SRB,2012,8.388
Serbia,SRB,2013,5.8
Serbia,SRB,2014,8.6
Serbia,SRB,2015,7.5
Serbia,SRB,2016,11.3
Serbia,SRB,2017,12.3
Serbia,SRB,2018,9
Serbia,SRB,2019,14.5
Serbia,SRB,2020,15.9
Serbia,SRB,2021,11.6
Serbia,SRB,2022,10.9
Serbia,SRB,2023,10
Serbia and Montenegro,OWID_SRM,1992,66.42
Serbia and Montenegro,OWID_SRM,1993,25.144
Serbia and Montenegro,OWID_SRM,1994,18.298
Serbia and Montenegro,OWID_SRM,1995,31.054
Serbia and Montenegro,OWID_SRM,1996,68.805
Serbia and Montenegro,OWID_SRM,1997,42.64
Serbia and Montenegro,OWID_SRM,1998,34.474
Serbia and Montenegro,OWID_SRM,1999,7.643
Serbia and Montenegro,OWID_SRM,2000,9.068
Serbia and Montenegro,OWID_SRM,2001,5.745
Serbia and Montenegro,OWID_SRM,2002,6.838
Serbia and Montenegro,OWID_SRM,2003,2.028
Serbia and Montenegro,OWID_SRM,2004,2.275
Serbia and Montenegro,OWID_SRM,2005,2.6
Slovakia,SVK,2005,0.065
Slovakia,SVK,2006,0.074
Slovakia,SVK,2007,0.05
Slovakia,SVK,2008,0.198
Slovakia,SVK,2009,0.201
Slovakia,SVK,2010,0.32
Slovakia,SVK,2011,0.33
Slovakia,SVK,2012,0.441
Slovakia,SVK,2013,0.508
Slovakia,SVK,2014,0.437
Slovakia,SVK,2015,0.532
Slovakia,SVK,2016,0.391
Slovakia,SVK,2017,0.41
Slovakia,SVK,2018,0.345
Slovakia,SVK,2019,0.295
Slovakia,SVK,2020,0.269
Slovakia,SVK,2021,0.328
Slovakia,SVK,2022,0.354
Slovakia,SVK,2023,0.4
Solomon Islands,SLB,1995,0.003
Solomon Islands,SLB,1996,0.001
Solomon Islands,SLB,1997,0.01
Solomon Islands,SLB,1998,1.466
Solomon Islands,SLB,1999,2.138
Solomon Islands,SLB,2000,0.7
Solomon Islands,SLB,2007,0
Solomon Islands,SLB,2008,0
Solomon Islands,SLB,2009,0
Solomon Islands,SLB,2010,0
Solomon Islands,SLB,2011,0.592
Solomon Islands,SLB,2012,0.902
Solomon Islands,SLB,2013,0.685
Solomon Islands,SLB,2014,0.28
Solomon Islands,SLB,2019,0
Solomon Islands,SLB,2020,0
Solomon Islands,SLB,2021,0
Solomon Islands,SLB,2022,0
Solomon Islands,SLB,2023,0.22
South Africa,ZAF,1970,109.701
South Africa,ZAF,1971,105.071
South Africa,ZAF,1972,102.443
South Africa,ZAF,1973,113.591
South Africa,ZAF,1974,83.94
South Africa,ZAF,1975,95.923
South Africa,ZAF,1976,87.736
South Africa,ZAF,1977,97.364
South Africa,ZAF,1978,96.559
South Africa,ZAF,1979,100.664
South Africa,ZAF,1980,232
South Africa,ZAF,1981,236.963
South Africa,ZAF,1982,219.197
South Africa,ZAF,1983,202.374
South Africa,ZAF,1984,218.981
South Africa,ZAF,1985,209.367
South Africa,ZAF,1986,223.59
South Africa,ZAF,1987,210.366
South Africa,ZAF,1988,201.215
South Africa,ZAF,1989,181.698
South Africa,ZAF,1990,160.719
South Africa,ZAF,1991,171.555
South Africa,ZAF,1992,182.723
South Africa,ZAF,1993,192.418
South Africa,ZAF,1994,197.767
South Africa,ZAF,1995,174.316
South Africa,ZAF,1996,168.689
South Africa,ZAF,1997,144.005
South Africa,ZAF,1998,144.482
South Africa,ZAF,1999,151.959
South Africa,ZAF,2000,144.1
South Africa,ZAF,2001,109.6
South Africa,ZAF,2002,113.108
South Africa,ZAF,2003,87.325
South Africa,ZAF,2004,73.124
South Africa,ZAF,2005,89.023
South Africa,ZAF,2006,86.951
South Africa,ZAF,2007,70.089
South Africa,ZAF,2008,75.199
South Africa,ZAF,2009,77.78
South Africa,ZAF,2010,79.315
South Africa,ZAF,2011,73.18
South Africa,ZAF,2012,67.304
South Africa,ZAF,2013,68.777
South Africa,ZAF,2014,49.2
South Africa,ZAF,2015,51.9
South Africa,ZAF,2016,55.6
South Africa,ZAF,2017,62.536
South Africa,ZAF,2018,46.467
South Africa,ZAF,2019,55.903
South Africa,ZAF,2020,38.118
South Africa,ZAF,2021,37.147
South Africa,ZAF,2022,45.704
South Africa,ZAF,2023,41.929
South Korea,KOR,1970,46.483
South Korea,KOR,1971,48.005
South Korea,KOR,1972,55.043
South Korea,KOR,1973,46.35
South Korea,KOR,1974,40.163
South Korea,KOR,1975,46.78
South Korea,KOR,1976,57.793
South Korea,KOR,1977,65.512
South Korea,KOR,1978,43.073
South Korea,KOR,1979,61.83
South Korea,KOR,1980,63.169
South Korea,KOR,1981,84.137
South Korea,KOR,1982,76.623
South Korea,KOR,1983,66.557
South Korea,KOR,1984,76.353
South Korea,KOR,1985,68.926
South Korea,KOR,1986,142.7
South Korea,KOR,1987,71.026
South Korea,KOR,1988,48.865
South Korea,KOR,1989,53.428
South Korea,KOR,1990,16.4
South Korea,KOR,1991,3.1
South Korea,KOR,1992,4.723
South Korea,KOR,1993,4.712
South Korea,KOR,1994,8.6
South Korea,KOR,2000,0
South Korea,KOR,2001,0.058
South Korea,KOR,2002,6.802
South Korea,KOR,2003,15.417
South Korea,KOR,2004,50.866
South Korea,KOR,2005,3.5
South Korea,KOR,2006,1.5
South Korea,KOR,2007,1.4
South Korea,KOR,2008,1.5
South Korea,KOR,2009,1.7
South Korea,KOR,2010,2.025
South Korea,KOR,2011,2.649
South Korea,KOR,2012,2.925
South Korea,KOR,2013,3.897
South Korea,KOR,2014,3.289
South Korea,KOR,2015,4.6
South Korea,KOR,2016,6.579
South Korea,KOR,2017,8.863
South Korea,KOR,2018,7.09
South Korea,KOR,2019,5.245
South Korea,KOR,2020,5.739
South Korea,KOR,2021,10.001
South Korea,KOR,2022,4.434
South Korea,KOR,2023,2.67
Spain,ESP,1970,51
Spain,ESP,1971,113.85
Spain,ESP,1972,94.427
Spain,ESP,1973,129.312
Spain,ESP,1974,127.483
Spain,ESP,1975,107.218
Spain,ESP,1976,103.816
Spain,ESP,1977,72.146
Spain,ESP,1978,73.841
Spain,ESP,1979,71.348
Spain,ESP,1980,184.643
Spain,ESP,1981,218.089
Spain,ESP,1982,116.176
Spain,ESP,1983,214.94
Spain,ESP,1984,289.624
Spain,ESP,1985,366.939
Spain,ESP,1986,172.955
Spain,ESP,1987,214.467
Spain,ESP,1988,220.477
Spain,ESP,1989,250.684
Spain,ESP,1990,270
Spain,ESP,1991,180
Spain,ESP,1992,206.185
Spain,ESP,1993,392.3
Spain,ESP,1994,335.1
Spain,ESP,1995,175.73
Spain,ESP,1996,204.015
Spain,ESP,1997,142.52
Spain,ESP,1998,99.91
Spain,ESP,1999,117.735
Spain,ESP,2000,114.537
Spain,ESP,2001,55
Spain,ESP,2002,12.792
Spain,ESP,2003,2.173
Spain,ESP,2004,3.583
Spain,ESP,2005,5.227
Spain,ESP,2006,2.369
Spain,ESP,2007,0
Spain,ESP,2008,0
Spain,ESP,2009,2.2
Spain,ESP,2010,20.8
Spain,ESP,2011,29.9
Spain,ESP,2012,32.943
Spain,ESP,2013,27.9
Spain,ESP,2014,27.3
Spain,ESP,2015,27.3
Spain,ESP,2016,17.6
Spain,ESP,2017,98.6
Spain,ESP,2018,87.78
Spain,ESP,2019,77.501
Spain,ESP,2020,92.751
Spain,ESP,2021,80.848
Spain,ESP,2022,58.235
Spain,ESP,2023,88.796
Sudan,SDN,2000,0
Sudan,SDN,2001,1.6
Sudan,SDN,2002,3.3
Sudan,SDN,2003,2.8
Sudan,SDN,2004,2.8
Sudan,SDN,2005,2.6
Sudan,SDN,2006,2.437
Sudan,SDN,2007,2.405
Sudan,SDN,2008,0
Sudan,SDN,2009,0.413
Sudan,SDN,2010,0.631
Sudan,SDN,2011,0.7
Sudan,SDN,2012,0.7
Sudan,SDN,2013,0.7
Sudan,SDN,2014,1
Sudan,SDN,2015,1
Sudan,SDN,2016,1
Sudan,SDN,2017,2
Sudan,SDN,2018,2
Sudan,SDN,2019,2
Sudan,SDN,2020,1
Sudan,SDN,2021,1
Sudan,SDN,2022,1
Sudan,SDN,2023,1
Sweden,SWE,1970,122.836
Sweden,SWE,1971,121.137
Sweden,SWE,1972,132.388
Sweden,SWE,1973,147.397
Sweden,SWE,1974,141.371
Sweden,SWE,1975,140.442
Sweden,SWE,1976,143.617
Sweden,SWE,1977,169.153
Sweden,SWE,1978,263.556
Sweden,SWE,1979,175.699
Sweden,SWE,1980,165.988
Sweden,SWE,1981,184.504
Sweden,SWE,1982,184.511
Sweden,SWE,1983,204.046
Sweden,SWE,1984,235.262
Sweden,SWE,1985,231.483
Sweden,SWE,1986,262.042
Sweden,SWE,1987,254.107
Sweden,SWE,1988,207.804
Sweden,SWE,1989,227.715
Sweden,SWE,1990,242.685
Sweden,SWE,1991,239.321
Sweden,SWE,1992,210.319
Sweden,SWE,1993,298.772
Sweden,SWE,1994,275.224
Sweden,SWE,1995,268.2
Sweden,SWE,1996,271.866
Sweden,SWE,1997,304.048
Sweden,SWE,1998,299.051
Sweden,SWE,1999,341.584
Sweden,SWE,2000,328.737
Sweden,SWE,2001,306.029
Sweden,SWE,2002,320.823
Sweden,SWE,2003,340.701
Sweden,SWE,2004,319.563
Sweden,SWE,2005,309.933
Sweden,SWE,2006,292.255
Sweden,SWE,2007,323.171
Sweden,SWE,2008,293.068
Sweden,SWE,2009,288.59
Sweden,SWE,2010,302.145
Sweden,SWE,2011,301.959
Sweden,SWE,2012,309.337
Sweden,SWE,2013,341.346
Sweden,SWE,2014,382.611
Sweden,SWE,2015,479.686
Sweden,SWE,2016,498.686
Sweden,SWE,2017,467.5
Sweden,SWE,2018,443.624
Sweden,SWE,2019,419.926
Sweden,SWE,2020,400.939
Sweden,SWE,2021,428.585
Sweden,SWE,2022,422.086
Sweden,SWE,2023,404
Sweden,SWE,2024,400
Taiwan,TWN,1970,2.973
Taiwan,TWN,1971,2.26
Taiwan,TWN,1972,2.302
Taiwan,TWN,1973,2.898
Taiwan,TWN,1974,1.021
Taiwan,TWN,1975,0.193
Taiwan,TWN,1976,3.109
Taiwan,TWN,1977,2.112
Taiwan,TWN,1978,2.343
Taiwan,TWN,1979,2.656
Taiwan,TWN,1980,2.957
Taiwan,TWN,1981,6.683
Taiwan,TWN,1982,15.679
Taiwan,TWN,1983,10.739
Taiwan,TWN,1984,11.33
Taiwan,TWN,1985,11.386
Taiwan,TWN,1986,12.613
Taiwan,TWN,1987,9.856
Taiwan,TWN,1988,8.388
Taiwan,TWN,1989,6.491
Taiwan,TWN,1990,3.926
Taiwan,TWN,1991,0
Tajikistan,TJK,2008,3.1
Tajikistan,TJK,2009,3.1
Tajikistan,TJK,2010,3.1
Tajikistan,TJK,2011,1.8
Tajikistan,TJK,2012,1.8
Tajikistan,TJK,2013,1.8
Tajikistan,TJK,2014,1.7
Tajikistan,TJK,2015,2.7
Tajikistan,TJK,2016,3.2
Tajikistan,TJK,2017,6.6
Tajikistan,TJK,2018,9.5
Tajikistan,TJK,2019,10.8
Tajikistan,TJK,2020,3.3
Tajikistan,TJK,2021,11
Tajikistan,TJK,2022,11
Tajikistan,TJK,2023,12
Tanzania,TZA,1970,0.034
Tanzania,TZA,1971,0.001
Tanzania,TZA,1997,0
Tanzania,TZA,1998,0
Tanzania,TZA,1999,0.276
Tanzania,TZA,2000,1.384
Tanzania,TZA,2001,6.861
Tanzania,TZA,2002,6.69
Tanzania,TZA,2003,7.986
Tanzania,TZA,2004,13.216
Tanzania,TZA,2005,12.891
Tanzania,TZA,2006,14.906
Tanzania,TZA,2007,12.381
Tanzania,TZA,2008,10.388
Tanzania,TZA,2009,8.231
Tanzania,TZA,2010,12.04
Tanzania,TZA,2011,13.524
Tanzania,TZA,2012,11.227
Tanzania,TZA,2013,11.014
Tanzania,TZA,2014,14.493
Tanzania,TZA,2015,15.569
Tanzania,TZA,2016,17.984
Tanzania,TZA,2017,10.911
Tanzania,TZA,2018,12.041
Tanzania,TZA,2019,12.607
Tanzania,TZA,2020,13.187
Tanzania,TZA,2021,9.324
Tanzania,TZA,2022,13.602
Tanzania,TZA,2023,14.481
Thailand,THA,1988,10
Thailand,THA,1989,15
Thailand,THA,1990,20.5
Thailand,THA,1991,20
Thailand,THA,1992,10
Thailand,THA,1993,11
Thailand,THA,1994,10
Thailand,THA,1997,0
Thailand,THA,2005,14.013
Thailand,THA,2006,11.24
Thailand,THA,2007,7.727
Thailand,THA,2008,5.465
Thailand,THA,2009,15.3
Thailand,THA,2010,15.3
Thailand,THA,2011,16.423
Thailand,THA,2012,32.047
Thailand,THA,2013,32.381
Thailand,THA,2014,29.216
Thailand,THA,2015,26.438
Thailand,THA,2016,26.43
Thailand,THA,2017,0
Thailand,THA,2019,0
Thailand,THA,2020,0
Thailand,THA,2021,0
Thailand,THA,2022,0
Thailand,THA,2023,10.417
Tunisia,TUN,1970,1.8
Tunisia,TUN,1971,3.287
Tunisia,TUN,1972,7.258
Tunisia,TUN,1973,5.91
Tunisia,TUN,1974,4.23
Tunisia,TUN,1975,9.095
Tunisia,TUN,1976,7.85
Tunisia,TUN,1977,7.351
Tunisia,TUN,1978,1.962
Tunisia,TUN,1979,3.17
Tunisia,TUN,1980,7.332
Tunisia,TUN,1981,2.621
Tunisia,TUN,1982,3.562
Tunisia,TUN,1983,2.803
Tunisia,TUN,1984,1.66
Tunisia,TUN,1985,0.804
Tunisia,TUN,1986,0.809
Tunisia,TUN,1987,0.7
Tunisia,TUN,1988,1
Tunisia,TUN,1989,1
Tunisia,TUN,1990,1
Tunisia,TUN,1991,1
Tunisia,TUN,1992,1
Tunisia,TUN,1993,1
Tunisia,TUN,1994,1
Tunisia,TUN,1995,2.5
Tunisia,TUN,1996,1.5
Tunisia,TUN,1997,0.1
Tunisia,TUN,1998,2.5
Tunisia,TUN,1999,4
Tunisia,TUN,2000,3.7
Tunisia,TUN,2001,3.65
Tunisia,TUN,2002,3
Tunisia,TUN,2003,3
Tunisia,TUN,2004,2
Tunisia,TUN,2005,4
Turkey,TUR,1979,7.8
Turkey,TUR,1980,6.5
Turkey,TUR,1981,8.6
Turkey,TUR,1982,8.7
Turkey,TUR,1983,6.8
Turkey,TUR,1984,7
Turkey,TUR,1985,16.8
Turkey,TUR,1986,8.9
Turkey,TUR,1987,8.8
Turkey,TUR,1988,22.5
Turkey,TUR,1989,35
Turkey,TUR,1990,26.5
Turkey,TUR,1991,48
Turkey,TUR,1992,92
Turkey,TUR,1993,64
Turkey,TUR,1994,60
Turkey,TUR,1995,53
Turkey,TUR,1996,71
Turkey,TUR,1997,90
Turkey,TUR,1998,87
Turkey,TUR,1999,90
Turkey,TUR,2000,193
Turkey,TUR,2001,188
Turkey,TUR,2002,124
Turkey,TUR,2003,158
Turkey,TUR,2004,122
Turkey,TUR,2005,219
Turkey,TUR,2006,266
Turkey,TUR,2007,315
Turkey,TUR,2008,294
Turkey,TUR,2009,351.6
Turkey,TUR,2010,363.52
Turkey,TUR,2011,246.5
Turkey,TUR,2012,193.89
Turkey,TUR,2013,189.6
Turkey,TUR,2014,183.88
Turkey,TUR,2015,190.55
Turkey,TUR,2016,376.64
Turkey,TUR,2017,151.49
Turkey,TUR,2018,197.32
Turkey,TUR,2019,242
Turkey,TUR,2020,98.27
Turkey,TUR,2021,162.67
Turkey,TUR,2022,143.26
Turkey,TUR,2023,96.13
USSR,OWID_USS,1970,1182
USSR,OWID_USS,1971,1213
USSR,OWID_USS,1972,1244
USSR,OWID_USS,1973,1275
USSR,OWID_USS,1974,1300
USSR,OWID_USS,1975,1340
USSR,OWID_USS,1976,1370
USSR,OWID_USS,1977,1550
USSR,OWID_USS,1978,1570
USSR,OWID_USS,1979,1550
USSR,OWID_USS,1980,1550
USSR,OWID_USS,1981,1580
USSR,OWID_USS,1982,1595
USSR,OWID_USS,1983,1600
USSR,OWID_USS,1984,1600
USSR,OWID_USS,1985,1620
USSR,OWID_USS,1986,1600
USSR,OWID_USS,1987,1550
USSR,OWID_USS,1988,1320
USSR,OWID_USS,1989,1250
USSR,OWID_USS,1990,1380
USSR,OWID_USS,1991,1270
United Kingdom,GBR,1975,4.354
United Kingdom,GBR,1976,3.345
United Kingdom,GBR,1977,4.166
United Kingdom,GBR,1978,1.272
United Kingdom,GBR,1979,0
United Kingdom,GBR,1980,1.373
United Kingdom,GBR,1981,3.278
United Kingdom,GBR,1982,3.28
United Kingdom,GBR,1983,2.635
United Kingdom,GBR,1984,2.558
United Kingdom,GBR,1985,1.72
United Kingdom,GBR,1986,1.773
United Kingdom,GBR,1987,2.031
United Kingdom,GBR,1988,2.113
United Kingdom,GBR,1989,1.689
United Kingdom,GBR,1990,2.695
United Kingdom,GBR,1991,0.565
United Kingdom,GBR,2005,0
United Kingdom,GBR,2006,0
United Kingdom,GBR,2007,0.212
United Kingdom,GBR,2008,0.398
United Kingdom,GBR,2009,0.514
United Kingdom,GBR,2010,0.506
United Kingdom,GBR,2011,0.531
United Kingdom,GBR,2012,0.23
United Kingdom,GBR,2013,0.082
United Kingdom,GBR,2014,0
United Kingdom,GBR,2015,0
United Kingdom,GBR,2016,0.014
United Kingdom,GBR,2017,0
United Kingdom,GBR,2018,0
United Kingdom,GBR,2019,0.13
United Kingdom,GBR,2020,0.1
United Kingdom,GBR,2021,0.41
United Kingdom,GBR,2022,1.34
United Kingdom,GBR,2023,0.63
United States,USA,1970,1399.831
United States,USA,1971,1292.79
United States,USA,1972,1158.1
United States,USA,1973,1165.896
United States,USA,1974,1050.136
United States,USA,1975,1086.706
United States,USA,1976,1067.752
United States,USA,1977,1187.114
United States,USA,1978,1225.05
United States,USA,1979,1178.71
United States,USA,1980,1005.579
United States,USA,1981,1265.418
United States,USA,1982,1251.895
United States,USA,1983,1350.885
United States,USA,1984,1386.988
United States,USA,1985,1226.531
United States,USA,1986,1073.838
United States,USA,1987,1240.95
United States,USA,1988,1661.452
United States,USA,1989,2007.436
United States,USA,1990,2121
United States,USA,1991,1855
United States,USA,1992,1804
United States,USA,1993,1645
United States,USA,1994,1485.9
United States,USA,1995,1564.9
United States,USA,1996,1570.2
United States,USA,1997,2180
United States,USA,1998,2064.8
United States,USA,1999,1950.9
United States,USA,2000,1980.1
United States,USA,2001,1740
United States,USA,2002,1354
United States,USA,2003,1239.4
United States,USA,2004,1246.1
United States,USA,2005,1225.8
United States,USA,2006,1155.3
United States,USA,2007,1281
United States,USA,2008,1250
United States,USA,2009,1245
United States,USA,2010,1275.9
United States,USA,2011,1122.3
United States,USA,2012,1055
United States,USA,2013,1037
United States,USA,2014,1184
United States,USA,2015,1090
United States,USA,2016,1150
United States,USA,2017,1030
United States,USA,2018,934
United States,USA,2019,981
United States,USA,2020,1030
United States,USA,2021,1020
United States,USA,2022,1010
United States,USA,2023,1020
United States,USA,2024,1100
Uzbekistan,UZB,1992,69
Uzbekistan,UZB,1993,68
Uzbekistan,UZB,1994,60
Uzbekistan,UZB,1995,50
Uzbekistan,UZB,1996,50
Uzbekistan,UZB,1997,50
Uzbekistan,UZB,1998,50.5
Uzbekistan,UZB,1999,61.1
Uzbekistan,UZB,2000,60
Uzbekistan,UZB,2001,60
Uzbekistan,UZB,2002,60
Uzbekistan,UZB,2003,60
Uzbekistan,UZB,2004,60
Uzbekistan,UZB,2005,60
Uzbekistan,UZB,2006,62.2
Uzbekistan,UZB,2007,77.8
Uzbekistan,UZB,2008,74.6
Uzbekistan,UZB,2009,52.9
Uzbekistan,UZB,2010,59.1
Uzbekistan,UZB,2011,60
Uzbekistan,UZB,2012,60
Uzbekistan,UZB,2013,23
Uzbekistan,UZB,2014,23
Uzbekistan,UZB,2015,230
Uzbekistan,UZB,2016,230
Uzbekistan,UZB,2017,183.5
Uzbekistan,UZB,2018,183.5
Uzbekistan,UZB,2019,189.7
Uzbekistan,UZB,2020,196
Uzbekistan,UZB,2021,211.5
Uzbekistan,UZB,2022,217.7
Uzbekistan,UZB,2023,239.5
West Germany,OWID_GFR,1970,56.424
West Germany,OWID_GFR,1971,58.209
West Germany,OWID_GFR,1972,54.628
West Germany,OWID_GFR,1973,44.971
West Germany,OWID_GFR,1974,38.4
West Germany,OWID_GFR,1975,33.6
West Germany,OWID_GFR,1976,32
West Germany,OWID_GFR,1977,33
West Germany,OWID_GFR,1978,33.8
West Germany,OWID_GFR,1979,36.7
West Germany,OWID_GFR,1980,37.7
West Germany,OWID_GFR,1981,39.3
West Germany,OWID_GFR,1982,39.7
West Germany,OWID_GFR,1983,36.3
West Germany,OWID_GFR,1984,38.1
West Germany,OWID_GFR,1985,34.3
West Germany,OWID_GFR,1986,27.5
West Germany,OWID_GFR,1987,30.9
West Germany,OWID_GFR,1988,20
West Germany,OWID_GFR,1989,8.5
West Germany,OWID_GFR,1990,8
World,OWID_WRL,1900,5400
World,OWID_WRL,1901,5380
World,OWID_WRL,1902,5060
World,OWID_WRL,1903,5220
World,OWID_WRL,1904,5110
World,OWID_WRL,1905,5360
World,OWID_WRL,1906,5130
World,OWID_WRL,1907,5730
World,OWID_WRL,1908,6320
World,OWID_WRL,1909,6600
World,OWID_WRL,1910,6900
World,OWID_WRL,1911,7040
World,OWID_WRL,1912,6980
World,OWID_WRL,1913,7010
World,OWID_WRL,1914,5240
World,OWID_WRL,1915,5730
World,OWID_WRL,1916,5250
World,OWID_WRL,1917,5420
World,OWID_WRL,1918,6140
World,OWID_WRL,1919,5490
World,OWID_WRL,1920,5390
World,OWID_WRL,1921,5330
World,OWID_WRL,1922,6530
World,OWID_WRL,1923,7650
World,OWID_WRL,1924,7450
World,OWID_WRL,1925,7650
World,OWID_WRL,1926,7890
World,OWID_WRL,1927,7900
World,OWID_WRL,1928,8020
World,OWID_WRL,1929,8120
World,OWID_WRL,1930,7740
World,OWID_WRL,1931,6080
World,OWID_WRL,1932,5130
World,OWID_WRL,1933,5340
World,OWID_WRL,1934,5990
World,OWID_WRL,1935,6890
World,OWID_WRL,1936,7920
World,OWID_WRL,1937,8640
World,OWID_WRL,1938,8320
World,OWID_WRL,1939,8300
World,OWID_WRL,1940,8570
World,OWID_WRL,1941,8140
World,OWID_WRL,1942,7780
World,OWID_WRL,1943,6380
World,OWID_WRL,1944,5740
World,OWID_WRL,1945,5040
World,OWID_WRL,1946,3970
World,OWID_WRL,1947,5220
World,OWID_WRL,1948,5440
World,OWID_WRL,1949,5570
World,OWID_WRL,1950,6320
World,OWID_WRL,1951,6210
World,OWID_WRL,1952,6700
World,OWID_WRL,1953,6900
World,OWID_WRL,1954,6670
World,OWID_WRL,1955,7000
World,OWID_WRL,1956,7020
World,OWID_WRL,1957,7190
World,OWID_WRL,1958,7430
World,OWID_WRL,1959,6910
World,OWID_WRL,1960,7320
World,OWID_WRL,1961,7370
World,OWID_WRL,1962,7650
World,OWID_WRL,1963,7780
World,OWID_WRL,1964,7730
World,OWID_WRL,1965,8010
World,OWID_WRL,1966,8300
World,OWID_WRL,1967,8030
World,OWID_WRL,1968,8560
World,OWID_WRL,1969,9200
World,OWID_WRL,1970,9360
World,OWID_WRL,1971,9170
World,OWID_WRL,1972,9380
World,OWID_WRL,1973,9700
World,OWID_WRL,1974,9260
World,OWID_WRL,1975,9430
World,OWID_WRL,1976,9840
World,OWID_WRL,1977,10300
World,OWID_WRL,1978,10700
World,OWID_WRL,1979,10800
World,OWID_WRL,1980,10700
World,OWID_WRL,1981,11200
World,OWID_WRL,1982,11500
World,OWID_WRL,1983,12100
World,OWID_WRL,1984,13100
World,OWID_WRL,1985,13100
World,OWID_WRL,1986,13000
World,OWID_WRL,1987,14000
World,OWID_WRL,1988,15500
World,OWID_WRL,1989,16400
World,OWID_WRL,1990,16600
World,OWID_WRL,1991,15600
World,OWID_WRL,1992,14900
World,OWID_WRL,1993,14100
World,OWID_WRL,1994,14000
World,OWID_WRL,1995,14900
World,OWID_WRL,1996,15100
World,OWID_WRL,1997,16500
World,OWID_WRL,1998,17200
World,OWID_WRL,1999,17600
World,OWID_WRL,2000,18100
World,OWID_WRL,2001,18700
World,OWID_WRL,2002,18800
World,OWID_WRL,2003,18800
World,OWID_WRL,2004,20000
World,OWID_WRL,2005,20800
World,OWID_WRL,2006,20100
World,OWID_WRL,2007,20800
World,OWID_WRL,2008,21300
World,OWID_WRL,2009,22300
World,OWID_WRL,2010,23300
World,OWID_WRL,2011,23300
World,OWID_WRL,2012,24300
World,OWID_WRL,2013,26700
World,OWID_WRL,2014,28000
World,OWID_WRL,2015,27600
World,OWID_WRL,2016,28600
World,OWID_WRL,2017,26500
World,OWID_WRL,2018,25900
World,OWID_WRL,2019,25800
World,OWID_WRL,2020,23500
World,OWID_WRL,2021,25000
World,OWID_WRL,2022,25600
World,OWID_WRL,2023,25476
World,OWID_WRL,2024,25200
Yugoslavia,OWID_YGS,1970,106.271
Yugoslavia,OWID_YGS,1971,104.307
Yugoslavia,OWID_YGS,1972,101
Yugoslavia,OWID_YGS,1973,118
Yugoslavia,OWID_YGS,1974,121
Yugoslavia,OWID_YGS,1975,143.595
Yugoslavia,OWID_YGS,1976,144
Yugoslavia,OWID_YGS,1977,145.5
Yugoslavia,OWID_YGS,1978,159.392
Yugoslavia,OWID_YGS,1979,162.181
Yugoslavia,OWID_YGS,1980,148.791
Yugoslavia,OWID_YGS,1981,137.516
Yugoslavia,OWID_YGS,1982,103.976
Yugoslavia,OWID_YGS,1983,123.903
Yugoslavia,OWID_YGS,1984,128.167
Yugoslavia,OWID_YGS,1985,156.451
Yugoslavia,OWID_YGS,1986,177.446
Yugoslavia,OWID_YGS,1987,151.129
Yugoslavia,OWID_YGS,1988,138.957
Yugoslavia,OWID_YGS,1989,133.018
Yugoslavia,OWID_YGS,1990,105.3
Yugoslavia,OWID_YGS,1991,92
Zambia,ZMB,1970,47.845
Zambia,ZMB,1971,39.39
Zambia,ZMB,1972,3.403
Zambia,ZMB,1973,2.426
Zambia,ZMB,1974,34.2
Zambia,ZMB,1975,31.1
Zambia,ZMB,1976,33.1
Zambia,ZMB,1977,24.903
Zambia,ZMB,1978,33.261
Zambia,ZMB,1979,28.417
Zambia,ZMB,1980,23.752
Zambia,ZMB,1981,22.219
Zambia,ZMB,1982,27.599
Zambia,ZMB,1983,29.027
Zambia,ZMB,1984,24.736
Zambia,ZMB,1985,18.873
Zambia,ZMB,1986,26.78
Zambia,ZMB,1987,29.879
Zambia,ZMB,1988,29.333
Zambia,ZMB,1989,19.802
Zambia,ZMB,1990,18.5
Zambia,ZMB,1991,14.2
Zambia,ZMB,1992,18.264
Zambia,ZMB,1993,18.123
Zambia,ZMB,1994,12.166
Zambia,ZMB,1995,7.875
Zambia,ZMB,1996,9.643
Zambia,ZMB,1997,7.219
Zambia,ZMB,1998,6.936
Zambia,ZMB,1999,6.076
Zambia,ZMB,2000,6
Zambia,ZMB,2015,0
Zambia,ZMB,2016,0
Zambia,ZMB,2017,0
Zambia,ZMB,2018,0.093
Zambia,ZMB,2019,7.212
Zambia,ZMB,2020,9
Zambia,ZMB,2021,9
Zambia,ZMB,2022,9
Zambia,ZMB,2023,7
Zimbabwe,ZWE,1970,2.686
Zimbabwe,ZWE,1971,3.333
Zimbabwe,ZWE,1972,3.919
Zimbabwe,ZWE,1973,5.256
Zimbabwe,ZWE,1974,4.85
Zimbabwe,ZWE,1975,7.533
Zimbabwe,ZWE,1976,6.228
Zimbabwe,ZWE,1977,6.442
Zimbabwe,ZWE,1978,34.505
Zimbabwe,ZWE,1979,30.418
Zimbabwe,ZWE,1980,29.681
Zimbabwe,ZWE,1981,26.655
Zimbabwe,ZWE,1982,28.552
Zimbabwe,ZWE,1983,29.081
Zimbabwe,ZWE,1984,27.837
Zimbabwe,ZWE,1985,24.851
Zimbabwe,ZWE,1986,26.126
Zimbabwe,ZWE,1987,25.348
Zimbabwe,ZWE,1988,21.896
Zimbabwe,ZWE,1989,22.332
Zimbabwe,ZWE,1990,21.151
Zimbabwe,ZWE,1991,19.38
Zimbabwe,ZWE,1992,16.93
Zimbabwe,ZWE,1993,12.004
Zimbabwe,ZWE,1994,10.942
Zimbabwe,ZWE,1995,15.64
Zimbabwe,ZWE,1996,9.982
Zimbabwe,ZWE,1997,5.923
Zimbabwe,ZWE,1998,6.681
Zimbabwe,ZWE,1999,5.396
Zimbabwe,ZWE,2000,3.799
Zimbabwe,ZWE,2001,3.344
Zimbabwe,ZWE,2002,3.219
Zimbabwe,ZWE,2003,2.483
Zimbabwe,ZWE,2004,3.216
Zimbabwe,ZWE,2005,3.4
Zimbabwe,ZWE,2006,1
Zimbabwe,ZWE,2007,1.1
Zimbabwe,ZWE,2008,0.5
Zimbabwe,ZWE,2016,1.463
Zimbabwe,ZWE,2017,1.48
Zimbabwe,ZWE,2018,1.542
Zimbabwe,ZWE,2019,1.493
Zimbabwe,ZWE,2020,1.522
Zimbabwe,ZWE,2021,2.677
Zimbabwe,ZWE,2022,1.545
Zimbabwe,ZWE,2023,1.55