Entity,Code,Year,production|Lead|Mine|tonnes
Algeria,DZA,1970,6523
Algeria,DZA,1971,4717
Algeria,DZA,1972,4989
Algeria,DZA,1973,3880
Algeria,DZA,1974,3000
Algeria,DZA,1975,3200
Algeria,DZA,1976,2100
Algeria,DZA,1977,900
Algeria,DZA,1978,1500
Algeria,DZA,1979,2200
Algeria,DZA,1980,2400
Algeria,DZA,1981,3200
Algeria,DZA,1982,3000
Algeria,DZA,1983,3000
Algeria,DZA,1984,3600
Algeria,DZA,1985,3800
Algeria,DZA,1986,3500
Algeria,DZA,1987,2000
Algeria,DZA,1988,2300
Algeria,DZA,1989,1700
Algeria,DZA,1990,1100
Algeria,DZA,1991,1100
Algeria,DZA,1992,900
Algeria,DZA,1993,900
Algeria,DZA,1994,700
Algeria,DZA,1995,900
Algeria,DZA,1996,600
Algeria,DZA,1997,840
Algeria,DZA,1998,730
Algeria,DZA,1999,760
Algeria,DZA,2000,510
Algeria,DZA,2001,560
Algeria,DZA,2002,690
Argentina,ARG,1970,35588
Argentina,ARG,1971,39882
Argentina,ARG,1972,38365
Argentina,ARG,1973,35120
Argentina,ARG,1974,37826
Argentina,ARG,1975,30046
Argentina,ARG,1976,33004
Argentina,ARG,1977,33601
Argentina,ARG,1978,30253
Argentina,ARG,1979,31775
Argentina,ARG,1980,32606
Argentina,ARG,1981,32652
Argentina,ARG,1982,32777
Argentina,ARG,1983,31684
Argentina,ARG,1984,28542
Argentina,ARG,1985,28582
Argentina,ARG,1986,26868
Argentina,ARG,1987,26069
Argentina,ARG,1988,28549
Argentina,ARG,1989,26650
Argentina,ARG,1990,23365
Argentina,ARG,1991,23697
Argentina,ARG,1992,17956
Argentina,ARG,1993,11826
Argentina,ARG,1994,9981
Argentina,ARG,1995,10521
Argentina,ARG,1996,11272
Argentina,ARG,1997,13760
Argentina,ARG,1998,15004
Argentina,ARG,1999,14256
Argentina,ARG,2000,14115
Argentina,ARG,2001,12334
Argentina,ARG,2002,12011
Argentina,ARG,2003,12079
Argentina,ARG,2004,9551
Argentina,ARG,2005,10683
Argentina,ARG,2006,12064
Argentina,ARG,2007,17045
Argentina,ARG,2008,20788
Argentina,ARG,2009,24753
Argentina,ARG,2010,22600
Argentina,ARG,2011,26100
Argentina,ARG,2012,26500
Argentina,ARG,2013,28700
Argentina,ARG,2015,29834
Argentina,ARG,2016,28016
Argentina,ARG,2017,40135
Argentina,ARG,2018,28260
Argentina,ARG,2019,29766
Argentina,ARG,2020,13086
Argentina,ARG,2021,17100
Argentina,ARG,2022,18600
Argentina,ARG,2023,32300
Australia,AUS,1970,456743
Australia,AUS,1971,403557
Australia,AUS,1972,396000
Australia,AUS,1973,402796
Australia,AUS,1974,375304
Australia,AUS,1975,407801
Australia,AUS,1976,397403
Australia,AUS,1977,432204
Australia,AUS,1978,400291
Australia,AUS,1979,421581
Australia,AUS,1980,397491
Australia,AUS,1981,388122
Australia,AUS,1982,455338
Australia,AUS,1983,480626
Australia,AUS,1984,440620
Australia,AUS,1985,497954
Australia,AUS,1986,447673
Australia,AUS,1987,489150
Australia,AUS,1988,462170
Australia,AUS,1989,495000
Australia,AUS,1990,565000
Australia,AUS,1991,579000
Australia,AUS,1992,580000
Australia,AUS,1993,510000
Australia,AUS,1994,505000
Australia,AUS,1995,455000
Australia,AUS,1996,527000
Australia,AUS,1997,526000
Australia,AUS,1998,618000
Australia,AUS,1999,677000
Australia,AUS,2000,651000
Australia,AUS,2001,759000
Australia,AUS,2002,694000
Australia,AUS,2003,688000
Australia,AUS,2004,674000
Australia,AUS,2005,766215
Australia,AUS,2006,668023
Australia,AUS,2007,640648
Australia,AUS,2008,649824
Australia,AUS,2009,567007
Australia,AUS,2010,711366
Australia,AUS,2011,621487
Australia,AUS,2012,620598
Australia,AUS,2013,711210
Australia,AUS,2015,653488
Australia,AUS,2016,441338
Australia,AUS,2017,395190
Australia,AUS,2018,446571
Australia,AUS,2019,500985
Australia,AUS,2020,494000
Australia,AUS,2021,485000
Australia,AUS,2022,435000
Australia,AUS,2023,430000
Australia,AUS,2024,430000
Austria,AUT,1970,6003
Austria,AUT,1971,7715
Austria,AUT,1972,6668
Austria,AUT,1973,6139
Austria,AUT,1974,5785
Austria,AUT,1975,6101
Austria,AUT,1976,5393
Austria,AUT,1977,5002
Austria,AUT,1978,5524
Austria,AUT,1979,5214
Austria,AUT,1980,5475
Austria,AUT,1981,5683
Austria,AUT,1982,5574
Austria,AUT,1983,5750
Austria,AUT,1984,5574
Austria,AUT,1985,7500
Austria,AUT,1986,5699
Austria,AUT,1987,6437
Austria,AUT,1988,3315
Austria,AUT,1989,2345
Austria,AUT,1990,2187
Austria,AUT,1991,1915
Austria,AUT,1992,1715
Austria,AUT,1993,2047
Bolivia,BOL,1972,19200
Bolivia,BOL,1973,20904
Bolivia,BOL,1974,17623
Bolivia,BOL,1975,16018
Bolivia,BOL,1976,18581
Bolivia,BOL,1977,18441
Bolivia,BOL,1978,18042
Bolivia,BOL,1979,15359
Bolivia,BOL,1980,17269
Bolivia,BOL,1981,16757
Bolivia,BOL,1982,12441
Bolivia,BOL,1983,12099
Bolivia,BOL,1984,7371
Bolivia,BOL,1985,6242
Bolivia,BOL,1986,2568
Bolivia,BOL,1987,9134
Bolivia,BOL,1988,12531
Bolivia,BOL,1989,15728
Bolivia,BOL,1990,19913
Bolivia,BOL,1991,20810
Bolivia,BOL,1992,20010
Bolivia,BOL,1993,21220
Bolivia,BOL,1994,19678
Bolivia,BOL,1995,20387
Bolivia,BOL,1996,16538
Bolivia,BOL,1997,18608
Bolivia,BOL,1998,13848
Bolivia,BOL,1999,10153
Bolivia,BOL,2000,9523
Bolivia,BOL,2001,8857
Bolivia,BOL,2002,9892
Bolivia,BOL,2003,9740
Bolivia,BOL,2004,10267
Bolivia,BOL,2005,11231
Bolivia,BOL,2006,11955
Bolivia,BOL,2007,22798
Bolivia,BOL,2008,81602
Bolivia,BOL,2009,84538
Bolivia,BOL,2010,72834
Bolivia,BOL,2011,100096
Bolivia,BOL,2012,81142
Bolivia,BOL,2013,82602
Bolivia,BOL,2015,75272
Bolivia,BOL,2016,89906
Bolivia,BOL,2017,113285
Bolivia,BOL,2018,112140
Bolivia,BOL,2019,88342
Bolivia,BOL,2020,65000
Bolivia,BOL,2021,93000
Bolivia,BOL,2022,90000
Bolivia,BOL,2023,60000
Bolivia,BOL,2024,60000
Bosnia and Herzegovina,BIH,1992,800
Bosnia and Herzegovina,BIH,1993,200
Bosnia and Herzegovina,BIH,1994,200
Bosnia and Herzegovina,BIH,2003,200
Bosnia and Herzegovina,BIH,2004,900
Bosnia and Herzegovina,BIH,2005,1100
Bosnia and Herzegovina,BIH,2006,634
Bosnia and Herzegovina,BIH,2007,2548
Bosnia and Herzegovina,BIH,2008,3316
Bosnia and Herzegovina,BIH,2009,2080
Bosnia and Herzegovina,BIH,2010,3196
Bosnia and Herzegovina,BIH,2011,3656
Bosnia and Herzegovina,BIH,2012,5238
Bosnia and Herzegovina,BIH,2013,6308
Bosnia and Herzegovina,BIH,2015,6199
Bosnia and Herzegovina,BIH,2016,6803
Bosnia and Herzegovina,BIH,2017,7092
Bosnia and Herzegovina,BIH,2018,7347
Bosnia and Herzegovina,BIH,2019,2421
Bosnia and Herzegovina,BIH,2020,3360
Bosnia and Herzegovina,BIH,2021,3679
Bosnia and Herzegovina,BIH,2022,3900
Bosnia and Herzegovina,BIH,2023,4075
Brazil,BRA,1970,27754
Brazil,BRA,1971,27836
Brazil,BRA,1972,29880
Brazil,BRA,1973,25946
Brazil,BRA,1974,25922
Brazil,BRA,1975,22365
Brazil,BRA,1976,22615
Brazil,BRA,1977,24039
Brazil,BRA,1978,21203
Brazil,BRA,1979,22445
Brazil,BRA,1980,21754
Brazil,BRA,1981,21650
Brazil,BRA,1982,19360
Brazil,BRA,1983,18821
Brazil,BRA,1984,18775
Brazil,BRA,1985,16997
Brazil,BRA,1986,13614
Brazil,BRA,1987,11472
Brazil,BRA,1988,13802
Brazil,BRA,1989,14155
Brazil,BRA,1990,8809
Brazil,BRA,1991,7273
Brazil,BRA,1992,2517
Brazil,BRA,1993,117
Brazil,BRA,1994,806
Brazil,BRA,1995,5689
Brazil,BRA,1996,7894
Brazil,BRA,1997,8729
Brazil,BRA,1998,7567
Brazil,BRA,1999,10281
Brazil,BRA,2000,8832
Brazil,BRA,2001,10725
Brazil,BRA,2002,9253
Brazil,BRA,2003,10652
Brazil,BRA,2004,14737
Brazil,BRA,2005,16063
Brazil,BRA,2006,16007
Brazil,BRA,2007,15522
Brazil,BRA,2008,15000
Brazil,BRA,2009,8917
Brazil,BRA,2010,12832
Brazil,BRA,2011,8545
Brazil,BRA,2012,8922
Brazil,BRA,2013,8020
Brazil,BRA,2015,9441
Brazil,BRA,2016,9015
Brazil,BRA,2017,6157
Brazil,BRA,2018,7277
Brazil,BRA,2019,6000
Brazil,BRA,2020,5352
Brazil,BRA,2021,6307
Brazil,BRA,2022,7407
Brazil,BRA,2023,16100
Bulgaria,BGR,1970,95500
Bulgaria,BGR,1971,100000
Bulgaria,BGR,1972,102000
Bulgaria,BGR,1973,105000
Bulgaria,BGR,1974,110000
Bulgaria,BGR,1975,108000
Bulgaria,BGR,1976,110000
Bulgaria,BGR,1977,110000
Bulgaria,BGR,1978,110000
Bulgaria,BGR,1979,108000
Bulgaria,BGR,1980,100000
Bulgaria,BGR,1981,90000
Bulgaria,BGR,1982,95000
Bulgaria,BGR,1983,95000
Bulgaria,BGR,1984,95000
Bulgaria,BGR,1985,97000
Bulgaria,BGR,1986,69500
Bulgaria,BGR,1987,60700
Bulgaria,BGR,1988,60000
Bulgaria,BGR,1989,49500
Bulgaria,BGR,1990,45200
Bulgaria,BGR,1991,40600
Bulgaria,BGR,1992,39600
Bulgaria,BGR,1993,34400
Bulgaria,BGR,1994,32000
Bulgaria,BGR,1995,32500
Bulgaria,BGR,1996,28500
Bulgaria,BGR,1997,28000
Bulgaria,BGR,1998,24200
Bulgaria,BGR,1999,13800
Bulgaria,BGR,2000,13700
Bulgaria,BGR,2001,18500
Bulgaria,BGR,2002,19800
Bulgaria,BGR,2003,19950
Bulgaria,BGR,2004,19400
Bulgaria,BGR,2005,24354
Bulgaria,BGR,2006,19571
Bulgaria,BGR,2007,17768
Bulgaria,BGR,2008,14577
Bulgaria,BGR,2009,12981
Bulgaria,BGR,2010,12705
Bulgaria,BGR,2011,14369
Bulgaria,BGR,2012,15949
Bulgaria,BGR,2013,16914
Bulgaria,BGR,2015,16456
Bulgaria,BGR,2016,19688
Bulgaria,BGR,2017,16099
Bulgaria,BGR,2018,14723
Bulgaria,BGR,2019,17097
Bulgaria,BGR,2020,18929
Bulgaria,BGR,2021,10193
Bulgaria,BGR,2022,7825
Bulgaria,BGR,2023,5400
Burkina Faso,BFA,2010,0
Burkina Faso,BFA,2011,0
Burkina Faso,BFA,2012,0
Burkina Faso,BFA,2013,2168
Canada,CAN,1970,357196
Canada,CAN,1971,394778
Canada,CAN,1972,370029
Canada,CAN,1973,387768
Canada,CAN,1974,301362
Canada,CAN,1975,352502
Canada,CAN,1976,243956
Canada,CAN,1977,327593
Canada,CAN,1978,365782
Canada,CAN,1979,341777
Canada,CAN,1980,296641
Canada,CAN,1981,332045
Canada,CAN,1982,341212
Canada,CAN,1983,251383
Canada,CAN,1984,311391
Canada,CAN,1985,307400
Canada,CAN,1986,349281
Canada,CAN,1987,423207
Canada,CAN,1988,366564
Canada,CAN,1989,276065
Canada,CAN,1990,241277
Canada,CAN,1991,276528
Canada,CAN,1992,343808
Canada,CAN,1993,183155
Canada,CAN,1994,170909
Canada,CAN,1995,210286
Canada,CAN,1996,257253
Canada,CAN,1997,186234
Canada,CAN,1998,189752
Canada,CAN,1999,162180
Canada,CAN,2000,148769
Canada,CAN,2001,153932
Canada,CAN,2002,97178
Canada,CAN,2003,81264
Canada,CAN,2004,76730
Canada,CAN,2005,79254
Canada,CAN,2006,83096
Canada,CAN,2007,75135
Canada,CAN,2008,99810
Canada,CAN,2009,68839
Canada,CAN,2010,64844
Canada,CAN,2011,67505
Canada,CAN,2012,64116
Canada,CAN,2013,20678
Canada,CAN,2015,3809
Canada,CAN,2016,12020
Canada,CAN,2017,20477
Canada,CAN,2018,17874
Canada,CAN,2019,22824
Canada,CAN,2020,3800
Canada,CAN,2021,9339
Canada,CAN,2022,4436
Canada,CAN,2023,2000
Chile,CHL,1970,892
Chile,CHL,1971,881
Chile,CHL,1972,462
Chile,CHL,1973,252
Chile,CHL,1974,420
Chile,CHL,1975,309
Chile,CHL,1976,1816
Chile,CHL,1977,876
Chile,CHL,1978,431
Chile,CHL,1979,252
Chile,CHL,1980,461
Chile,CHL,1981,223
Chile,CHL,1982,1552
Chile,CHL,1983,1679
Chile,CHL,1984,4284
Chile,CHL,1985,2473
Chile,CHL,1986,1501
Chile,CHL,1987,829
Chile,CHL,1988,1359
Chile,CHL,1989,1241
Chile,CHL,1990,1120
Chile,CHL,1991,1050
Chile,CHL,1992,298
Chile,CHL,1993,344
Chile,CHL,1994,1008
Chile,CHL,1995,944
Chile,CHL,1996,1374
Chile,CHL,1997,1264
Chile,CHL,1998,337
Chile,CHL,1999,608
Chile,CHL,2000,785
Chile,CHL,2001,1193
Chile,CHL,2002,2895
Chile,CHL,2003,1697
Chile,CHL,2004,2286
Chile,CHL,2005,878
Chile,CHL,2006,672
Chile,CHL,2007,1305
Chile,CHL,2008,3985
Chile,CHL,2009,1511
Chile,CHL,2010,695
Chile,CHL,2011,841
Chile,CHL,2012,410
Chile,CHL,2013,1829
Chile,CHL,2015,2979
Chile,CHL,2016,1110
Chile,CHL,2017,1562
Chile,CHL,2018,712
Chile,CHL,2019,7
Chile,CHL,2020,1386
Chile,CHL,2021,382
Chile,CHL,2022,457
Chile,CHL,2023,325
China,CHN,1970,100000
China,CHN,1971,100000
China,CHN,1972,125000
China,CHN,1973,130000
China,CHN,1974,140000
China,CHN,1975,140000
China,CHN,1976,140000
China,CHN,1977,150000
China,CHN,1978,150000
China,CHN,1979,155000
China,CHN,1980,160000
China,CHN,1981,160000
China,CHN,1982,160000
China,CHN,1983,200000
China,CHN,1984,210000
China,CHN,1985,230500
China,CHN,1986,226800
China,CHN,1987,267300
China,CHN,1988,311600
China,CHN,1989,341400
China,CHN,1990,315300
China,CHN,1991,352000
China,CHN,1992,330200
China,CHN,1993,346300
China,CHN,1994,461900
China,CHN,1995,514200
China,CHN,1996,643400
China,CHN,1997,711900
China,CHN,1998,580500
China,CHN,1999,548900
China,CHN,2000,659500
China,CHN,2001,676000
China,CHN,2002,640700
China,CHN,2003,954600
China,CHN,2004,997200
China,CHN,2005,1142000
China,CHN,2006,1331000
China,CHN,2007,1402000
China,CHN,2008,1402700
China,CHN,2009,1604100
China,CHN,2010,1981300
China,CHN,2011,2405700
China,CHN,2012,2613200
China,CHN,2013,2696538
China,CHN,2015,2335024
China,CHN,2016,2337485
China,CHN,2017,1852200
China,CHN,2018,1892173
China,CHN,2019,1787400
China,CHN,2020,1900000
China,CHN,2021,1960000
China,CHN,2022,1950000
China,CHN,2023,1960000
China,CHN,2024,1900000
Colombia,COL,1970,585
Colombia,COL,1971,411
Colombia,COL,1972,126
Colombia,COL,1973,153
Colombia,COL,1974,126
Colombia,COL,1975,114
Colombia,COL,1976,140
Colombia,COL,1977,166
Colombia,COL,1978,120
Colombia,COL,1979,226
Colombia,COL,1980,187
Colombia,COL,1981,154
Colombia,COL,1982,196
Colombia,COL,1983,154
Colombia,COL,1984,51
Colombia,COL,1985,82
Colombia,COL,1986,101
Congo,COG,1970,100
Congo,COG,1971,29
Congo,COG,1972,473
Congo,COG,1973,1340
Congo,COG,1974,1650
Congo,COG,1975,1997
Congo,COG,1976,2100
Congo,COG,1977,2100
Congo,COG,1978,4200
Congo,COG,1979,7000
Congo,COG,1980,7000
Congo,COG,1981,7682
Congo,COG,1982,4000
Congo,COG,1983,4000
Congo,COG,1984,2500
Congo,COG,1985,1500
Congo,COG,1986,400
Congo,COG,1987,430
Congo,COG,1988,760
Cuba,CUB,2015,0
Cuba,CUB,2016,0
Cuba,CUB,2017,1500
Cuba,CUB,2018,25400
Cuba,CUB,2019,35000
Cuba,CUB,2020,30000
Cuba,CUB,2021,30000
Cuba,CUB,2022,33000
Cuba,CUB,2023,35000
Czechoslovakia,OWID_CZS,1970,6990
Czechoslovakia,OWID_CZS,1971,7000
Czechoslovakia,OWID_CZS,1972,4917
Czechoslovakia,OWID_CZS,1973,5300
Czechoslovakia,OWID_CZS,1974,5400
Czechoslovakia,OWID_CZS,1975,4700
Czechoslovakia,OWID_CZS,1976,4700
Czechoslovakia,OWID_CZS,1977,4300
Czechoslovakia,OWID_CZS,1978,4700
Czechoslovakia,OWID_CZS,1979,3400
Czechoslovakia,OWID_CZS,1980,2904
Czechoslovakia,OWID_CZS,1981,2675
Czechoslovakia,OWID_CZS,1982,2649
Czechoslovakia,OWID_CZS,1983,2652
Czechoslovakia,OWID_CZS,1984,3100
Czechoslovakia,OWID_CZS,1985,2718
Czechoslovakia,OWID_CZS,1986,2944
Czechoslovakia,OWID_CZS,1987,2849
Czechoslovakia,OWID_CZS,1988,2814
Czechoslovakia,OWID_CZS,1989,2670
Czechoslovakia,OWID_CZS,1990,2997
Czechoslovakia,OWID_CZS,1991,3375
Czechoslovakia,OWID_CZS,1992,2000
Democratic Republic of Congo,COD,2011,0
Democratic Republic of Congo,COD,2012,800
Democratic Republic of Congo,COD,2013,600
Democratic Republic of Congo,COD,2015,700
Democratic Republic of Congo,COD,2016,100
Democratic Republic of Congo,COD,2017,0
East Germany,OWID_GDR,1970,10000
East Germany,OWID_GDR,1971,5000
East Germany,OWID_GDR,1972,5000
East Germany,OWID_GDR,1973,3000
Finland,FIN,1970,5005
Finland,FIN,1971,4739
Finland,FIN,1972,3849
Finland,FIN,1973,2134
Finland,FIN,1974,1532
Finland,FIN,1975,900
Finland,FIN,1976,1100
Finland,FIN,1977,1258
Finland,FIN,1978,1300
Finland,FIN,1979,1920
Finland,FIN,1980,1779
Finland,FIN,1981,2007
Finland,FIN,1982,2384
Finland,FIN,1983,2651
Finland,FIN,1984,2478
Finland,FIN,1985,2927
Finland,FIN,1986,1980
Finland,FIN,1987,2401
Finland,FIN,1988,1924
Finland,FIN,1989,2552
Finland,FIN,1990,2424
Finland,FIN,1991,2531
Finland,FIN,1992,923
Finland,FIN,1993,0
Finland,FIN,1994,0
Finland,FIN,1995,0
Finland,FIN,1996,1200
Finland,FIN,1997,2200
Finland,FIN,1998,1800
Finland,FIN,1999,130
Finland,FIN,2000,380
Finland,FIN,2015,0
Finland,FIN,2016,0
Finland,FIN,2017,0
Finland,FIN,2018,0
Finland,FIN,2019,932
Finland,FIN,2020,1532
Finland,FIN,2021,1494
Finland,FIN,2022,1535
Finland,FIN,2023,909
France,FRA,1970,29385
France,FRA,1971,29759
France,FRA,1972,26618
France,FRA,1973,25009
France,FRA,1974,22976
France,FRA,1975,22305
France,FRA,1976,27996
France,FRA,1977,31481
France,FRA,1978,35500
France,FRA,1979,29531
France,FRA,1980,28847
France,FRA,1981,19186
France,FRA,1982,6867
France,FRA,1983,2377
France,FRA,1984,2647
France,FRA,1985,2488
France,FRA,1986,2478
France,FRA,1987,2199
France,FRA,1988,2000
France,FRA,1989,1060
France,FRA,1990,1141
France,FRA,1991,1745
Georgia,GEO,1992,800
Georgia,GEO,1993,500
Georgia,GEO,1994,400
Georgia,GEO,2017,0
Georgia,GEO,2018,0
Georgia,GEO,2019,1124
Georgia,GEO,2020,1183
Georgia,GEO,2021,1253
Georgia,GEO,2022,2192
Georgia,GEO,2023,2301
Germany,DEU,1991,7300
Germany,DEU,1992,2100
Greece,GRC,1970,11212
Greece,GRC,1971,11168
Greece,GRC,1972,16235
Greece,GRC,1973,17640
Greece,GRC,1974,22100
Greece,GRC,1975,13206
Greece,GRC,1976,27000
Greece,GRC,1977,16024
Greece,GRC,1978,20300
Greece,GRC,1979,21638
Greece,GRC,1980,22097
Greece,GRC,1981,22400
Greece,GRC,1982,19470
Greece,GRC,1983,20090
Greece,GRC,1984,22154
Greece,GRC,1985,19752
Greece,GRC,1986,20873
Greece,GRC,1987,20600
Greece,GRC,1988,25900
Greece,GRC,1989,25100
Greece,GRC,1990,26200
Greece,GRC,1991,31700
Greece,GRC,1992,28300
Greece,GRC,1993,26400
Greece,GRC,1994,19740
Greece,GRC,1995,14283
Greece,GRC,1996,8383
Greece,GRC,1997,19335
Greece,GRC,1998,22632
Greece,GRC,1999,19699
Greece,GRC,2000,15554
Greece,GRC,2001,26588
Greece,GRC,2002,29300
Greece,GRC,2003,2000
Greece,GRC,2004,0
Greece,GRC,2005,2900
Greece,GRC,2006,11400
Greece,GRC,2007,13400
Greece,GRC,2008,14000
Greece,GRC,2009,10000
Greece,GRC,2010,12200
Greece,GRC,2011,13400
Greece,GRC,2012,18060
Greece,GRC,2013,18010
Greece,GRC,2015,14500
Greece,GRC,2016,14300
Greece,GRC,2017,12600
Greece,GRC,2018,15376
Greece,GRC,2019,14827
Greece,GRC,2020,19656
Greece,GRC,2021,16758
Greece,GRC,2022,10100
Greece,GRC,2023,15200
Greenland,GRL,1970,0
Greenland,GRL,1971,0
Greenland,GRL,1972,0
Greenland,GRL,1973,0
Greenland,GRL,1974,37000
Greenland,GRL,1975,32000
Greenland,GRL,1976,27000
Greenland,GRL,1977,28800
Greenland,GRL,1978,30700
Greenland,GRL,1979,31600
Greenland,GRL,1980,29800
Greenland,GRL,1981,27000
Greenland,GRL,1982,26500
Greenland,GRL,1983,21600
Greenland,GRL,1984,17800
Greenland,GRL,1985,17800
Greenland,GRL,1986,17000
Greenland,GRL,1987,21000
Greenland,GRL,1988,23000
Greenland,GRL,1989,24000
Greenland,GRL,1990,16000
Guatemala,GTM,1970,986
Guatemala,GTM,1971,153
Guatemala,GTM,1972,65
Guatemala,GTM,1973,102
Guatemala,GTM,1974,112
Guatemala,GTM,1975,71
Guatemala,GTM,1976,109
Guatemala,GTM,1977,108
Guatemala,GTM,1978,119
Guatemala,GTM,1979,90
Guatemala,GTM,1980,92
Guatemala,GTM,2004,47
Guatemala,GTM,2005,23
Guatemala,GTM,2006,28
Guatemala,GTM,2007,165
Guatemala,GTM,2008,0
Guatemala,GTM,2009,0
Guatemala,GTM,2010,0
Guatemala,GTM,2011,0
Guatemala,GTM,2012,2300
Guatemala,GTM,2013,863
Guatemala,GTM,2015,10153
Guatemala,GTM,2016,9970
Guatemala,GTM,2017,4200
Guatemala,GTM,2018,0
Guatemala,GTM,2019,377
Guatemala,GTM,2020,422
Guatemala,GTM,2021,0
Guatemala,GTM,2022,0
Guatemala,GTM,2023,0
Honduras,HND,1970,15970
Honduras,HND,1971,17940
Honduras,HND,1972,20725
Honduras,HND,1973,18544
Honduras,HND,1974,18433
Honduras,HND,1975,23263
Honduras,HND,1976,18590
Honduras,HND,1977,23538
Honduras,HND,1978,21155
Honduras,HND,1979,15755
Honduras,HND,1980,13763
Honduras,HND,1981,13654
Honduras,HND,1982,12417
Honduras,HND,1983,19291
Honduras,HND,1984,21054
Honduras,HND,1985,21250
Honduras,HND,1986,6454
Honduras,HND,1987,3728
Honduras,HND,1988,11195
Honduras,HND,1989,5936
Honduras,HND,1990,4237
Honduras,HND,1991,8719
Honduras,HND,1992,9561
Honduras,HND,1993,3838
Honduras,HND,1994,2777
Honduras,HND,1995,2461
Honduras,HND,1996,4669
Honduras,HND,1997,5930
Honduras,HND,1998,4329
Honduras,HND,1999,5226
Honduras,HND,2000,4805
Honduras,HND,2001,6750
Honduras,HND,2002,8128
Honduras,HND,2003,9014
Honduras,HND,2004,8877
Honduras,HND,2005,10488
Honduras,HND,2006,11775
Honduras,HND,2007,10215
Honduras,HND,2008,12545
Honduras,HND,2009,14471
Honduras,HND,2010,16954
Honduras,HND,2011,13100
Honduras,HND,2012,12400
Honduras,HND,2013,11600
Honduras,HND,2015,9800
Honduras,HND,2016,3985
Honduras,HND,2017,6761
Honduras,HND,2018,9893
Honduras,HND,2019,12308
Honduras,HND,2020,12300
Honduras,HND,2021,12000
Honduras,HND,2022,12000
Honduras,HND,2023,12000
Hungary,HUN,1970,1735
Hungary,HUN,1971,1735
Hungary,HUN,1972,2368
Hungary,HUN,1973,2540
Hungary,HUN,1974,1239
Hungary,HUN,1975,864
Hungary,HUN,1976,259
Hungary,HUN,1977,175
Hungary,HUN,1978,1023
Hungary,HUN,1979,965
Hungary,HUN,1980,1064
Hungary,HUN,1981,937
Hungary,HUN,1982,583
Hungary,HUN,1983,671
Hungary,HUN,1984,587
Hungary,HUN,1985,575
Hungary,HUN,1986,174
India,IND,1970,2388
India,IND,1971,3300
India,IND,1972,3700
India,IND,1973,7300
India,IND,1974,8900
India,IND,1975,12300
India,IND,1976,12800
India,IND,1977,21516
India,IND,1978,13076
India,IND,1979,14403
India,IND,1980,14433
India,IND,1981,15200
India,IND,1982,14000
India,IND,1983,19900
India,IND,1984,18600
India,IND,1985,26000
India,IND,1986,25000
India,IND,1987,29000
India,IND,1988,23300
India,IND,1989,25000
India,IND,1990,25500
India,IND,1991,25000
India,IND,1992,30500
India,IND,1993,26000
India,IND,1994,23900
India,IND,1995,34000
India,IND,1996,35000
India,IND,1997,32900
India,IND,1998,37700
India,IND,1999,37700
India,IND,2000,34600
India,IND,2001,32600
India,IND,2002,37800
India,IND,2003,46700
India,IND,2004,52200
India,IND,2005,59731
India,IND,2006,67363
India,IND,2007,77717
India,IND,2008,82053
India,IND,2009,82629
India,IND,2010,84442
India,IND,2011,89699
India,IND,2012,104345
India,IND,2013,109812
India,IND,2015,143707
India,IND,2016,150964
India,IND,2017,173789
India,IND,2018,207067
India,IND,2019,202964
India,IND,2020,204000
India,IND,2021,215000
India,IND,2022,220000
India,IND,2023,226000
India,IND,2024,220000
Indonesia,IDN,2013,6200
Indonesia,IDN,2015,5500
Indonesia,IDN,2016,5300
Indonesia,IDN,2017,7900
Indonesia,IDN,2018,11400
Indonesia,IDN,2019,9500
Indonesia,IDN,2020,7100
Indonesia,IDN,2021,6700
Indonesia,IDN,2022,4800
Indonesia,IDN,2023,6400
Iran,IRN,1970,22940
Iran,IRN,1971,29937
Iran,IRN,1972,30000
Iran,IRN,1973,37500
Iran,IRN,1974,47500
Iran,IRN,1975,50000
Iran,IRN,1976,40000
Iran,IRN,1977,30000
Iran,IRN,1978,30000
Iran,IRN,1979,15000
Iran,IRN,1980,12000
Iran,IRN,1981,20000
Iran,IRN,1982,25000
Iran,IRN,1983,18500
Iran,IRN,1984,19900
Iran,IRN,1985,23000
Iran,IRN,1986,22000
Iran,IRN,1987,20000
Iran,IRN,1988,17000
Iran,IRN,1989,10500
Iran,IRN,1990,9200
Iran,IRN,1991,16900
Iran,IRN,1992,12400
Iran,IRN,1993,14700
Iran,IRN,1994,18300
Iran,IRN,1995,15900
Iran,IRN,1996,15700
Iran,IRN,1997,9300
Iran,IRN,1998,12500
Iran,IRN,1999,14400
Iran,IRN,2000,17200
Iran,IRN,2001,18000
Iran,IRN,2002,19000
Iran,IRN,2003,20000
Iran,IRN,2004,21000
Iran,IRN,2005,21179
Iran,IRN,2006,30000
Iran,IRN,2007,31864
Iran,IRN,2008,26905
Iran,IRN,2009,27000
Iran,IRN,2010,32000
Iran,IRN,2011,40000
Iran,IRN,2012,45000
Iran,IRN,2013,42000
Iran,IRN,2015,43785
Iran,IRN,2016,47000
Iran,IRN,2017,48000
Iran,IRN,2018,49600
Iran,IRN,2019,72500
Iran,IRN,2020,70000
Iran,IRN,2021,50000
Iran,IRN,2022,52000
Iran,IRN,2023,60000
Iran,IRN,2024,60000
Ireland,IRL,1970,62873
Ireland,IRL,1971,51592
Ireland,IRL,1972,59622
Ireland,IRL,1973,56188
Ireland,IRL,1974,37695
Ireland,IRL,1975,36247
Ireland,IRL,1976,32612
Ireland,IRL,1977,41012
Ireland,IRL,1978,47744
Ireland,IRL,1979,69000
Ireland,IRL,1980,58000
Ireland,IRL,1981,29000
Ireland,IRL,1982,39000
Ireland,IRL,1983,34000
Ireland,IRL,1984,37200
Ireland,IRL,1985,34600
Ireland,IRL,1986,36400
Ireland,IRL,1987,33800
Ireland,IRL,1988,32500
Ireland,IRL,1989,32100
Ireland,IRL,1990,35300
Ireland,IRL,1991,39900
Ireland,IRL,1992,42900
Ireland,IRL,1993,48300
Ireland,IRL,1994,53700
Ireland,IRL,1995,46100
Ireland,IRL,1996,45300
Ireland,IRL,1997,45000
Ireland,IRL,1998,35900
Ireland,IRL,1999,39200
Ireland,IRL,2000,57500
Ireland,IRL,2001,44500
Ireland,IRL,2002,41700
Ireland,IRL,2003,50300
Ireland,IRL,2004,63800
Ireland,IRL,2005,72200
Ireland,IRL,2006,61800
Ireland,IRL,2007,56800
Ireland,IRL,2008,50200
Ireland,IRL,2009,49500
Ireland,IRL,2010,39100
Ireland,IRL,2011,50700
Ireland,IRL,2012,47400
Ireland,IRL,2013,42950
Ireland,IRL,2015,31300
Ireland,IRL,2016,19582
Ireland,IRL,2017,17083
Ireland,IRL,2018,16712
Ireland,IRL,2019,16100
Ireland,IRL,2020,14401
Ireland,IRL,2021,13192
Ireland,IRL,2022,14181
Ireland,IRL,2023,7019
Italy,ITA,1970,35200
Italy,ITA,1971,31600
Italy,ITA,1972,33700
Italy,ITA,1973,25900
Italy,ITA,1974,23300
Italy,ITA,1975,29500
Italy,ITA,1976,29300
Italy,ITA,1977,30475
Italy,ITA,1978,27308
Italy,ITA,1979,28100
Italy,ITA,1980,23600
Italy,ITA,1981,21300
Italy,ITA,1982,16300
Italy,ITA,1983,23500
Italy,ITA,1984,21500
Italy,ITA,1985,15622
Italy,ITA,1986,11119
Italy,ITA,1987,12202
Italy,ITA,1988,16503
Italy,ITA,1989,14600
Italy,ITA,1990,15600
Italy,ITA,1991,14000
Italy,ITA,1992,18000
Italy,ITA,1993,7404
Italy,ITA,1994,13902
Italy,ITA,1995,15400
Italy,ITA,1996,13900
Italy,ITA,1997,11800
Italy,ITA,1998,6800
Italy,ITA,1999,6500
Italy,ITA,2000,3300
Italy,ITA,2001,2700
Italy,ITA,2002,3200
Italy,ITA,2003,2700
Italy,ITA,2004,800
Italy,ITA,2005,6000
Italy,ITA,2006,6000
Italy,ITA,2007,3000
Italy,ITA,2009,17000
Japan,JPN,1970,64407
Japan,JPN,1971,70586
Japan,JPN,1972,63449
Japan,JPN,1973,52900
Japan,JPN,1974,44248
Japan,JPN,1975,47208
Japan,JPN,1976,48906
Japan,JPN,1977,50132
Japan,JPN,1978,51770
Japan,JPN,1979,46259
Japan,JPN,1980,43209
Japan,JPN,1981,45882
Japan,JPN,1982,45225
Japan,JPN,1983,46994
Japan,JPN,1984,48110
Japan,JPN,1985,49716
Japan,JPN,1986,34998
Japan,JPN,1987,28024
Japan,JPN,1988,22090
Japan,JPN,1989,18595
Japan,JPN,1990,18727
Japan,JPN,1991,18329
Japan,JPN,1992,18839
Japan,JPN,1993,16470
Japan,JPN,1994,9946
Japan,JPN,1995,9659
Japan,JPN,1996,7753
Japan,JPN,1997,5227
Japan,JPN,1998,6198
Japan,JPN,1999,6064
Japan,JPN,2000,8669
Japan,JPN,2001,5516
Japan,JPN,2002,5758
Japan,JPN,2003,5700
Japan,JPN,2004,5500
Japan,JPN,2005,3400
Japan,JPN,2006,800
Kazakhstan,KAZ,1992,130000
Kazakhstan,KAZ,1993,183837
Kazakhstan,KAZ,1994,69000
Kazakhstan,KAZ,1995,30500
Kazakhstan,KAZ,1996,29000
Kazakhstan,KAZ,1997,28400
Kazakhstan,KAZ,1998,30200
Kazakhstan,KAZ,1999,34200
Kazakhstan,KAZ,2000,39300
Kazakhstan,KAZ,2001,37500
Kazakhstan,KAZ,2002,45500
Kazakhstan,KAZ,2003,38200
Kazakhstan,KAZ,2004,44135
Kazakhstan,KAZ,2005,45370
Kazakhstan,KAZ,2006,48100
Kazakhstan,KAZ,2007,40200
Kazakhstan,KAZ,2008,38800
Kazakhstan,KAZ,2009,34000
Kazakhstan,KAZ,2010,35000
Kazakhstan,KAZ,2011,38800
Kazakhstan,KAZ,2012,38000
Kazakhstan,KAZ,2013,40800
Kazakhstan,KAZ,2015,40700
Kazakhstan,KAZ,2016,70500
Kazakhstan,KAZ,2017,111200
Kazakhstan,KAZ,2018,86400
Kazakhstan,KAZ,2019,55700
Kazakhstan,KAZ,2020,30000
Kazakhstan,KAZ,2021,29900
Kazakhstan,KAZ,2022,30100
Kazakhstan,KAZ,2023,45200
Kenya,KEN,1988,700
Kenya,KEN,1989,500
Kenya,KEN,1990,700
Kenya,KEN,1991,600
Kenya,KEN,1992,0
Kenya,KEN,1993,396
Kenya,KEN,1994,350
Kenya,KEN,1995,4
Kosovo,OWID_KOS,2005,0
Kosovo,OWID_KOS,2006,0
Kosovo,OWID_KOS,2007,0
Kosovo,OWID_KOS,2008,0
Kosovo,OWID_KOS,2009,6500
Kosovo,OWID_KOS,2010,5700
Kosovo,OWID_KOS,2011,4530
Kosovo,OWID_KOS,2012,5295
Kosovo,OWID_KOS,2013,6378
Kosovo,OWID_KOS,2015,5541
Kosovo,OWID_KOS,2016,6530
Kosovo,OWID_KOS,2017,5142
Kosovo,OWID_KOS,2018,4694
Kosovo,OWID_KOS,2019,3990
Kosovo,OWID_KOS,2020,4737
Kosovo,OWID_KOS,2021,5241
Kosovo,OWID_KOS,2022,3358
Kosovo,OWID_KOS,2023,3633
Laos,LAO,2007,222
Laos,LAO,2008,710
Laos,LAO,2009,1000
Laos,LAO,2010,1355
Laos,LAO,2011,1361
Laos,LAO,2012,164
Laos,LAO,2013,1600
Laos,LAO,2015,200
Laos,LAO,2016,200
Laos,LAO,2017,700
Laos,LAO,2018,300
Laos,LAO,2019,254
Laos,LAO,2020,98
Laos,LAO,2021,173
Laos,LAO,2022,1803
Laos,LAO,2023,985
Mexico,MEX,1970,176600
Mexico,MEX,1971,156800
Mexico,MEX,1972,161358
Mexico,MEX,1973,179296
Mexico,MEX,1974,218021
Mexico,MEX,1975,178615
Mexico,MEX,1976,200027
Mexico,MEX,1977,163479
Mexico,MEX,1978,170533
Mexico,MEX,1979,173455
Mexico,MEX,1980,145549
Mexico,MEX,1981,157384
Mexico,MEX,1982,145844
Mexico,MEX,1983,167405
Mexico,MEX,1984,183314
Mexico,MEX,1985,206732
Mexico,MEX,1986,182672
Mexico,MEX,1987,177161
Mexico,MEX,1988,171337
Mexico,MEX,1989,163017
Mexico,MEX,1990,177279
Mexico,MEX,1991,160406
Mexico,MEX,1992,172563
Mexico,MEX,1993,181741
Mexico,MEX,1994,163836
Mexico,MEX,1995,164348
Mexico,MEX,1996,173831
Mexico,MEX,1997,174661
Mexico,MEX,1998,166060
Mexico,MEX,1999,125656
Mexico,MEX,2000,137975
Mexico,MEX,2001,118247
Mexico,MEX,2002,138707
Mexico,MEX,2003,139348
Mexico,MEX,2004,118484
Mexico,MEX,2005,134388
Mexico,MEX,2006,135025
Mexico,MEX,2007,137133
Mexico,MEX,2008,141173
Mexico,MEX,2009,143838
Mexico,MEX,2010,192062
Mexico,MEX,2011,223717
Mexico,MEX,2012,238091
Mexico,MEX,2013,253361
Mexico,MEX,2015,263772
Mexico,MEX,2016,242071
Mexico,MEX,2017,243022
Mexico,MEX,2018,240300
Mexico,MEX,2019,259457
Mexico,MEX,2020,260000
Mexico,MEX,2021,272000
Mexico,MEX,2022,273000
Mexico,MEX,2023,183000
Mexico,MEX,2024,180000
Mongolia,MNG,2013,200
Mongolia,MNG,2015,200
Mongolia,MNG,2016,4700
Mongolia,MNG,2017,7400
Mongolia,MNG,2018,11304
Mongolia,MNG,2019,11796
Mongolia,MNG,2020,12000
Mongolia,MNG,2021,10940
Mongolia,MNG,2022,9500
Mongolia,MNG,2023,8500
Montenegro,MNE,2009,0
Montenegro,MNE,2011,1200
Montenegro,MNE,2012,1958
Montenegro,MNE,2013,1200
Montenegro,MNE,2015,2200
Montenegro,MNE,2016,3600
Montenegro,MNE,2017,3110
Montenegro,MNE,2018,3100
Montenegro,MNE,2019,3480
Montenegro,MNE,2020,1008
Montenegro,MNE,2021,2004
Montenegro,MNE,2022,1349
Montenegro,MNE,2023,3714
Morocco,MAR,1970,76100
Morocco,MAR,1971,78000
Morocco,MAR,1972,86600
Morocco,MAR,1973,94000
Morocco,MAR,1974,92537
Morocco,MAR,1975,67812
Morocco,MAR,1976,64146
Morocco,MAR,1977,104308
Morocco,MAR,1978,109420
Morocco,MAR,1979,110743
Morocco,MAR,1980,114823
Morocco,MAR,1981,115974
Morocco,MAR,1982,103571
Morocco,MAR,1983,97157
Morocco,MAR,1984,100558
Morocco,MAR,1985,107072
Morocco,MAR,1986,77152
Morocco,MAR,1987,75185
Morocco,MAR,1988,75079
Morocco,MAR,1989,66629
Morocco,MAR,1990,71822
Morocco,MAR,1991,77531
Morocco,MAR,1992,59600
Morocco,MAR,1993,81680
Morocco,MAR,1994,73160
Morocco,MAR,1995,68870
Morocco,MAR,1996,75253
Morocco,MAR,1997,78228
Morocco,MAR,1998,81000
Morocco,MAR,1999,80000
Morocco,MAR,2000,82147
Morocco,MAR,2001,76748
Morocco,MAR,2002,62417
Morocco,MAR,2003,39387
Morocco,MAR,2004,41400
Morocco,MAR,2005,46000
Morocco,MAR,2006,41300
Morocco,MAR,2007,42240
Morocco,MAR,2008,33477
Morocco,MAR,2009,34517
Morocco,MAR,2010,32647
Morocco,MAR,2011,30850
Morocco,MAR,2012,27526
Morocco,MAR,2013,30765
Morocco,MAR,2015,32138
Morocco,MAR,2016,29617
Morocco,MAR,2017,38009
Morocco,MAR,2018,30339
Morocco,MAR,2019,32736
Morocco,MAR,2020,38162
Morocco,MAR,2021,31318
Morocco,MAR,2022,36022
Morocco,MAR,2023,35000
Myanmar,MMR,1970,8000
Myanmar,MMR,1971,9000
Myanmar,MMR,1972,7600
Myanmar,MMR,1973,9800
Myanmar,MMR,1974,4500
Myanmar,MMR,1975,9800
Myanmar,MMR,1976,7100
Myanmar,MMR,1977,8000
Myanmar,MMR,1978,9200
Myanmar,MMR,1979,14500
Myanmar,MMR,1980,5900
Myanmar,MMR,1981,4900
Myanmar,MMR,1982,9100
Myanmar,MMR,1983,8900
Myanmar,MMR,1984,8300
Myanmar,MMR,1985,7623
Myanmar,MMR,1986,6600
Myanmar,MMR,1987,4600
Myanmar,MMR,1988,6000
Myanmar,MMR,1989,5200
Myanmar,MMR,1990,2300
Myanmar,MMR,1991,4800
Myanmar,MMR,1992,2700
Myanmar,MMR,1993,1900
Myanmar,MMR,1994,2300
Myanmar,MMR,1995,4800
Myanmar,MMR,1996,2200
Myanmar,MMR,1997,2800
Myanmar,MMR,1998,2200
Myanmar,MMR,1999,1800
Myanmar,MMR,2000,1200
Myanmar,MMR,2001,900
Myanmar,MMR,2002,2000
Myanmar,MMR,2003,2000
Myanmar,MMR,2004,2000
Myanmar,MMR,2005,2000
Myanmar,MMR,2006,2000
Myanmar,MMR,2007,1000
Myanmar,MMR,2008,1000
Myanmar,MMR,2009,5000
Myanmar,MMR,2010,7100
Myanmar,MMR,2011,8700
Myanmar,MMR,2012,9800
Myanmar,MMR,2013,11700
Myanmar,MMR,2015,17463
Myanmar,MMR,2016,20322
Myanmar,MMR,2017,20322
Myanmar,MMR,2018,45964
Myanmar,MMR,2019,42832
Myanmar,MMR,2020,22710
Myanmar,MMR,2021,25355
Myanmar,MMR,2022,25400
Myanmar,MMR,2023,21000
Namibia,NAM,1970,70500
Namibia,NAM,1971,73200
Namibia,NAM,1972,53000
Namibia,NAM,1973,63200
Namibia,NAM,1974,55200
Namibia,NAM,1975,53100
Namibia,NAM,1976,46400
Namibia,NAM,1977,41200
Namibia,NAM,1978,38600
Namibia,NAM,1979,41000
Namibia,NAM,1980,47700
Namibia,NAM,1981,46500
Namibia,NAM,1982,34900
Namibia,NAM,1983,33800
Namibia,NAM,1984,42600
Namibia,NAM,1985,28284
Namibia,NAM,1986,23326
Namibia,NAM,1987,23692
Namibia,NAM,1988,24446
Namibia,NAM,1989,23389
Namibia,NAM,1990,19386
Namibia,NAM,1991,16058
Namibia,NAM,1992,20000
Namibia,NAM,1993,18000
Namibia,NAM,1994,21100
Namibia,NAM,1995,22100
Namibia,NAM,1996,20300
Namibia,NAM,1997,18300
Namibia,NAM,1998,13500
Namibia,NAM,1999,9886
Namibia,NAM,2000,9797
Namibia,NAM,2001,12827
Namibia,NAM,2002,12088
Namibia,NAM,2003,16112
Namibia,NAM,2004,14338
Namibia,NAM,2005,14320
Namibia,NAM,2006,11830
Namibia,NAM,2007,10543
Namibia,NAM,2008,14062
Namibia,NAM,2009,10129
Namibia,NAM,2010,10140
Namibia,NAM,2011,8330
Namibia,NAM,2012,9530
Namibia,NAM,2013,11224
Namibia,NAM,2015,10746
Namibia,NAM,2016,6116
Namibia,NAM,2017,6577
Namibia,NAM,2018,4293
Namibia,NAM,2019,5892
Namibia,NAM,2020,9181
Namibia,NAM,2021,10194
Namibia,NAM,2022,13401
Namibia,NAM,2023,10332
Nepal,NPL,2013,0
Nepal,NPL,2015,0
Nepal,NPL,2016,0
Nepal,NPL,2017,3900
Nepal,NPL,2018,0
Nepal,NPL,2019,0
Nepal,NPL,2020,1800
Nepal,NPL,2021,5600
Nepal,NPL,2022,2000
Nepal,NPL,2023,2000
Nigeria,NGA,1971,215
Nigeria,NGA,1972,321
Nigeria,NGA,1973,356
Nigeria,NGA,1974,220
Nigeria,NGA,1975,130
Nigeria,NGA,1976,276
Nigeria,NGA,1977,112
Nigeria,NGA,1978,118
Nigeria,NGA,1979,100
Nigeria,NGA,1980,400
Nigeria,NGA,1981,200
Nigeria,NGA,1982,300
Nigeria,NGA,1983,260
Nigeria,NGA,1984,200
Nigeria,NGA,1985,260
Nigeria,NGA,1986,100
Nigeria,NGA,1987,100
Nigeria,NGA,2005,400
Nigeria,NGA,2006,1300
Nigeria,NGA,2007,9800
Nigeria,NGA,2008,3500
Nigeria,NGA,2009,5200
Nigeria,NGA,2010,3300
Nigeria,NGA,2011,9100
Nigeria,NGA,2012,11300
Nigeria,NGA,2013,11500
Nigeria,NGA,2015,15700
Nigeria,NGA,2016,13300
Nigeria,NGA,2017,21000
Nigeria,NGA,2018,15000
Nigeria,NGA,2019,23500
Nigeria,NGA,2020,16000
Nigeria,NGA,2021,38000
Nigeria,NGA,2022,44000
Nigeria,NGA,2023,36000
North Korea,PRK,1970,70000
North Korea,PRK,1971,80000
North Korea,PRK,1972,90000
North Korea,PRK,1973,100000
North Korea,PRK,1974,120000
North Korea,PRK,1975,120000
North Korea,PRK,1976,120000
North Korea,PRK,1977,110000
North Korea,PRK,1978,110000
North Korea,PRK,1979,100000
North Korea,PRK,1980,100000
North Korea,PRK,1981,90000
North Korea,PRK,1982,90000
North Korea,PRK,1983,95000
North Korea,PRK,1984,90000
North Korea,PRK,1985,80000
North Korea,PRK,1986,85000
North Korea,PRK,1987,90000
North Korea,PRK,1988,90000
North Korea,PRK,1989,70000
North Korea,PRK,1990,60000
North Korea,PRK,1991,80000
North Korea,PRK,1992,70000
North Korea,PRK,1993,70000
North Korea,PRK,1994,55000
North Korea,PRK,1995,50000
North Korea,PRK,1996,40000
North Korea,PRK,1997,35000
North Korea,PRK,1998,30000
North Korea,PRK,1999,26000
North Korea,PRK,2000,22000
North Korea,PRK,2001,17000
North Korea,PRK,2002,10000
North Korea,PRK,2003,20000
North Korea,PRK,2004,13000
North Korea,PRK,2005,13000
North Korea,PRK,2006,13000
North Korea,PRK,2007,35000
North Korea,PRK,2008,33000
North Korea,PRK,2009,27000
North Korea,PRK,2010,20000
North Korea,PRK,2011,28500
North Korea,PRK,2012,25000
North Korea,PRK,2013,32456
North Korea,PRK,2015,31684
North Korea,PRK,2016,32116
North Korea,PRK,2017,32621
North Korea,PRK,2018,20000
North Korea,PRK,2019,25000
North Korea,PRK,2020,25000
North Korea,PRK,2021,25000
North Korea,PRK,2022,25000
North Korea,PRK,2023,25000
North Macedonia,MKD,1992,31600
North Macedonia,MKD,1993,32700
North Macedonia,MKD,1994,28600
North Macedonia,MKD,1995,24700
North Macedonia,MKD,1996,26900
North Macedonia,MKD,1997,28000
North Macedonia,MKD,1998,30000
North Macedonia,MKD,1999,27000
North Macedonia,MKD,2000,16180
North Macedonia,MKD,2001,9672
North Macedonia,MKD,2002,3528
North Macedonia,MKD,2003,0
North Macedonia,MKD,2004,0
North Macedonia,MKD,2005,0
North Macedonia,MKD,2006,11531
North Macedonia,MKD,2007,36039
North Macedonia,MKD,2008,49877
North Macedonia,MKD,2009,46788
North Macedonia,MKD,2010,41293
North Macedonia,MKD,2011,37295
North Macedonia,MKD,2012,39184
North Macedonia,MKD,2013,42826
North Macedonia,MKD,2015,37922
North Macedonia,MKD,2016,31034
North Macedonia,MKD,2017,39635
North Macedonia,MKD,2018,41902
North Macedonia,MKD,2019,43491
North Macedonia,MKD,2020,44928
North Macedonia,MKD,2021,42873
North Macedonia,MKD,2022,41471
North Macedonia,MKD,2023,43926
Norway,NOR,1970,3014
Norway,NOR,1971,3160
Norway,NOR,1972,3419
Norway,NOR,1973,3335
Norway,NOR,1974,3376
Norway,NOR,1975,3229
Norway,NOR,1976,3861
Norway,NOR,1977,3163
Norway,NOR,1978,3076
Norway,NOR,1979,2996
Norway,NOR,1980,2469
Norway,NOR,1981,2973
Norway,NOR,1982,4002
Norway,NOR,1983,4309
Norway,NOR,1984,3967
Norway,NOR,1985,3597
Norway,NOR,1986,3366
Norway,NOR,1987,3071
Norway,NOR,1988,2957
Norway,NOR,1989,3841
Norway,NOR,1990,3241
Norway,NOR,1991,3945
Norway,NOR,1992,4170
Norway,NOR,1993,2245
Norway,NOR,1994,3160
Norway,NOR,1995,1462
Norway,NOR,1996,2083
Norway,NOR,1997,2231
Pakistan,PAK,2007,0
Pakistan,PAK,2008,0
Pakistan,PAK,2009,0
Pakistan,PAK,2010,900
Pakistan,PAK,2011,2000
Pakistan,PAK,2012,600
Pakistan,PAK,2013,300
Pakistan,PAK,2015,100
Pakistan,PAK,2016,1196
Pakistan,PAK,2017,3047
Pakistan,PAK,2018,4822
Pakistan,PAK,2019,8089
Pakistan,PAK,2020,7094
Pakistan,PAK,2021,7277
Pakistan,PAK,2022,8886
Pakistan,PAK,2023,7838
Peru,PER,1970,156770
Peru,PER,1971,165814
Peru,PER,1972,184381
Peru,PER,1973,183413
Peru,PER,1974,165798
Peru,PER,1975,154168
Peru,PER,1976,159758
Peru,PER,1977,175700
Peru,PER,1978,182700
Peru,PER,1979,174000
Peru,PER,1980,189133
Peru,PER,1981,186735
Peru,PER,1982,175771
Peru,PER,1983,205100
Peru,PER,1984,198400
Peru,PER,1985,200600
Peru,PER,1986,194378
Peru,PER,1987,203950
Peru,PER,1988,149037
Peru,PER,1989,192213
Peru,PER,1990,187827
Peru,PER,1991,199811
Peru,PER,1992,194225
Peru,PER,1993,218507
Peru,PER,1994,235042
Peru,PER,1995,237597
Peru,PER,1996,248929
Peru,PER,1997,262466
Peru,PER,1998,257713
Peru,PER,1999,271782
Peru,PER,2000,270576
Peru,PER,2001,289546
Peru,PER,2002,298487
Peru,PER,2003,308874
Peru,PER,2004,306211
Peru,PER,2005,319345
Peru,PER,2006,313332
Peru,PER,2007,329154
Peru,PER,2008,345109
Peru,PER,2009,302459
Peru,PER,2010,261990
Peru,PER,2011,230199
Peru,PER,2012,249236
Peru,PER,2013,266472
Peru,PER,2015,315525
Peru,PER,2016,314422
Peru,PER,2017,306784
Peru,PER,2018,289123
Peru,PER,2019,307021
Peru,PER,2020,242000
Peru,PER,2021,264000
Peru,PER,2022,255000
Peru,PER,2023,273000
Peru,PER,2024,270000
Philippines,PHL,1972,0
Philippines,PHL,1973,0
Philippines,PHL,1974,1303
Philippines,PHL,1975,3381
Philippines,PHL,1976,4530
Philippines,PHL,1977,3695
Philippines,PHL,1978,1448
Philippines,PHL,1979,1949
Philippines,PHL,1980,1812
Philippines,PHL,1981,1066
Poland,POL,1970,67200
Poland,POL,1971,69500
Poland,POL,1972,68000
Poland,POL,1973,60500
Poland,POL,1974,64000
Poland,POL,1975,65000
Poland,POL,1976,72000
Poland,POL,1977,66900
Poland,POL,1978,63000
Poland,POL,1979,57000
Poland,POL,1980,47500
Poland,POL,1981,44200
Poland,POL,1982,45300
Poland,POL,1983,47000
Poland,POL,1984,52800
Poland,POL,1985,51300
Poland,POL,1986,42500
Poland,POL,1987,48800
Poland,POL,1988,64000
Poland,POL,1989,65900
Poland,POL,1990,61300
Poland,POL,1991,65300
Poland,POL,1992,51000
Poland,POL,1993,49100
Poland,POL,1994,51600
Poland,POL,1995,58100
Poland,POL,1996,58700
Poland,POL,1997,54729
Poland,POL,1998,59533
Poland,POL,1999,62900
Poland,POL,2000,51200
Poland,POL,2001,52600
Poland,POL,2002,56600
Poland,POL,2003,87100
Poland,POL,2004,86000
Poland,POL,2005,78980
Poland,POL,2006,77450
Poland,POL,2007,61330
Poland,POL,2008,67070
Poland,POL,2009,62910
Poland,POL,2010,48050
Poland,POL,2011,53100
Poland,POL,2012,89000
Poland,POL,2013,79000
Poland,POL,2015,69190
Poland,POL,2016,62750
Poland,POL,2017,73530
Poland,POL,2018,70340
Poland,POL,2019,69860
Poland,POL,2020,65660
Poland,POL,2021,39514
Poland,POL,2022,31000
Poland,POL,2023,30800
Portugal,PRT,1970,1558
Portugal,PRT,1971,1383
Portugal,PRT,1972,1157
Portugal,PRT,1973,460
Portugal,PRT,2003,0
Portugal,PRT,2004,0
Portugal,PRT,2008,0
Portugal,PRT,2009,0
Portugal,PRT,2010,0
Portugal,PRT,2011,0
Portugal,PRT,2012,87
Portugal,PRT,2013,1496
Portugal,PRT,2015,3077
Portugal,PRT,2016,4126
Portugal,PRT,2017,5164
Portugal,PRT,2018,18397
Portugal,PRT,2019,27852
Portugal,PRT,2020,28178
Portugal,PRT,2021,30067
Portugal,PRT,2022,23347
Portugal,PRT,2023,22800
Romania,ROU,1970,40000
Romania,ROU,1971,40000
Romania,ROU,1972,40000
Romania,ROU,1973,45000
Romania,ROU,1974,45000
Romania,ROU,1975,40000
Romania,ROU,1976,42500
Romania,ROU,1977,42000
Romania,ROU,1978,33500
Romania,ROU,1979,33500
Romania,ROU,1980,23000
Romania,ROU,1981,20000
Romania,ROU,1982,27000
Romania,ROU,1983,28500
Romania,ROU,1984,30000
Romania,ROU,1985,34300
Romania,ROU,1986,36300
Romania,ROU,1987,37500
Romania,ROU,1988,36200
Romania,ROU,1989,39400
Romania,ROU,1990,25100
Romania,ROU,1991,16200
Romania,ROU,1992,16700
Romania,ROU,1993,16929
Romania,ROU,1994,23838
Romania,ROU,1995,23194
Romania,ROU,1996,21356
Romania,ROU,1997,19447
Romania,ROU,1998,15128
Romania,ROU,1999,17489
Romania,ROU,2000,18750
Romania,ROU,2001,19676
Romania,ROU,2002,17500
Romania,ROU,2003,15747
Romania,ROU,2004,18297
Romania,ROU,2005,11610
Romania,ROU,2006,6269
Romania,ROU,2007,784
Romania,ROU,2008,0
Romania,ROU,2009,3000
Romania,ROU,2010,300
Romania,ROU,2011,0
Romania,ROU,2012,5300
Romania,ROU,2013,400
Romania,ROU,2015,0
Romania,ROU,2016,0
Romania,ROU,2017,900
Romania,ROU,2018,1200
Romania,ROU,2019,200
Romania,ROU,2020,500
Romania,ROU,2021,700
Romania,ROU,2022,300
Romania,ROU,2023,700
Russia,RUS,1992,43500
Russia,RUS,1993,44400
Russia,RUS,1994,25000
Russia,RUS,1995,22800
Russia,RUS,1996,23000
Russia,RUS,1997,16000
Russia,RUS,1998,13000
Russia,RUS,1999,14000
Russia,RUS,2000,14000
Russia,RUS,2001,14000
Russia,RUS,2002,19000
Russia,RUS,2003,24000
Russia,RUS,2004,23200
Russia,RUS,2005,36400
Russia,RUS,2006,34000
Russia,RUS,2007,48000
Russia,RUS,2008,60000
Russia,RUS,2009,72000
Russia,RUS,2010,97000
Russia,RUS,2011,119000
Russia,RUS,2012,151000
Russia,RUS,2013,165000
Russia,RUS,2015,180000
Russia,RUS,2016,204300
Russia,RUS,2017,204700
Russia,RUS,2018,206100
Russia,RUS,2019,215900
Russia,RUS,2020,210000
Russia,RUS,2021,200000
Russia,RUS,2022,210000
Russia,RUS,2023,218000
Russia,RUS,2024,220000
Saudi Arabia,SAU,2007,123
Saudi Arabia,SAU,2008,347
Saudi Arabia,SAU,2009,685
Saudi Arabia,SAU,2010,543
Saudi Arabia,SAU,2011,396
Serbia,SRB,2006,1400
Serbia,SRB,2007,1600
Serbia,SRB,2008,1600
Serbia,SRB,2009,1800
Serbia,SRB,2010,1800
Serbia,SRB,2011,2100
Serbia,SRB,2012,2500
Serbia,SRB,2013,3100
Serbia,SRB,2015,3300
Serbia,SRB,2016,3500
Serbia,SRB,2017,3200
Serbia,SRB,2018,3230
Serbia,SRB,2019,5730
Serbia,SRB,2020,5400
Serbia,SRB,2021,6300
Serbia,SRB,2022,6700
Serbia,SRB,2023,5900
Serbia and Montenegro,OWID_SRM,1992,22661
Serbia and Montenegro,OWID_SRM,1993,9229
Serbia and Montenegro,OWID_SRM,1994,2667
Serbia and Montenegro,OWID_SRM,1995,3342
Serbia and Montenegro,OWID_SRM,1996,16005
Serbia and Montenegro,OWID_SRM,1997,14029
Serbia and Montenegro,OWID_SRM,1998,16700
Serbia and Montenegro,OWID_SRM,1999,8631
Serbia and Montenegro,OWID_SRM,2000,3790
Serbia and Montenegro,OWID_SRM,2001,4291
Serbia and Montenegro,OWID_SRM,2002,4355
Serbia and Montenegro,OWID_SRM,2003,4567
Serbia and Montenegro,OWID_SRM,2004,900
Serbia and Montenegro,OWID_SRM,2005,1300
Slovakia,SVK,1992,0
Slovakia,SVK,1993,1800
Slovakia,SVK,2009,63
Slovakia,SVK,2010,94
Slovakia,SVK,2011,114
Slovakia,SVK,2012,166
Slovakia,SVK,2013,235
Slovakia,SVK,2015,226
Slovakia,SVK,2016,133
Slovakia,SVK,2017,147
Slovakia,SVK,2018,114
Slovakia,SVK,2019,111
Slovakia,SVK,2020,102
Slovakia,SVK,2021,101
Slovakia,SVK,2022,127
Slovakia,SVK,2023,155
Slovenia,SVN,1992,1000
Slovenia,SVN,1993,1000
South Africa,ZAF,1972,182
South Africa,ZAF,1973,2164
South Africa,ZAF,1974,3316
South Africa,ZAF,1975,3605
South Africa,ZAF,1976,0
South Africa,ZAF,1977,0
South Africa,ZAF,1978,0
South Africa,ZAF,1979,0
South Africa,ZAF,1980,86059
South Africa,ZAF,1981,98901
South Africa,ZAF,1982,90288
South Africa,ZAF,1983,87533
South Africa,ZAF,1984,94764
South Africa,ZAF,1985,98424
South Africa,ZAF,1986,97778
South Africa,ZAF,1987,93642
South Africa,ZAF,1988,90233
South Africa,ZAF,1989,78171
South Africa,ZAF,1990,69417
South Africa,ZAF,1991,76262
South Africa,ZAF,1992,75806
South Africa,ZAF,1993,100171
South Africa,ZAF,1994,95824
South Africa,ZAF,1995,88501
South Africa,ZAF,1996,88613
South Africa,ZAF,1997,83114
South Africa,ZAF,1998,84128
South Africa,ZAF,1999,80191
South Africa,ZAF,2000,75262
South Africa,ZAF,2001,50771
South Africa,ZAF,2002,49444
South Africa,ZAF,2003,39941
South Africa,ZAF,2004,37485
South Africa,ZAF,2005,42159
South Africa,ZAF,2006,48273
South Africa,ZAF,2007,41857
South Africa,ZAF,2008,46440
South Africa,ZAF,2009,49149
South Africa,ZAF,2010,50625
South Africa,ZAF,2011,54460
South Africa,ZAF,2012,52489
South Africa,ZAF,2013,41848
South Africa,ZAF,2015,34573
South Africa,ZAF,2016,39344
South Africa,ZAF,2017,48150
South Africa,ZAF,2018,35118
South Africa,ZAF,2019,42936
South Africa,ZAF,2020,28048
South Africa,ZAF,2021,31224
South Africa,ZAF,2022,39974
South Africa,ZAF,2023,40271
South Korea,KOR,1970,16016
South Korea,KOR,1971,16543
South Korea,KOR,1972,14717
South Korea,KOR,1973,12870
South Korea,KOR,1974,10498
South Korea,KOR,1975,12164
South Korea,KOR,1976,14533
South Korea,KOR,1977,16552
South Korea,KOR,1978,16100
South Korea,KOR,1979,11073
South Korea,KOR,1980,11406
South Korea,KOR,1981,13635
South Korea,KOR,1982,12166
South Korea,KOR,1983,12225
South Korea,KOR,1984,10837
South Korea,KOR,1985,9698
South Korea,KOR,1986,11863
South Korea,KOR,1987,13998
South Korea,KOR,1988,14457
South Korea,KOR,1989,16535
South Korea,KOR,1990,14857
South Korea,KOR,1991,12633
South Korea,KOR,1992,13628
South Korea,KOR,1993,7409
South Korea,KOR,1994,2173
South Korea,KOR,1995,4064
South Korea,KOR,1996,5131
South Korea,KOR,1997,3632
South Korea,KOR,1998,3559
South Korea,KOR,1999,1800
South Korea,KOR,2000,2700
South Korea,KOR,2001,1000
South Korea,KOR,2002,28
South Korea,KOR,2003,0
South Korea,KOR,2004,40
South Korea,KOR,2005,50
South Korea,KOR,2006,17
South Korea,KOR,2007,12
South Korea,KOR,2008,225
South Korea,KOR,2009,1032
South Korea,KOR,2010,584
South Korea,KOR,2011,1289
South Korea,KOR,2012,1940
South Korea,KOR,2013,2500
South Korea,KOR,2015,2921
South Korea,KOR,2016,2840
South Korea,KOR,2017,3762
South Korea,KOR,2018,2412
South Korea,KOR,2019,1933
South Korea,KOR,2020,1681
South Korea,KOR,2021,1528
South Korea,KOR,2022,974
South Korea,KOR,2023,240
Spain,ESP,1970,72715
Spain,ESP,1971,70150
Spain,ESP,1972,69443
Spain,ESP,1973,64408
Spain,ESP,1974,64127
Spain,ESP,1975,58518
Spain,ESP,1976,66396
Spain,ESP,1977,65540
Spain,ESP,1978,71341
Spain,ESP,1979,72262
Spain,ESP,1980,87105
Spain,ESP,1981,83909
Spain,ESP,1982,73271
Spain,ESP,1983,82032
Spain,ESP,1984,96726
Spain,ESP,1985,85636
Spain,ESP,1986,82057
Spain,ESP,1987,81629
Spain,ESP,1988,74672
Spain,ESP,1989,62783
Spain,ESP,1990,61472
Spain,ESP,1991,49200
Spain,ESP,1992,30447
Spain,ESP,1993,25503
Spain,ESP,1994,23978
Spain,ESP,1995,30077
Spain,ESP,1996,23732
Spain,ESP,1997,19925
Spain,ESP,1998,21422
Spain,ESP,1999,28715
Spain,ESP,2000,51793
Spain,ESP,2001,35573
Spain,ESP,2002,6171
Spain,ESP,2003,1765
Spain,ESP,2006,0
Spain,ESP,2007,0
Spain,ESP,2008,0
Spain,ESP,2009,1000
Spain,ESP,2010,229
Spain,ESP,2011,5705
Spain,ESP,2012,3800
Spain,ESP,2013,2200
Spain,ESP,2015,1598
Spain,ESP,2016,4946
Spain,ESP,2017,3258
Spain,ESP,2018,9936
Spain,ESP,2019,11390
Spain,ESP,2020,11397
Spain,ESP,2021,10965
Spain,ESP,2022,9272
Spain,ESP,2023,10547
Sweden,SWE,1970,78312
Sweden,SWE,1971,79454
Sweden,SWE,1972,75841
Sweden,SWE,1973,75777
Sweden,SWE,1974,73656
Sweden,SWE,1975,70383
Sweden,SWE,1976,81625
Sweden,SWE,1977,88132
Sweden,SWE,1978,83496
Sweden,SWE,1979,81626
Sweden,SWE,1980,72132
Sweden,SWE,1981,88103
Sweden,SWE,1982,86767
Sweden,SWE,1983,85762
Sweden,SWE,1984,87297
Sweden,SWE,1985,80604
Sweden,SWE,1986,91729
Sweden,SWE,1987,95141
Sweden,SWE,1988,91579
Sweden,SWE,1989,88967
Sweden,SWE,1990,98259
Sweden,SWE,1991,91127
Sweden,SWE,1992,105295
Sweden,SWE,1993,111709
Sweden,SWE,1994,112787
Sweden,SWE,1995,100070
Sweden,SWE,1996,98812
Sweden,SWE,1997,108624
Sweden,SWE,1998,114430
Sweden,SWE,1999,116393
Sweden,SWE,2000,106584
Sweden,SWE,2001,85975
Sweden,SWE,2002,42954
Sweden,SWE,2003,50962
Sweden,SWE,2004,54347
Sweden,SWE,2005,60445
Sweden,SWE,2006,55644
Sweden,SWE,2007,63224
Sweden,SWE,2008,63489
Sweden,SWE,2009,69293
Sweden,SWE,2010,67697
Sweden,SWE,2011,62028
Sweden,SWE,2012,63551
Sweden,SWE,2013,59556
Sweden,SWE,2015,79354
Sweden,SWE,2016,75830
Sweden,SWE,2017,71112
Sweden,SWE,2018,64751
Sweden,SWE,2019,68635
Sweden,SWE,2020,70000
Sweden,SWE,2021,65000
Sweden,SWE,2022,75000
Sweden,SWE,2023,72000
Sweden,SWE,2024,70000
Tajikistan,TJK,1992,2000
Tajikistan,TJK,1993,1600
Tajikistan,TJK,1994,1200
Tajikistan,TJK,1995,1000
Tajikistan,TJK,1996,2500
Tajikistan,TJK,1997,2000
Tajikistan,TJK,1998,2000
Tajikistan,TJK,1999,2000
Tajikistan,TJK,2000,2000
Tajikistan,TJK,2001,2000
Tajikistan,TJK,2002,0
Tajikistan,TJK,2003,0
Tajikistan,TJK,2007,0
Tajikistan,TJK,2008,0
Tajikistan,TJK,2009,2400
Tajikistan,TJK,2010,3900
Tajikistan,TJK,2011,8900
Tajikistan,TJK,2012,16000
Tajikistan,TJK,2013,17000
Tajikistan,TJK,2015,39232
Tajikistan,TJK,2016,53480
Tajikistan,TJK,2017,57100
Tajikistan,TJK,2018,47141
Tajikistan,TJK,2019,52715
Tajikistan,TJK,2020,46000
Tajikistan,TJK,2021,56000
Tajikistan,TJK,2022,53000
Tajikistan,TJK,2023,39000
Tajikistan,TJK,2024,40000
Thailand,THA,1970,1214
Thailand,THA,1971,1386
Thailand,THA,1972,1712
Thailand,THA,1973,3846
Thailand,THA,1974,1452
Thailand,THA,1975,1443
Thailand,THA,1976,851
Thailand,THA,1977,506
Thailand,THA,1978,1678
Thailand,THA,1979,8719
Thailand,THA,1980,10560
Thailand,THA,1981,17273
Thailand,THA,1982,18580
Thailand,THA,1983,30663
Thailand,THA,1984,24306
Thailand,THA,1985,28672
Thailand,THA,1986,38369
Thailand,THA,1987,34286
Thailand,THA,1988,42998
Thailand,THA,1989,36008
Thailand,THA,1990,32431
Thailand,THA,1991,24332
Thailand,THA,1992,11200
Thailand,THA,1993,5700
Thailand,THA,1994,7500
Thailand,THA,1995,13000
Thailand,THA,1996,19500
Thailand,THA,1997,5000
Thailand,THA,1998,6100
Thailand,THA,1999,9500
Thailand,THA,2000,9900
Thailand,THA,2001,300
Thailand,THA,2002,2600
Thailand,THA,2006,0
Tunisia,TUN,1970,22533
Tunisia,TUN,1971,20700
Tunisia,TUN,1972,19905
Tunisia,TUN,1973,15740
Tunisia,TUN,1974,12664
Tunisia,TUN,1975,9930
Tunisia,TUN,1976,9694
Tunisia,TUN,1977,10200
Tunisia,TUN,1978,8349
Tunisia,TUN,1979,10000
Tunisia,TUN,1980,8800
Tunisia,TUN,1981,6000
Tunisia,TUN,1982,5300
Tunisia,TUN,1983,4900
Tunisia,TUN,1984,4100
Tunisia,TUN,1985,2500
Tunisia,TUN,1986,1900
Tunisia,TUN,1987,2100
Tunisia,TUN,1988,2200
Tunisia,TUN,1989,1700
Tunisia,TUN,1990,1780
Tunisia,TUN,1991,800
Tunisia,TUN,1992,800
Tunisia,TUN,1993,540
Tunisia,TUN,1994,2900
Tunisia,TUN,1995,6600
Tunisia,TUN,1996,4765
Tunisia,TUN,1997,1424
Tunisia,TUN,1998,4274
Tunisia,TUN,1999,6300
Tunisia,TUN,2000,6200
Tunisia,TUN,2001,6942
Tunisia,TUN,2002,5081
Tunisia,TUN,2003,5100
Tunisia,TUN,2004,5332
Tunisia,TUN,2005,8407
Turkey,TUR,1970,5800
Turkey,TUR,1971,7000
Turkey,TUR,1972,9400
Turkey,TUR,1973,9600
Turkey,TUR,1974,7400
Turkey,TUR,1975,6454
Turkey,TUR,1976,4926
Turkey,TUR,1977,8718
Turkey,TUR,1978,9992
Turkey,TUR,1979,7334
Turkey,TUR,1980,7777
Turkey,TUR,1981,8385
Turkey,TUR,1982,10675
Turkey,TUR,1983,9087
Turkey,TUR,1984,15786
Turkey,TUR,1985,9790
Turkey,TUR,1986,9626
Turkey,TUR,1987,9094
Turkey,TUR,1988,10212
Turkey,TUR,1989,14138
Turkey,TUR,1990,18371
Turkey,TUR,1991,12145
Turkey,TUR,1992,9900
Turkey,TUR,1993,11000
Turkey,TUR,1994,9800
Turkey,TUR,1995,10376
Turkey,TUR,1996,11736
Turkey,TUR,1997,13113
Turkey,TUR,1998,14603
Turkey,TUR,1999,14225
Turkey,TUR,2000,15888
Turkey,TUR,2001,17884
Turkey,TUR,2002,17277
Turkey,TUR,2003,17483
Turkey,TUR,2004,18792
Turkey,TUR,2005,11341
Turkey,TUR,2006,11000
Turkey,TUR,2007,20800
Turkey,TUR,2008,31800
Turkey,TUR,2009,21600
Turkey,TUR,2010,39000
Turkey,TUR,2011,38682
Turkey,TUR,2012,57017
Turkey,TUR,2013,76638
Turkey,TUR,2015,77110
Turkey,TUR,2016,64300
Turkey,TUR,2017,75000
Turkey,TUR,2018,76000
Turkey,TUR,2019,71500
Turkey,TUR,2020,63000
Turkey,TUR,2021,75000
Turkey,TUR,2022,67000
Turkey,TUR,2023,68000
Turkey,TUR,2024,70000
USSR,OWID_USS,1970,440000
USSR,OWID_USS,1971,454000
USSR,OWID_USS,1972,495000
USSR,OWID_USS,1973,570000
USSR,OWID_USS,1974,590000
USSR,OWID_USS,1975,600000
USSR,OWID_USS,1976,600000
USSR,OWID_USS,1977,625000
USSR,OWID_USS,1978,600000
USSR,OWID_USS,1979,590000
USSR,OWID_USS,1980,580000
USSR,OWID_USS,1981,570000
USSR,OWID_USS,1982,575000
USSR,OWID_USS,1983,560000
USSR,OWID_USS,1984,570000
USSR,OWID_USS,1985,580000
USSR,OWID_USS,1986,520000
USSR,OWID_USS,1987,510000
USSR,OWID_USS,1988,270000
USSR,OWID_USS,1989,260000
USSR,OWID_USS,1990,238900
USSR,OWID_USS,1991,205600
United Kingdom,GBR,1970,4062
United Kingdom,GBR,1971,4973
United Kingdom,GBR,1972,4500
United Kingdom,GBR,1973,3700
United Kingdom,GBR,1974,3800
United Kingdom,GBR,1975,6426
United Kingdom,GBR,1976,7053
United Kingdom,GBR,1977,8178
United Kingdom,GBR,1978,4582
United Kingdom,GBR,1979,4701
United Kingdom,GBR,1980,3600
United Kingdom,GBR,1981,6965
United Kingdom,GBR,1982,3993
United Kingdom,GBR,1983,3797
United Kingdom,GBR,1984,2431
United Kingdom,GBR,1985,3994
United Kingdom,GBR,1986,648
United Kingdom,GBR,1987,691
United Kingdom,GBR,1988,1185
United Kingdom,GBR,1989,2161
United Kingdom,GBR,1990,1377
United Kingdom,GBR,1991,1000
United Kingdom,GBR,1992,1000
United Kingdom,GBR,1993,1000
United Kingdom,GBR,1994,2000
United Kingdom,GBR,1995,1600
United Kingdom,GBR,1996,1800
United Kingdom,GBR,1997,1600
United Kingdom,GBR,1998,1600
United Kingdom,GBR,1999,1000
United Kingdom,GBR,2000,1000
United Kingdom,GBR,2001,800
United Kingdom,GBR,2002,700
United Kingdom,GBR,2003,700
United Kingdom,GBR,2004,500
United Kingdom,GBR,2005,400
United Kingdom,GBR,2006,400
United Kingdom,GBR,2007,300
United Kingdom,GBR,2008,300
United Kingdom,GBR,2009,350
United Kingdom,GBR,2010,380
United Kingdom,GBR,2011,280
United Kingdom,GBR,2012,61
United Kingdom,GBR,2013,100
United Kingdom,GBR,2015,100
United Kingdom,GBR,2016,100
United Kingdom,GBR,2017,100
United Kingdom,GBR,2018,100
United Kingdom,GBR,2019,150
United Kingdom,GBR,2020,100
United Kingdom,GBR,2021,100
United Kingdom,GBR,2022,100
United Kingdom,GBR,2023,0
United States,USA,1970,518674
United States,USA,1971,524852
United States,USA,1972,561470
United States,USA,1973,547054
United States,USA,1974,602253
United States,USA,1975,563783
United States,USA,1976,552971
United States,USA,1977,537499
United States,USA,1978,529661
United States,USA,1979,525569
United States,USA,1980,550366
United States,USA,1981,445535
United States,USA,1982,512516
United States,USA,1983,465600
United States,USA,1984,334500
United States,USA,1985,424200
United States,USA,1986,353100
United States,USA,1987,318700
United States,USA,1988,394000
United States,USA,1989,420200
United States,USA,1990,496500
United States,USA,1991,476900
United States,USA,1992,406600
United States,USA,1993,362400
United States,USA,1994,370200
United States,USA,1995,393640
United States,USA,1996,435945
United States,USA,1997,458536
United States,USA,1998,493094
United States,USA,1999,520165
United States,USA,2000,464700
United States,USA,2001,466400
United States,USA,2002,440100
United States,USA,2003,460200
United States,USA,2004,445000
United States,USA,2005,436500
United States,USA,2006,429300
United States,USA,2007,444300
United States,USA,2008,410100
United States,USA,2009,405800
United States,USA,2010,369000
United States,USA,2011,342000
United States,USA,2012,345000
United States,USA,2013,339000
United States,USA,2015,360000
United States,USA,2016,336000
United States,USA,2017,310000
United States,USA,2018,280000
United States,USA,2019,274000
United States,USA,2020,306000
United States,USA,2021,294000
United States,USA,2022,273000
United States,USA,2023,270000
United States,USA,2024,300000
Uzbekistan,UZB,1992,30000
Uzbekistan,UZB,1993,30200
Uzbekistan,UZB,1994,19000
Uzbekistan,UZB,1995,15000
Uzbekistan,UZB,1996,10000
Uzbekistan,UZB,1997,1800
Uzbekistan,UZB,1998,1000
Uzbekistan,UZB,2012,3000
Uzbekistan,UZB,2013,3000
Uzbekistan,UZB,2015,20000
Uzbekistan,UZB,2016,30000
Uzbekistan,UZB,2017,26000
Uzbekistan,UZB,2018,21300
Uzbekistan,UZB,2019,19100
Uzbekistan,UZB,2020,18400
Uzbekistan,UZB,2021,22000
Uzbekistan,UZB,2022,23000
Uzbekistan,UZB,2023,23000
Vietnam,VNM,2001,900
Vietnam,VNM,2002,1100
Vietnam,VNM,2003,1100
Vietnam,VNM,2004,8100
Vietnam,VNM,2005,6900
Vietnam,VNM,2006,9500
Vietnam,VNM,2007,4400
Vietnam,VNM,2008,0
Vietnam,VNM,2009,6000
Vietnam,VNM,2010,2300
Vietnam,VNM,2011,3700
Vietnam,VNM,2012,200
Vietnam,VNM,2013,1600
Vietnam,VNM,2015,1600
Vietnam,VNM,2016,700
Vietnam,VNM,2017,3800
Vietnam,VNM,2018,12100
Vietnam,VNM,2019,10400
Vietnam,VNM,2020,11700
Vietnam,VNM,2021,13800
Vietnam,VNM,2022,17500
Vietnam,VNM,2023,15600
West Germany,OWID_GFR,1970,38644
West Germany,OWID_GFR,1971,39754
West Germany,OWID_GFR,1972,37559
West Germany,OWID_GFR,1973,34496
West Germany,OWID_GFR,1974,30514
West Germany,OWID_GFR,1975,32343
West Germany,OWID_GFR,1976,31667
West Germany,OWID_GFR,1977,31132
West Germany,OWID_GFR,1978,22374
West Germany,OWID_GFR,1979,25200
West Germany,OWID_GFR,1980,23000
West Germany,OWID_GFR,1981,21600
West Germany,OWID_GFR,1982,23500
West Germany,OWID_GFR,1983,23500
West Germany,OWID_GFR,1984,21000
West Germany,OWID_GFR,1985,20500
West Germany,OWID_GFR,1986,22200
West Germany,OWID_GFR,1987,24500
West Germany,OWID_GFR,1988,17900
West Germany,OWID_GFR,1989,9300
West Germany,OWID_GFR,1990,8600
World,OWID_WRL,1900,749000
World,OWID_WRL,1906,1040000
World,OWID_WRL,1907,993000
World,OWID_WRL,1908,1280000
World,OWID_WRL,1909,1060000
World,OWID_WRL,1910,1100000
World,OWID_WRL,1911,1110000
World,OWID_WRL,1912,1160000
World,OWID_WRL,1913,1150000
World,OWID_WRL,1919,764000
World,OWID_WRL,1920,804000
World,OWID_WRL,1921,783000
World,OWID_WRL,1922,972000
World,OWID_WRL,1923,1080000
World,OWID_WRL,1924,1220000
World,OWID_WRL,1925,1410000
World,OWID_WRL,1927,1540000
World,OWID_WRL,1928,1680000
World,OWID_WRL,1929,1610000
World,OWID_WRL,1930,1520000
World,OWID_WRL,1931,1260000
World,OWID_WRL,1932,1050000
World,OWID_WRL,1933,1040000
World,OWID_WRL,1934,1200000
World,OWID_WRL,1935,1380000
World,OWID_WRL,1936,1470000
World,OWID_WRL,1938,1700000
World,OWID_WRL,1939,1740000
World,OWID_WRL,1945,1250000
World,OWID_WRL,1946,1030000
World,OWID_WRL,1947,1310000
World,OWID_WRL,1948,1380000
World,OWID_WRL,1949,1370000
World,OWID_WRL,1950,1640000
World,OWID_WRL,1951,1600000
World,OWID_WRL,1952,1810000
World,OWID_WRL,1953,1870000
World,OWID_WRL,1954,2000000
World,OWID_WRL,1955,2010000
World,OWID_WRL,1956,2400000
World,OWID_WRL,1957,2380000
World,OWID_WRL,1958,2350000
World,OWID_WRL,1959,2320000
World,OWID_WRL,1960,2390000
World,OWID_WRL,1961,2390000
World,OWID_WRL,1962,2510000
World,OWID_WRL,1963,2560000
World,OWID_WRL,1964,2530000
World,OWID_WRL,1965,2700000
World,OWID_WRL,1966,2850000
World,OWID_WRL,1967,2870000
World,OWID_WRL,1968,3010000
World,OWID_WRL,1969,3240000
World,OWID_WRL,1970,3390000
World,OWID_WRL,1971,3490000
World,OWID_WRL,1972,3450000
World,OWID_WRL,1973,3490000
World,OWID_WRL,1974,3490000
World,OWID_WRL,1975,3440000
World,OWID_WRL,1976,3690000
World,OWID_WRL,1977,3410000
World,OWID_WRL,1978,3460000
World,OWID_WRL,1979,3510000
World,OWID_WRL,1980,3520000
World,OWID_WRL,1981,3350000
World,OWID_WRL,1982,3450000
World,OWID_WRL,1983,3350000
World,OWID_WRL,1984,3200000
World,OWID_WRL,1985,3390000
World,OWID_WRL,1986,3240000
World,OWID_WRL,1987,3430000
World,OWID_WRL,1988,3420000
World,OWID_WRL,1989,3400000
World,OWID_WRL,1990,3370000
World,OWID_WRL,1991,3260000
World,OWID_WRL,1992,3200000
World,OWID_WRL,1993,2900000
World,OWID_WRL,1994,2800000
World,OWID_WRL,1995,2710000
World,OWID_WRL,1996,2920000
World,OWID_WRL,1997,3100000
World,OWID_WRL,1998,3060000
World,OWID_WRL,1999,3080000
World,OWID_WRL,2000,3200000
World,OWID_WRL,2001,3120000
World,OWID_WRL,2002,2850000
World,OWID_WRL,2003,3200000
World,OWID_WRL,2004,3150000
World,OWID_WRL,2005,3470000
World,OWID_WRL,2006,3630000
World,OWID_WRL,2007,3710000
World,OWID_WRL,2008,3880000
World,OWID_WRL,2009,3780000
World,OWID_WRL,2010,4160000
World,OWID_WRL,2011,4750000
World,OWID_WRL,2012,5080000
World,OWID_WRL,2013,4930000
World,OWID_WRL,2014,4630000
World,OWID_WRL,2015,4940000
World,OWID_WRL,2016,4670000
World,OWID_WRL,2017,4570000
World,OWID_WRL,2018,4520000
World,OWID_WRL,2019,4650000
World,OWID_WRL,2020,4380000
World,OWID_WRL,2021,4550000
World,OWID_WRL,2022,4460000
World,OWID_WRL,2023,4370000
World,OWID_WRL,2024,4300000
Yugoslavia,OWID_YGS,1970,126693
Yugoslavia,OWID_YGS,1971,124347
Yugoslavia,OWID_YGS,1972,120173
Yugoslavia,OWID_YGS,1973,119312
Yugoslavia,OWID_YGS,1974,119826
Yugoslavia,OWID_YGS,1975,126896
Yugoslavia,OWID_YGS,1976,122466
Yugoslavia,OWID_YGS,1977,129977
Yugoslavia,OWID_YGS,1978,124389
Yugoslavia,OWID_YGS,1979,129776
Yugoslavia,OWID_YGS,1980,121465
Yugoslavia,OWID_YGS,1981,118556
Yugoslavia,OWID_YGS,1982,113100
Yugoslavia,OWID_YGS,1983,114385
Yugoslavia,OWID_YGS,1984,113648
Yugoslavia,OWID_YGS,1985,115115
Yugoslavia,OWID_YGS,1986,116944
Yugoslavia,OWID_YGS,1987,106670
Yugoslavia,OWID_YGS,1988,103286
Yugoslavia,OWID_YGS,1989,105161
Yugoslavia,OWID_YGS,1990,99148
Yugoslavia,OWID_YGS,1991,84500
Zambia,ZMB,1976,15606
Zambia,ZMB,1977,13533
Zambia,ZMB,1978,15803
Zambia,ZMB,1979,17554
Zambia,ZMB,1980,14131
Zambia,ZMB,1981,18018
Zambia,ZMB,1982,23198
Zambia,ZMB,1983,25695
Zambia,ZMB,1984,20310
Zambia,ZMB,1985,15062
Zambia,ZMB,1986,15375
Zambia,ZMB,1987,12380
Zambia,ZMB,1988,12356
Zambia,ZMB,1989,12300
Zambia,ZMB,1990,12094
Zambia,ZMB,1991,9800
Zambia,ZMB,1992,6100
Zambia,ZMB,1993,7600
Zambia,ZMB,1994,600