period,reporterISO,reporterDesc,cmdCode,cmdDesc,primaryValue
2019,ABW,Aruba,25,"Salt; sulphur; earths, stone; plastering materials, lime and cement",15485969.896
2020,ABW,Aruba,25,"Salt; sulphur; earths, stone; plastering materials, lime and cement",9692392.986
2021,ABW,Aruba,25,"Salt; sulphur; earths, stone; plastering materials, lime and cement",10193157.398
2022,ABW,Aruba,25,"Salt; sulphur; earths, stone; plastering materials, lime and cement",12702486.413
2023,ABW,Aruba,25,"Salt; sulphur; earths, stone; plastering materials, lime and cement",15549040.004
2019,AFG,Afghanistan,25,"Salt; sulphur; earths, stone; plastering materials, lime and cement",6868308.7
2019,AGO,Angola,25,"Salt; sulphur; earths, stone; plastering materials, lime and cement",32560606.203
2020,AGO,Angola,25,"Salt; sulphur; earths, stone; plastering materials, lime and cement",15699768.727
2021,AGO,Angola,25,"Salt; sulphur; earths, stone; plastering materials, lime and cement",18832976.917
2022,AGO,Angola,25,"Salt; sulphur; earths, stone; plastering materials, lime and cement",29457841.762
2023,AGO,Angola,25,"Salt; sulphur; earths, stone; plastering materials, lime and cement",24646424.005
2019,ALB,Albania,25,"Salt; sulphur; earths, stone; plastering materials, lime and cement",32605169.029
2020,ALB,Albania,25,"Salt; sulphur; earths, stone; plastering materials, lime and cement",34352955.585
2021,ALB,Albania,25,"Salt; sulphur; earths, stone; plastering materials, lime and cement",42707497.945
2022,ALB,Albania,25,"Salt; sulphur; earths, stone; plastering materials, lime and cement",60405413.59
2023,ALB,Albania,25,"Salt; sulphur; earths, stone; plastering materials, lime and cement",64201096.303
2019,AND,Andorra,25,"Salt; sulphur; earths, stone; plastering materials, lime and cement",8897116.029
2020,AND,Andorra,25,"Salt; sulphur; earths, stone; plastering materials, lime and cement",8477306.53
2021,AND,Andorra,25,"Salt; sulphur; earths, stone; plastering materials, lime and cement",11836645.949
2022,AND,Andorra,25,"Salt; sulphur; earths, stone; plastering materials, lime and cement",11463059.045
2023,AND,Andorra,25,"Salt; sulphur; earths, stone; plastering materials, lime and cement",13779177.945
2019,ARE,United Arab Emirates,25,"Salt; sulphur; earths, stone; plastering materials, lime and cement",416701503.175
2020,ARE,United Arab Emirates,25,"Salt; sulphur; earths, stone; plastering materials, lime and cement",350426624.45
2021,ARE,United Arab Emirates,25,"Salt; sulphur; earths, stone; plastering materials, lime and cement",351664675.588
2022,ARE,United Arab Emirates,25,"Salt; sulphur; earths, stone; plastering materials, lime and cement",397255635.657
2023,ARE,United Arab Emirates,25,"Salt; sulphur; earths, stone; plastering materials, lime and cement",442045668.881
2019,ARG,Argentina,25,"Salt; sulphur; earths, stone; plastering materials, lime and cement",132949173.14
2020,ARG,Argentina,25,"Salt; sulphur; earths, stone; plastering materials, lime and cement",89004655.18
2021,ARG,Argentina,25,"Salt; sulphur; earths, stone; plastering materials, lime and cement",149201137.39
2022,ARG,Argentina,25,"Salt; sulphur; earths, stone; plastering materials, lime and cement",230162738.07
2023,ARG,Argentina,25,"Salt; sulphur; earths, stone; plastering materials, lime and cement",176218221.51
2019,ARM,Armenia,25,"Salt; sulphur; earths, stone; plastering materials, lime and cement",46285636.01
2020,ARM,Armenia,25,"Salt; sulphur; earths, stone; plastering materials, lime and cement",24613304.72
2021,ARM,Armenia,25,"Salt; sulphur; earths, stone; plastering materials, lime and cement",26947035.19
2022,ARM,Armenia,25,"Salt; sulphur; earths, stone; plastering materials, lime and cement",28033181.24
2023,ARM,Armenia,25,"Salt; sulphur; earths, stone; plastering materials, lime and cement",36234896.42
2019,ATG,Antigua and Barbuda,25,"Salt; sulphur; earths, stone; plastering materials, lime and cement",7258411.288
2020,ATG,Antigua and Barbuda,25,"Salt; sulphur; earths, stone; plastering materials, lime and cement",7089887.467
2021,ATG,Antigua and Barbuda,25,"Salt; sulphur; earths, stone; plastering materials, lime and cement",7124155.323
2022,ATG,Antigua and Barbuda,25,"Salt; sulphur; earths, stone; plastering materials, lime and cement",4909282.606
2023,ATG,Antigua and Barbuda,25,"Salt; sulphur; earths, stone; plastering materials, lime and cement",5255373.021
2019,AUS,Australia,25,"Salt; sulphur; earths, stone; plastering materials, lime and cement",531939098.721
2020,AUS,Australia,25,"Salt; sulphur; earths, stone; plastering materials, lime and cement",507121354.843
2021,AUS,Australia,25,"Salt; sulphur; earths, stone; plastering materials, lime and cement",702254186.299
2022,AUS,Australia,25,"Salt; sulphur; earths, stone; plastering materials, lime and cement",889395024.841
2023,AUS,Australia,25,"Salt; sulphur; earths, stone; plastering materials, lime and cement",790282654.808
2019,AUT,Austria,25,"Salt; sulphur; earths, stone; plastering materials, lime and cement",549508282.621
2020,AUT,Austria,25,"Salt; sulphur; earths, stone; plastering materials, lime and cement",512410598.192
2021,AUT,Austria,25,"Salt; sulphur; earths, stone; plastering materials, lime and cement",656162005.678
2022,AUT,Austria,25,"Salt; sulphur; earths, stone; plastering materials, lime and cement",668140467.202
2023,AUT,Austria,25,"Salt; sulphur; earths, stone; plastering materials, lime and cement",643932226.343
2019,AZE,Azerbaijan,25,"Salt; sulphur; earths, stone; plastering materials, lime and cement",39198330.3
2020,AZE,Azerbaijan,25,"Salt; sulphur; earths, stone; plastering materials, lime and cement",36302196.34
2021,AZE,Azerbaijan,25,"Salt; sulphur; earths, stone; plastering materials, lime and cement",30876872.31
2022,AZE,Azerbaijan,25,"Salt; sulphur; earths, stone; plastering materials, lime and cement",39303689.24
2023,AZE,Azerbaijan,25,"Salt; sulphur; earths, stone; plastering materials, lime and cement",35301650.62
2019,BDI,Burundi,25,"Salt; sulphur; earths, stone; plastering materials, lime and cement",51088930.61
2020,BDI,Burundi,25,"Salt; sulphur; earths, stone; plastering materials, lime and cement",39971641.083
2021,BDI,Burundi,25,"Salt; sulphur; earths, stone; plastering materials, lime and cement",47135794.204
2022,BDI,Burundi,25,"Salt; sulphur; earths, stone; plastering materials, lime and cement",42873112.204
2023,BDI,Burundi,25,"Salt; sulphur; earths, stone; plastering materials, lime and cement",39725719.033
2019,BEL,Belgium,25,"Salt; sulphur; earths, stone; plastering materials, lime and cement",1053087753.963
2020,BEL,Belgium,25,"Salt; sulphur; earths, stone; plastering materials, lime and cement",1054358147.611
2021,BEL,Belgium,25,"Salt; sulphur; earths, stone; plastering materials, lime and cement",1315442328.774
2022,BEL,Belgium,25,"Salt; sulphur; earths, stone; plastering materials, lime and cement",1546935203.382
2023,BEL,Belgium,25,"Salt; sulphur; earths, stone; plastering materials, lime and cement",1327876312.094
2019,BEN,Benin,25,"Salt; sulphur; earths, stone; plastering materials, lime and cement",52125002.811
2020,BEN,Benin,25,"Salt; sulphur; earths, stone; plastering materials, lime and cement",49324121.475
2021,BEN,Benin,25,"Salt; sulphur; earths, stone; plastering materials, lime and cement",70450834.219
2022,BEN,Benin,25,"Salt; sulphur; earths, stone; plastering materials, lime and cement",53135101.546
2023,BEN,Benin,25,"Salt; sulphur; earths, stone; plastering materials, lime and cement",42360881.563
2019,BFA,Burkina Faso,25,"Salt; sulphur; earths, stone; plastering materials, lime and cement",105338706.189
2020,BFA,Burkina Faso,25,"Salt; sulphur; earths, stone; plastering materials, lime and cement",196933287.898
2021,BFA,Burkina Faso,25,"Salt; sulphur; earths, stone; plastering materials, lime and cement",222653620.645
2022,BFA,Burkina Faso,25,"Salt; sulphur; earths, stone; plastering materials, lime and cement",208725047.133
2023,BFA,Burkina Faso,25,"Salt; sulphur; earths, stone; plastering materials, lime and cement",249391871.407
2019,BGR,Bulgaria,25,"Salt; sulphur; earths, stone; plastering materials, lime and cement",115387262.796
2020,BGR,Bulgaria,25,"Salt; sulphur; earths, stone; plastering materials, lime and cement",114032236.286
2021,BGR,Bulgaria,25,"Salt; sulphur; earths, stone; plastering materials, lime and cement",162650933.442
2022,BGR,Bulgaria,25,"Salt; sulphur; earths, stone; plastering materials, lime and cement",195709478.253
2023,BGR,Bulgaria,25,"Salt; sulphur; earths, stone; plastering materials, lime and cement",160894396.459
2019,BHR,Bahrain,25,"Salt; sulphur; earths, stone; plastering materials, lime and cement",155331464.06
2020,BHR,Bahrain,25,"Salt; sulphur; earths, stone; plastering materials, lime and cement",149280737.38
2021,BHR,Bahrain,25,"Salt; sulphur; earths, stone; plastering materials, lime and cement",146134893.625
2022,BHR,Bahrain,25,"Salt; sulphur; earths, stone; plastering materials, lime and cement",159429285.233
2023,BHR,Bahrain,25,"Salt; sulphur; earths, stone; plastering materials, lime and cement",138964685.586
2019,BHS,Bahamas,25,"Salt; sulphur; earths, stone; plastering materials, lime and cement",25439977.211
2020,BHS,Bahamas,25,"Salt; sulphur; earths, stone; plastering materials, lime and cement",19823947.0
2021,BHS,Bahamas,25,"Salt; sulphur; earths, stone; plastering materials, lime and cement",26255391.0
2022,BHS,Bahamas,25,"Salt; sulphur; earths, stone; plastering materials, lime and cement",26926807.0
2023,BHS,Bahamas,25,"Salt; sulphur; earths, stone; plastering materials, lime and cement",29826840.0
2019,BIH,Bosnia Herzegovina,25,"Salt; sulphur; earths, stone; plastering materials, lime and cement",66094245.19
2020,BIH,Bosnia Herzegovina,25,"Salt; sulphur; earths, stone; plastering materials, lime and cement",60170399.48
2021,BIH,Bosnia Herzegovina,25,"Salt; sulphur; earths, stone; plastering materials, lime and cement",73978244.77
2022,BIH,Bosnia Herzegovina,25,"Salt; sulphur; earths, stone; plastering materials, lime and cement",84699508.76
2023,BIH,Bosnia Herzegovina,25,"Salt; sulphur; earths, stone; plastering materials, lime and cement",79680574.885
2019,BLR,Belarus,25,"Salt; sulphur; earths, stone; plastering materials, lime and cement",248795100.0
2020,BLR,Belarus,25,"Salt; sulphur; earths, stone; plastering materials, lime and cement",204931400.0
2021,BLR,Belarus,25,"Salt; sulphur; earths, stone; plastering materials, lime and cement",232511300.0
2019,BLZ,Belize,25,"Salt; sulphur; earths, stone; plastering materials, lime and cement",14856928.75
2020,BLZ,Belize,25,"Salt; sulphur; earths, stone; plastering materials, lime and cement",12877163.445
2021,BLZ,Belize,25,"Salt; sulphur; earths, stone; plastering materials, lime and cement",18553611.3
2022,BLZ,Belize,25,"Salt; sulphur; earths, stone; plastering materials, lime and cement",17605707.43
2023,BLZ,Belize,25,"Salt; sulphur; earths, stone; plastering materials, lime and cement",20275864.845
2019,BMU,Bermuda,25,"Salt; sulphur; earths, stone; plastering materials, lime and cement",4195323.62
2020,BMU,Bermuda,25,"Salt; sulphur; earths, stone; plastering materials, lime and cement",4807023.34
2021,BMU,Bermuda,25,"Salt; sulphur; earths, stone; plastering materials, lime and cement",2853183.37
2022,BMU,Bermuda,25,"Salt; sulphur; earths, stone; plastering materials, lime and cement",2675647.67
2023,BMU,Bermuda,25,"Salt; sulphur; earths, stone; plastering materials, lime and cement",5164345.56
2019,BOL,Bolivia (Plurinational State of),25,"Salt; sulphur; earths, stone; plastering materials, lime and cement",19487457.17
2020,BOL,Bolivia (Plurinational State of),25,"Salt; sulphur; earths, stone; plastering materials, lime and cement",8204613.41
2021,BOL,Bolivia (Plurinational State of),25,"Salt; sulphur; earths, stone; plastering materials, lime and cement",8750384.3
2022,BOL,Bolivia (Plurinational State of),25,"Salt; sulphur; earths, stone; plastering materials, lime and cement",10022832.0
2023,BOL,Bolivia (Plurinational State of),25,"Salt; sulphur; earths, stone; plastering materials, lime and cement",12866827.0
2019,BRA,Brazil,25,"Salt; sulphur; earths, stone; plastering materials, lime and cement",824216056.0
2020,BRA,Brazil,25,"Salt; sulphur; earths, stone; plastering materials, lime and cement",716079946.0
2021,BRA,Brazil,25,"Salt; sulphur; earths, stone; plastering materials, lime and cement",1100506456.0
2022,BRA,Brazil,25,"Salt; sulphur; earths, stone; plastering materials, lime and cement",1527444576.0
2023,BRA,Brazil,25,"Salt; sulphur; earths, stone; plastering materials, lime and cement",1166509211.0
2019,BRB,Barbados,25,"Salt; sulphur; earths, stone; plastering materials, lime and cement",6540833.0
2020,BRB,Barbados,25,"Salt; sulphur; earths, stone; plastering materials, lime and cement",10123799.0
2021,BRB,Barbados,25,"Salt; sulphur; earths, stone; plastering materials, lime and cement",8490252.0
2022,BRB,Barbados,25,"Salt; sulphur; earths, stone; plastering materials, lime and cement",9196407.0
2023,BRB,Barbados,25,"Salt; sulphur; earths, stone; plastering materials, lime and cement",10656171.5
2019,BRN,Brunei Darussalam,25,"Salt; sulphur; earths, stone; plastering materials, lime and cement",33769914.57
2020,BRN,Brunei Darussalam,25,"Salt; sulphur; earths, stone; plastering materials, lime and cement",20461315.45
2021,BRN,Brunei Darussalam,25,"Salt; sulphur; earths, stone; plastering materials, lime and cement",28905019.23
2022,BRN,Brunei Darussalam,25,"Salt; sulphur; earths, stone; plastering materials, lime and cement",25587438.442
2023,BRN,Brunei Darussalam,25,"Salt; sulphur; earths, stone; plastering materials, lime and cement",31228687.823
2019,BTN,Bhutan,25,"Salt; sulphur; earths, stone; plastering materials, lime and cement",13522168.036
2020,BTN,Bhutan,25,"Salt; sulphur; earths, stone; plastering materials, lime and cement",7653704.591
2022,BTN,Bhutan,25,"Salt; sulphur; earths, stone; plastering materials, lime and cement",10763052.66
2023,BTN,Bhutan,25,"Salt; sulphur; earths, stone; plastering materials, lime and cement",9579100.581
2019,BWA,Botswana,25,"Salt; sulphur; earths, stone; plastering materials, lime and cement",64533989.521
2020,BWA,Botswana,25,"Salt; sulphur; earths, stone; plastering materials, lime and cement",59637598.806
2021,BWA,Botswana,25,"Salt; sulphur; earths, stone; plastering materials, lime and cement",76551485.255
2022,BWA,Botswana,25,"Salt; sulphur; earths, stone; plastering materials, lime and cement",61534235.605
2023,BWA,Botswana,25,"Salt; sulphur; earths, stone; plastering materials, lime and cement",59693993.619
2019,CAF,Central African Rep.,25,"Salt; sulphur; earths, stone; plastering materials, lime and cement",7007578.982
2020,CAF,Central African Rep.,25,"Salt; sulphur; earths, stone; plastering materials, lime and cement",10185642.251
2021,CAF,Central African Rep.,25,"Salt; sulphur; earths, stone; plastering materials, lime and cement",12278329.176
2022,CAF,Central African Rep.,25,"Salt; sulphur; earths, stone; plastering materials, lime and cement",12160955.026
2023,CAF,Central African Rep.,25,"Salt; sulphur; earths, stone; plastering materials, lime and cement",16388153.355
2019,CAN,Canada,25,"Salt; sulphur; earths, stone; plastering materials, lime and cement",1061002628.878
2020,CAN,Canada,25,"Salt; sulphur; earths, stone; plastering materials, lime and cement",888674430.902
2021,CAN,Canada,25,"Salt; sulphur; earths, stone; plastering materials, lime and cement",1013025927.702
2022,CAN,Canada,25,"Salt; sulphur; earths, stone; plastering materials, lime and cement",1155823378.342
2023,CAN,Canada,25,"Salt; sulphur; earths, stone; plastering materials, lime and cement",1203007977.084
2019,CHE,Switzerland,25,"Salt; sulphur; earths, stone; plastering materials, lime and cement",367149552.794
2020,CHE,Switzerland,25,"Salt; sulphur; earths, stone; plastering materials, lime and cement",366831423.414
2021,CHE,Switzerland,25,"Salt; sulphur; earths, stone; plastering materials, lime and cement",403705883.438
2022,CHE,Switzerland,25,"Salt; sulphur; earths, stone; plastering materials, lime and cement",381507632.421
2023,CHE,Switzerland,25,"Salt; sulphur; earths, stone; plastering materials, lime and cement",407432815.932
2019,CHL,Chile,25,"Salt; sulphur; earths, stone; plastering materials, lime and cement",276704677.534
2020,CHL,Chile,25,"Salt; sulphur; earths, stone; plastering materials, lime and cement",246164937.007
2021,CHL,Chile,25,"Salt; sulphur; earths, stone; plastering materials, lime and cement",356541731.915
2022,CHL,Chile,25,"Salt; sulphur; earths, stone; plastering materials, lime and cement",443881270.406
2023,CHL,Chile,25,"Salt; sulphur; earths, stone; plastering materials, lime and cement",334331379.613
2019,CHN,China,25,"Salt; sulphur; earths, stone; plastering materials, lime and cement",8145574671.0
2020,CHN,China,25,"Salt; sulphur; earths, stone; plastering materials, lime and cement",6890179982.0
2021,CHN,China,25,"Salt; sulphur; earths, stone; plastering materials, lime and cement",9715711040.0
2022,CHN,China,25,"Salt; sulphur; earths, stone; plastering materials, lime and cement",16635450482.0
2023,CHN,China,25,"Salt; sulphur; earths, stone; plastering materials, lime and cement",21661895222.0
2019,CIV,Côte d'Ivoire,25,"Salt; sulphur; earths, stone; plastering materials, lime and cement",231438870.442
2020,CIV,Côte d'Ivoire,25,"Salt; sulphur; earths, stone; plastering materials, lime and cement",249345579.89
2021,CIV,Côte d'Ivoire,25,"Salt; sulphur; earths, stone; plastering materials, lime and cement",364210992.598
2022,CIV,Côte d'Ivoire,25,"Salt; sulphur; earths, stone; plastering materials, lime and cement",353989363.569
2023,CIV,Côte d'Ivoire,25,"Salt; sulphur; earths, stone; plastering materials, lime and cement",348608319.1
2019,CMR,Cameroon,25,"Salt; sulphur; earths, stone; plastering materials, lime and cement",216627355.589
2020,CMR,Cameroon,25,"Salt; sulphur; earths, stone; plastering materials, lime and cement",179805374.87
2021,CMR,Cameroon,25,"Salt; sulphur; earths, stone; plastering materials, lime and cement",236996139.92
2022,CMR,Cameroon,25,"Salt; sulphur; earths, stone; plastering materials, lime and cement",260704000.142
2023,CMR,Cameroon,25,"Salt; sulphur; earths, stone; plastering materials, lime and cement",192883400.302
2019,COD,Dem. Rep. of the Congo,25,"Salt; sulphur; earths, stone; plastering materials, lime and cement",582505398.82
2020,COD,Dem. Rep. of the Congo,25,"Salt; sulphur; earths, stone; plastering materials, lime and cement",559764008.632
2021,COD,Dem. Rep. of the Congo,25,"Salt; sulphur; earths, stone; plastering materials, lime and cement",650780211.494
2022,COD,Dem. Rep. of the Congo,25,"Salt; sulphur; earths, stone; plastering materials, lime and cement",1315623792.344
2023,COD,Dem. Rep. of the Congo,25,"Salt; sulphur; earths, stone; plastering materials, lime and cement",2207251268.76
2019,COG,Congo,25,"Salt; sulphur; earths, stone; plastering materials, lime and cement",14270169.119
2020,COG,Congo,25,"Salt; sulphur; earths, stone; plastering materials, lime and cement",14592912.25
2021,COG,Congo,25,"Salt; sulphur; earths, stone; plastering materials, lime and cement",12745535.38
2022,COG,Congo,25,"Salt; sulphur; earths, stone; plastering materials, lime and cement",35949506.93
2023,COG,Congo,25,"Salt; sulphur; earths, stone; plastering materials, lime and cement",40597689.103
2019,COL,Colombia,25,"Salt; sulphur; earths, stone; plastering materials, lime and cement",169464018.95
2020,COL,Colombia,25,"Salt; sulphur; earths, stone; plastering materials, lime and cement",137381819.63
2021,COL,Colombia,25,"Salt; sulphur; earths, stone; plastering materials, lime and cement",188071700.5
2022,COL,Colombia,25,"Salt; sulphur; earths, stone; plastering materials, lime and cement",241811161.42
2023,COL,Colombia,25,"Salt; sulphur; earths, stone; plastering materials, lime and cement",187396196.53
2019,COM,Comoros,25,"Salt; sulphur; earths, stone; plastering materials, lime and cement",19145665.545
2020,COM,Comoros,25,"Salt; sulphur; earths, stone; plastering materials, lime and cement",24546325.131
2021,COM,Comoros,25,"Salt; sulphur; earths, stone; plastering materials, lime and cement",25130463.516
2022,COM,Comoros,25,"Salt; sulphur; earths, stone; plastering materials, lime and cement",20818586.545
2023,COM,Comoros,25,"Salt; sulphur; earths, stone; plastering materials, lime and cement",19804392.422
2019,CPV,Cabo Verde,25,"Salt; sulphur; earths, stone; plastering materials, lime and cement",33491902.132
2020,CPV,Cabo Verde,25,"Salt; sulphur; earths, stone; plastering materials, lime and cement",31622519.656
2021,CPV,Cabo Verde,25,"Salt; sulphur; earths, stone; plastering materials, lime and cement",37710554.919
2022,CPV,Cabo Verde,25,"Salt; sulphur; earths, stone; plastering materials, lime and cement",40127430.688
2023,CPV,Cabo Verde,25,"Salt; sulphur; earths, stone; plastering materials, lime and cement",35271753.335
2019,CRI,Costa Rica,25,"Salt; sulphur; earths, stone; plastering materials, lime and cement",41716964.72
2020,CRI,Costa Rica,25,"Salt; sulphur; earths, stone; plastering materials, lime and cement",33597584.9
2021,CRI,Costa Rica,25,"Salt; sulphur; earths, stone; plastering materials, lime and cement",38022523.59
2022,CRI,Costa Rica,25,"Salt; sulphur; earths, stone; plastering materials, lime and cement",47377293.01
2023,CRI,Costa Rica,25,"Salt; sulphur; earths, stone; plastering materials, lime and cement",45342578.35
2019,CUB,Cuba,25,"Salt; sulphur; earths, stone; plastering materials, lime and cement",58717271.07
2020,CUB,Cuba,25,"Salt; sulphur; earths, stone; plastering materials, lime and cement",49054187.19
2021,CUB,Cuba,25,"Salt; sulphur; earths, stone; plastering materials, lime and cement",76818442.08
2022,CUB,Cuba,25,"Salt; sulphur; earths, stone; plastering materials, lime and cement",166424854.8
2019,CUW,Curaçao,25,"Salt; sulphur; earths, stone; plastering materials, lime and cement",7858747.513
2020,CUW,Curaçao,25,"Salt; sulphur; earths, stone; plastering materials, lime and cement",7356701.042
2020,CYM,Cayman Isds,25,"Salt; sulphur; earths, stone; plastering materials, lime and cement",19786385.391
2021,CYM,Cayman Isds,25,"Salt; sulphur; earths, stone; plastering materials, lime and cement",25236677.415
2022,CYM,Cayman Isds,25,"Salt; sulphur; earths, stone; plastering materials, lime and cement",23619781.407
2023,CYM,Cayman Isds,25,"Salt; sulphur; earths, stone; plastering materials, lime and cement",21069027.485
2019,CYP,Cyprus,25,"Salt; sulphur; earths, stone; plastering materials, lime and cement",8028063.569
2020,CYP,Cyprus,25,"Salt; sulphur; earths, stone; plastering materials, lime and cement",9966010.754
2021,CYP,Cyprus,25,"Salt; sulphur; earths, stone; plastering materials, lime and cement",10270057.0
2022,CYP,Cyprus,25,"Salt; sulphur; earths, stone; plastering materials, lime and cement",16226431.605
2023,CYP,Cyprus,25,"Salt; sulphur; earths, stone; plastering materials, lime and cement",12672932.091
2019,CZE,Czechia,25,"Salt; sulphur; earths, stone; plastering materials, lime and cement",306945734.0
2020,CZE,Czechia,25,"Salt; sulphur; earths, stone; plastering materials, lime and cement",295314354.0
2021,CZE,Czechia,25,"Salt; sulphur; earths, stone; plastering materials, lime and cement",369831711.0
2022,CZE,Czechia,25,"Salt; sulphur; earths, stone; plastering materials, lime and cement",418323506.0
2023,CZE,Czechia,25,"Salt; sulphur; earths, stone; plastering materials, lime and cement",409863657.0
2019,DEU,Germany,25,"Salt; sulphur; earths, stone; plastering materials, lime and cement",2138854049.965
2020,DEU,Germany,25,"Salt; sulphur; earths, stone; plastering materials, lime and cement",1906664965.522
2021,DEU,Germany,25,"Salt; sulphur; earths, stone; plastering materials, lime and cement",2172183578.486
2022,DEU,Germany,25,"Salt; sulphur; earths, stone; plastering materials, lime and cement",2376732849.142
2023,DEU,Germany,25,"Salt; sulphur; earths, stone; plastering materials, lime and cement",2256993346.527
2021,DJI,Djibouti,25,"Salt; sulphur; earths, stone; plastering materials, lime and cement",12784141.621
2022,DJI,Djibouti,25,"Salt; sulphur; earths, stone; plastering materials, lime and cement",14625818.345
2023,DJI,Djibouti,25,"Salt; sulphur; earths, stone; plastering materials, lime and cement",5279091.475
2019,DMA,Dominica,25,"Salt; sulphur; earths, stone; plastering materials, lime and cement",7405251.549
2020,DMA,Dominica,25,"Salt; sulphur; earths, stone; plastering materials, lime and cement",4526868.066
2021,DMA,Dominica,25,"Salt; sulphur; earths, stone; plastering materials, lime and cement",3931728.661
2022,DMA,Dominica,25,"Salt; sulphur; earths, stone; plastering materials, lime and cement",4535618.427
2023,DMA,Dominica,25,"Salt; sulphur; earths, stone; plastering materials, lime and cement",5480641.927
2019,DNK,Denmark,25,"Salt; sulphur; earths, stone; plastering materials, lime and cement",234517556.969
2020,DNK,Denmark,25,"Salt; sulphur; earths, stone; plastering materials, lime and cement",252095980.204
2021,DNK,Denmark,25,"Salt; sulphur; earths, stone; plastering materials, lime and cement",293755868.981
2022,DNK,Denmark,25,"Salt; sulphur; earths, stone; plastering materials, lime and cement",355484265.132
2023,DNK,Denmark,25,"Salt; sulphur; earths, stone; plastering materials, lime and cement",360071696.074
2019,DOM,Dominican Rep.,25,"Salt; sulphur; earths, stone; plastering materials, lime and cement",57851113.614
2020,DOM,Dominican Rep.,25,"Salt; sulphur; earths, stone; plastering materials, lime and cement",91697979.77
2021,DOM,Dominican Rep.,25,"Salt; sulphur; earths, stone; plastering materials, lime and cement",156736140.15
2022,DOM,Dominican Rep.,25,"Salt; sulphur; earths, stone; plastering materials, lime and cement",160087506.369
2023,DOM,Dominican Rep.,25,"Salt; sulphur; earths, stone; plastering materials, lime and cement",140192327.036
2019,ECU,Ecuador,25,"Salt; sulphur; earths, stone; plastering materials, lime and cement",36582588.138
2020,ECU,Ecuador,25,"Salt; sulphur; earths, stone; plastering materials, lime and cement",35012804.38
2021,ECU,Ecuador,25,"Salt; sulphur; earths, stone; plastering materials, lime and cement",63696056.128
2022,ECU,Ecuador,25,"Salt; sulphur; earths, stone; plastering materials, lime and cement",79068154.5
2023,ECU,Ecuador,25,"Salt; sulphur; earths, stone; plastering materials, lime and cement",71636606.5
2019,EGY,Egypt,25,"Salt; sulphur; earths, stone; plastering materials, lime and cement",215942075.172
2020,EGY,Egypt,25,"Salt; sulphur; earths, stone; plastering materials, lime and cement",167306835.221
2021,EGY,Egypt,25,"Salt; sulphur; earths, stone; plastering materials, lime and cement",283069038.023
2022,EGY,Egypt,25,"Salt; sulphur; earths, stone; plastering materials, lime and cement",361133643.754
2023,EGY,Egypt,25,"Salt; sulphur; earths, stone; plastering materials, lime and cement",265339340.091
2019,ESP,Spain,25,"Salt; sulphur; earths, stone; plastering materials, lime and cement",811816291.425
2020,ESP,Spain,25,"Salt; sulphur; earths, stone; plastering materials, lime and cement",727492017.119
2021,ESP,Spain,25,"Salt; sulphur; earths, stone; plastering materials, lime and cement",1050041456.7
2022,ESP,Spain,25,"Salt; sulphur; earths, stone; plastering materials, lime and cement",1156221285.189
2023,ESP,Spain,25,"Salt; sulphur; earths, stone; plastering materials, lime and cement",699339851.685
2019,EST,Estonia,25,"Salt; sulphur; earths, stone; plastering materials, lime and cement",61681221.448
2020,EST,Estonia,25,"Salt; sulphur; earths, stone; plastering materials, lime and cement",70487408.45
2021,EST,Estonia,25,"Salt; sulphur; earths, stone; plastering materials, lime and cement",92772122.73
2022,EST,Estonia,25,"Salt; sulphur; earths, stone; plastering materials, lime and cement",110776030.12
2023,EST,Estonia,25,"Salt; sulphur; earths, stone; plastering materials, lime and cement",103288691.93
2019,ETH,Ethiopia,25,"Salt; sulphur; earths, stone; plastering materials, lime and cement",9139119.05
2020,ETH,Ethiopia,25,"Salt; sulphur; earths, stone; plastering materials, lime and cement",11486921.66
2021,ETH,Ethiopia,25,"Salt; sulphur; earths, stone; plastering materials, lime and cement",11351814.26
2022,ETH,Ethiopia,25,"Salt; sulphur; earths, stone; plastering materials, lime and cement",12489949.734
2023,ETH,Ethiopia,25,"Salt; sulphur; earths, stone; plastering materials, lime and cement",9905866.661
2019,FIN,Finland,25,"Salt; sulphur; earths, stone; plastering materials, lime and cement",384303687.582
2020,FIN,Finland,25,"Salt; sulphur; earths, stone; plastering materials, lime and cement",339312767.657
2021,FIN,Finland,25,"Salt; sulphur; earths, stone; plastering materials, lime and cement",390036662.361
2022,FIN,Finland,25,"Salt; sulphur; earths, stone; plastering materials, lime and cement",468328178.489
2023,FIN,Finland,25,"Salt; sulphur; earths, stone; plastering materials, lime and cement",476993083.74
2019,FJI,Fiji,25,"Salt; sulphur; earths, stone; plastering materials, lime and cement",17427994.76
2020,FJI,Fiji,25,"Salt; sulphur; earths, stone; plastering materials, lime and cement",11267057.017
2021,FJI,Fiji,25,"Salt; sulphur; earths, stone; plastering materials, lime and cement",14294953.195
2022,FJI,Fiji,25,"Salt; sulphur; earths, stone; plastering materials, lime and cement",23462255.84
2023,FJI,Fiji,25,"Salt; sulphur; earths, stone; plastering materials, lime and cement",19598144.351
2019,FRA,France,25,"Salt; sulphur; earths, stone; plastering materials, lime and cement",1308618818.433
2020,FRA,France,25,"Salt; sulphur; earths, stone; plastering materials, lime and cement",1314917987.37
2021,FRA,France,25,"Salt; sulphur; earths, stone; plastering materials, lime and cement",1487178565.427
2022,FRA,France,25,"Salt; sulphur; earths, stone; plastering materials, lime and cement",1668897950.355
2023,FRA,France,25,"Salt; sulphur; earths, stone; plastering materials, lime and cement",1690941226.318
2019,GAB,Gabon,25,"Salt; sulphur; earths, stone; plastering materials, lime and cement",41308263.59
2020,GAB,Gabon,25,"Salt; sulphur; earths, stone; plastering materials, lime and cement",36257065.974
2021,GAB,Gabon,25,"Salt; sulphur; earths, stone; plastering materials, lime and cement",49979328.669
2022,GAB,Gabon,25,"Salt; sulphur; earths, stone; plastering materials, lime and cement",72948271.596
2023,GAB,Gabon,25,"Salt; sulphur; earths, stone; plastering materials, lime and cement",57574321.557
2019,GBR,United Kingdom,25,"Salt; sulphur; earths, stone; plastering materials, lime and cement",1104934990.427
2020,GBR,United Kingdom,25,"Salt; sulphur; earths, stone; plastering materials, lime and cement",1036545238.93
2021,GBR,United Kingdom,25,"Salt; sulphur; earths, stone; plastering materials, lime and cement",1412163508.355
2022,GBR,United Kingdom,25,"Salt; sulphur; earths, stone; plastering materials, lime and cement",1539435140.846
2023,GBR,United Kingdom,25,"Salt; sulphur; earths, stone; plastering materials, lime and cement",1502892890.888
2019,GEO,Georgia,25,"Salt; sulphur; earths, stone; plastering materials, lime and cement",59355040.84
2020,GEO,Georgia,25,"Salt; sulphur; earths, stone; plastering materials, lime and cement",58155707.84
2021,GEO,Georgia,25,"Salt; sulphur; earths, stone; plastering materials, lime and cement",66357861.34
2022,GEO,Georgia,25,"Salt; sulphur; earths, stone; plastering materials, lime and cement",83244659.086
2023,GEO,Georgia,25,"Salt; sulphur; earths, stone; plastering materials, lime and cement",108598977.322
2019,GHA,Ghana,25,"Salt; sulphur; earths, stone; plastering materials, lime and cement",373825026.658
2021,GHA,Ghana,25,"Salt; sulphur; earths, stone; plastering materials, lime and cement",529976037.897
2022,GHA,Ghana,25,"Salt; sulphur; earths, stone; plastering materials, lime and cement",557227953.629
2023,GHA,Ghana,25,"Salt; sulphur; earths, stone; plastering materials, lime and cement",439485138.957
2019,GMB,Gambia,25,"Salt; sulphur; earths, stone; plastering materials, lime and cement",21594973.877
2020,GMB,Gambia,25,"Salt; sulphur; earths, stone; plastering materials, lime and cement",34034102.171
2021,GMB,Gambia,25,"Salt; sulphur; earths, stone; plastering materials, lime and cement",26084809.86
2022,GMB,Gambia,25,"Salt; sulphur; earths, stone; plastering materials, lime and cement",28081637.645
2023,GMB,Gambia,25,"Salt; sulphur; earths, stone; plastering materials, lime and cement",31257028.028
2019,GRC,Greece,25,"Salt; sulphur; earths, stone; plastering materials, lime and cement",114286851.235
2020,GRC,Greece,25,"Salt; sulphur; earths, stone; plastering materials, lime and cement",101981504.408
2021,GRC,Greece,25,"Salt; sulphur; earths, stone; plastering materials, lime and cement",140545110.281
2022,GRC,Greece,25,"Salt; sulphur; earths, stone; plastering materials, lime and cement",172539572.847
2023,GRC,Greece,25,"Salt; sulphur; earths, stone; plastering materials, lime and cement",156284291.346
2019,GRD,Grenada,25,"Salt; sulphur; earths, stone; plastering materials, lime and cement",12232730.608
2020,GRD,Grenada,25,"Salt; sulphur; earths, stone; plastering materials, lime and cement",9764646.337
2021,GRD,Grenada,25,"Salt; sulphur; earths, stone; plastering materials, lime and cement",12255226.654
2022,GRD,Grenada,25,"Salt; sulphur; earths, stone; plastering materials, lime and cement",14138661.097
2023,GRD,Grenada,25,"Salt; sulphur; earths, stone; plastering materials, lime and cement",14923493.786
2019,GTM,Guatemala,25,"Salt; sulphur; earths, stone; plastering materials, lime and cement",93120770.0
2020,GTM,Guatemala,25,"Salt; sulphur; earths, stone; plastering materials, lime and cement",101034588.0
2021,GTM,Guatemala,25,"Salt; sulphur; earths, stone; plastering materials, lime and cement",144935523.0
2022,GTM,Guatemala,25,"Salt; sulphur; earths, stone; plastering materials, lime and cement",153242183.0
2023,GTM,Guatemala,25,"Salt; sulphur; earths, stone; plastering materials, lime and cement",154553119.0
2019,GUY,Guyana,25,"Salt; sulphur; earths, stone; plastering materials, lime and cement",75504054.199
2020,GUY,Guyana,25,"Salt; sulphur; earths, stone; plastering materials, lime and cement",135498172.02
2021,GUY,Guyana,25,"Salt; sulphur; earths, stone; plastering materials, lime and cement",62182823.949
2022,GUY,Guyana,25,"Salt; sulphur; earths, stone; plastering materials, lime and cement",63639946.498
2023,GUY,Guyana,25,"Salt; sulphur; earths, stone; plastering materials, lime and cement",127349119.192
2019,HKG,"China, Hong Kong SAR",25,"Salt; sulphur; earths, stone; plastering materials, lime and cement",683821061.67
2020,HKG,"China, Hong Kong SAR",25,"Salt; sulphur; earths, stone; plastering materials, lime and cement",898267336.696
2021,HKG,"China, Hong Kong SAR",25,"Salt; sulphur; earths, stone; plastering materials, lime and cement",621993636.989
2022,HKG,"China, Hong Kong SAR",25,"Salt; sulphur; earths, stone; plastering materials, lime and cement",551332715.831
2023,HKG,"China, Hong Kong SAR",25,"Salt; sulphur; earths, stone; plastering materials, lime and cement",494900604.106
2019,HND,Honduras,25,"Salt; sulphur; earths, stone; plastering materials, lime and cement",33331790.7
2020,HND,Honduras,25,"Salt; sulphur; earths, stone; plastering materials, lime and cement",30370531.88
2021,HND,Honduras,25,"Salt; sulphur; earths, stone; plastering materials, lime and cement",71791063.25
2023,HND,Honduras,25,"Salt; sulphur; earths, stone; plastering materials, lime and cement",73829612.95
2019,HRV,Croatia,25,"Salt; sulphur; earths, stone; plastering materials, lime and cement",102324017.0
2020,HRV,Croatia,25,"Salt; sulphur; earths, stone; plastering materials, lime and cement",93021950.0
2021,HRV,Croatia,25,"Salt; sulphur; earths, stone; plastering materials, lime and cement",111927164.0
2022,HRV,Croatia,25,"Salt; sulphur; earths, stone; plastering materials, lime and cement",122028200.0
2023,HRV,Croatia,25,"Salt; sulphur; earths, stone; plastering materials, lime and cement",130858945.0
2019,HUN,Hungary,25,"Salt; sulphur; earths, stone; plastering materials, lime and cement",323655774.0
2020,HUN,Hungary,25,"Salt; sulphur; earths, stone; plastering materials, lime and cement",291154407.0
2021,HUN,Hungary,25,"Salt; sulphur; earths, stone; plastering materials, lime and cement",339601238.0
2022,HUN,Hungary,25,"Salt; sulphur; earths, stone; plastering materials, lime and cement",350980667.0
2023,HUN,Hungary,25,"Salt; sulphur; earths, stone; plastering materials, lime and cement",367515215.751
2019,IDN,Indonesia,25,"Salt; sulphur; earths, stone; plastering materials, lime and cement",887543236.0
2020,IDN,Indonesia,25,"Salt; sulphur; earths, stone; plastering materials, lime and cement",758255683.0
2021,IDN,Indonesia,25,"Salt; sulphur; earths, stone; plastering materials, lime and cement",1230112637.0
2022,IDN,Indonesia,25,"Salt; sulphur; earths, stone; plastering materials, lime and cement",1699817744.0
2023,IDN,Indonesia,25,"Salt; sulphur; earths, stone; plastering materials, lime and cement",1320496014.0
2019,IND,India,25,"Salt; sulphur; earths, stone; plastering materials, lime and cement",2731263669.262
2020,IND,India,25,"Salt; sulphur; earths, stone; plastering materials, lime and cement",2257758866.055
2021,IND,India,25,"Salt; sulphur; earths, stone; plastering materials, lime and cement",3585509344.246
2022,IND,India,25,"Salt; sulphur; earths, stone; plastering materials, lime and cement",4749129275.423
2023,IND,India,25,"Salt; sulphur; earths, stone; plastering materials, lime and cement",4399200910.636
2019,IRL,Ireland,25,"Salt; sulphur; earths, stone; plastering materials, lime and cement",137876406.045
2020,IRL,Ireland,25,"Salt; sulphur; earths, stone; plastering materials, lime and cement",150840412.883
2021,IRL,Ireland,25,"Salt; sulphur; earths, stone; plastering materials, lime and cement",194399821.866
2022,IRL,Ireland,25,"Salt; sulphur; earths, stone; plastering materials, lime and cement",197033134.368
2023,IRL,Ireland,25,"Salt; sulphur; earths, stone; plastering materials, lime and cement",218585824.704
2019,IRN,Iran,25,"Salt; sulphur; earths, stone; plastering materials, lime and cement",126108016.0
2020,IRN,Iran,25,"Salt; sulphur; earths, stone; plastering materials, lime and cement",109292361.0
2021,IRN,Iran,25,"Salt; sulphur; earths, stone; plastering materials, lime and cement",120433248.0
2022,IRN,Iran,25,"Salt; sulphur; earths, stone; plastering materials, lime and cement",118882174.0
2019,ISL,Iceland,25,"Salt; sulphur; earths, stone; plastering materials, lime and cement",47356423.398
2020,ISL,Iceland,25,"Salt; sulphur; earths, stone; plastering materials, lime and cement",42553720.877
2021,ISL,Iceland,25,"Salt; sulphur; earths, stone; plastering materials, lime and cement",67903860.341
2022,ISL,Iceland,25,"Salt; sulphur; earths, stone; plastering materials, lime and cement",88492249.254
2023,ISL,Iceland,25,"Salt; sulphur; earths, stone; plastering materials, lime and cement",78442355.093
2019,ISR,Israel,25,"Salt; sulphur; earths, stone; plastering materials, lime and cement",409321000.0
2020,ISR,Israel,25,"Salt; sulphur; earths, stone; plastering materials, lime and cement",458395000.0
2021,ISR,Israel,25,"Salt; sulphur; earths, stone; plastering materials, lime and cement",606869000.0
2022,ISR,Israel,25,"Salt; sulphur; earths, stone; plastering materials, lime and cement",811246000.0
2023,ISR,Israel,25,"Salt; sulphur; earths, stone; plastering materials, lime and cement",663858000.0
2019,ITA,Italy,25,"Salt; sulphur; earths, stone; plastering materials, lime and cement",1431466019.458
2020,ITA,Italy,25,"Salt; sulphur; earths, stone; plastering materials, lime and cement",1163398133.181
2021,ITA,Italy,25,"Salt; sulphur; earths, stone; plastering materials, lime and cement",1626528634.148
2022,ITA,Italy,25,"Salt; sulphur; earths, stone; plastering materials, lime and cement",1951695955.925
2023,ITA,Italy,25,"Salt; sulphur; earths, stone; plastering materials, lime and cement",1727829073.002
2019,JAM,Jamaica,25,"Salt; sulphur; earths, stone; plastering materials, lime and cement",22756154.409
2020,JAM,Jamaica,25,"Salt; sulphur; earths, stone; plastering materials, lime and cement",18538367.91
2021,JAM,Jamaica,25,"Salt; sulphur; earths, stone; plastering materials, lime and cement",31267720.67
2022,JAM,Jamaica,25,"Salt; sulphur; earths, stone; plastering materials, lime and cement",34338790.28
2023,JAM,Jamaica,25,"Salt; sulphur; earths, stone; plastering materials, lime and cement",30282552.47
2019,JOR,Jordan,25,"Salt; sulphur; earths, stone; plastering materials, lime and cement",81961598.902
2020,JOR,Jordan,25,"Salt; sulphur; earths, stone; plastering materials, lime and cement",55116735.518
2021,JOR,Jordan,25,"Salt; sulphur; earths, stone; plastering materials, lime and cement",107137064.988
2022,JOR,Jordan,25,"Salt; sulphur; earths, stone; plastering materials, lime and cement",152624332.965
2023,JOR,Jordan,25,"Salt; sulphur; earths, stone; plastering materials, lime and cement",210505652.509
2019,JPN,Japan,25,"Salt; sulphur; earths, stone; plastering materials, lime and cement",1619217034.066
2020,JPN,Japan,25,"Salt; sulphur; earths, stone; plastering materials, lime and cement",1297316663.04
2021,JPN,Japan,25,"Salt; sulphur; earths, stone; plastering materials, lime and cement",1623778948.795
2022,JPN,Japan,25,"Salt; sulphur; earths, stone; plastering materials, lime and cement",1921565110.898
2023,JPN,Japan,25,"Salt; sulphur; earths, stone; plastering materials, lime and cement",1616725759.587
2019,KAZ,Kazakhstan,25,"Salt; sulphur; earths, stone; plastering materials, lime and cement",102838436.31
2020,KAZ,Kazakhstan,25,"Salt; sulphur; earths, stone; plastering materials, lime and cement",99788800.558
2021,KAZ,Kazakhstan,25,"Salt; sulphur; earths, stone; plastering materials, lime and cement",130460281.104
2022,KAZ,Kazakhstan,25,"Salt; sulphur; earths, stone; plastering materials, lime and cement",143211751.199
2023,KAZ,Kazakhstan,25,"Salt; sulphur; earths, stone; plastering materials, lime and cement",130226597.6
2019,KEN,Kenya,25,"Salt; sulphur; earths, stone; plastering materials, lime and cement",102876640.32
2020,KEN,Kenya,25,"Salt; sulphur; earths, stone; plastering materials, lime and cement",120023774.007
2021,KEN,Kenya,25,"Salt; sulphur; earths, stone; plastering materials, lime and cement",99220806.475
2022,KEN,Kenya,25,"Salt; sulphur; earths, stone; plastering materials, lime and cement",77726611.845
2023,KEN,Kenya,25,"Salt; sulphur; earths, stone; plastering materials, lime and cement",36537167.536
2019,KGZ,Kyrgyzstan,25,"Salt; sulphur; earths, stone; plastering materials, lime and cement",32993286.0
2020,KGZ,Kyrgyzstan,25,"Salt; sulphur; earths, stone; plastering materials, lime and cement",33592470.0
2021,KGZ,Kyrgyzstan,25,"Salt; sulphur; earths, stone; plastering materials, lime and cement",33896770.0
2022,KGZ,Kyrgyzstan,25,"Salt; sulphur; earths, stone; plastering materials, lime and cement",38381523.0
2023,KGZ,Kyrgyzstan,25,"Salt; sulphur; earths, stone; plastering materials, lime and cement",69043041.0
2019,KHM,Cambodia,25,"Salt; sulphur; earths, stone; plastering materials, lime and cement",161510682.02
2020,KHM,Cambodia,25,"Salt; sulphur; earths, stone; plastering materials, lime and cement",102405568.4
2021,KHM,Cambodia,25,"Salt; sulphur; earths, stone; plastering materials, lime and cement",77316408.34
2022,KHM,Cambodia,25,"Salt; sulphur; earths, stone; plastering materials, lime and cement",62373604.27
2023,KHM,Cambodia,25,"Salt; sulphur; earths, stone; plastering materials, lime and cement",58607408.95
2020,KIR,Kiribati,25,"Salt; sulphur; earths, stone; plastering materials, lime and cement",1059931.667
2021,KIR,Kiribati,25,"Salt; sulphur; earths, stone; plastering materials, lime and cement",1770232.044
2019,KOR,Rep. of Korea,25,"Salt; sulphur; earths, stone; plastering materials, lime and cement",927059329.0
2020,KOR,Rep. of Korea,25,"Salt; sulphur; earths, stone; plastering materials, lime and cement",881336864.0
2021,KOR,Rep. of Korea,25,"Salt; sulphur; earths, stone; plastering materials, lime and cement",1068153338.0
2022,KOR,Rep. of Korea,25,"Salt; sulphur; earths, stone; plastering materials, lime and cement",1223345544.0
2023,KOR,Rep. of Korea,25,"Salt; sulphur; earths, stone; plastering materials, lime and cement",1105073323.0
2019,KWT,Kuwait,25,"Salt; sulphur; earths, stone; plastering materials, lime and cement",562684767.0
2020,KWT,Kuwait,25,"Salt; sulphur; earths, stone; plastering materials, lime and cement",423748339.0
2021,KWT,Kuwait,25,"Salt; sulphur; earths, stone; plastering materials, lime and cement",600102873.0
2022,KWT,Kuwait,25,"Salt; sulphur; earths, stone; plastering materials, lime and cement",512833337.588
2023,KWT,Kuwait,25,"Salt; sulphur; earths, stone; plastering materials, lime and cement",520864465.773
2019,LAO,Lao People's Dem. Rep.,25,"Salt; sulphur; earths, stone; plastering materials, lime and cement",68903187.34
2020,LAO,Lao People's Dem. Rep.,25,"Salt; sulphur; earths, stone; plastering materials, lime and cement",34929649.82
2021,LAO,Lao People's Dem. Rep.,25,"Salt; sulphur; earths, stone; plastering materials, lime and cement",28594702.51
2022,LAO,Lao People's Dem. Rep.,25,"Salt; sulphur; earths, stone; plastering materials, lime and cement",33590155.32
2023,LAO,Lao People's Dem. Rep.,25,"Salt; sulphur; earths, stone; plastering materials, lime and cement",45084656.25
2019,LBN,Lebanon,25,"Salt; sulphur; earths, stone; plastering materials, lime and cement",73135107.13
2020,LBN,Lebanon,25,"Salt; sulphur; earths, stone; plastering materials, lime and cement",55809361.0
2021,LBN,Lebanon,25,"Salt; sulphur; earths, stone; plastering materials, lime and cement",90367151.0
2022,LBN,Lebanon,25,"Salt; sulphur; earths, stone; plastering materials, lime and cement",123593445.0
2023,LBN,Lebanon,25,"Salt; sulphur; earths, stone; plastering materials, lime and cement",78594983.0
2019,LBR,Liberia,25,"Salt; sulphur; earths, stone; plastering materials, lime and cement",25755179.98
2020,LBR,Liberia,25,"Salt; sulphur; earths, stone; plastering materials, lime and cement",22740076.31
2021,LBR,Liberia,25,"Salt; sulphur; earths, stone; plastering materials, lime and cement",42125183.01
2022,LBR,Liberia,25,"Salt; sulphur; earths, stone; plastering materials, lime and cement",50169795.94
2023,LBR,Liberia,25,"Salt; sulphur; earths, stone; plastering materials, lime and cement",37381262.4
2019,LBY,Libya,25,"Salt; sulphur; earths, stone; plastering materials, lime and cement",141262538.0
2019,LCA,Saint Lucia,25,"Salt; sulphur; earths, stone; plastering materials, lime and cement",8444088.03
2020,LCA,Saint Lucia,25,"Salt; sulphur; earths, stone; plastering materials, lime and cement",9820270.62
2019,LKA,Sri Lanka,25,"Salt; sulphur; earths, stone; plastering materials, lime and cement",541529273.942
2020,LKA,Sri Lanka,25,"Salt; sulphur; earths, stone; plastering materials, lime and cement",379277535.744
2021,LKA,Sri Lanka,25,"Salt; sulphur; earths, stone; plastering materials, lime and cement",377388318.587
2022,LKA,Sri Lanka,25,"Salt; sulphur; earths, stone; plastering materials, lime and cement",231147396.639
2023,LKA,Sri Lanka,25,"Salt; sulphur; earths, stone; plastering materials, lime and cement",178043556.745
2019,LSO,Lesotho,25,"Salt; sulphur; earths, stone; plastering materials, lime and cement",5533357.937
2020,LSO,Lesotho,25,"Salt; sulphur; earths, stone; plastering materials, lime and cement",9102825.494
2021,LSO,Lesotho,25,"Salt; sulphur; earths, stone; plastering materials, lime and cement",14135690.522
2022,LSO,Lesotho,25,"Salt; sulphur; earths, stone; plastering materials, lime and cement",22149955.094
2023,LSO,Lesotho,25,"Salt; sulphur; earths, stone; plastering materials, lime and cement",24620433.97
2019,LTU,Lithuania,25,"Salt; sulphur; earths, stone; plastering materials, lime and cement",289870258.0
2020,LTU,Lithuania,25,"Salt; sulphur; earths, stone; plastering materials, lime and cement",273123974.0
2021,LTU,Lithuania,25,"Salt; sulphur; earths, stone; plastering materials, lime and cement",375993617.0
2022,LTU,Lithuania,25,"Salt; sulphur; earths, stone; plastering materials, lime and cement",228171386.0
2023,LTU,Lithuania,25,"Salt; sulphur; earths, stone; plastering materials, lime and cement",158337737.0
2019,LUX,Luxembourg,25,"Salt; sulphur; earths, stone; plastering materials, lime and cement",121691505.474
2020,LUX,Luxembourg,25,"Salt; sulphur; earths, stone; plastering materials, lime and cement",118301360.706
2021,LUX,Luxembourg,25,"Salt; sulphur; earths, stone; plastering materials, lime and cement",131504741.332
2022,LUX,Luxembourg,25,"Salt; sulphur; earths, stone; plastering materials, lime and cement",132809273.459
2023,LUX,Luxembourg,25,"Salt; sulphur; earths, stone; plastering materials, lime and cement",139494818.771
2019,LVA,Latvia,25,"Salt; sulphur; earths, stone; plastering materials, lime and cement",63576006.371
2020,LVA,Latvia,25,"Salt; sulphur; earths, stone; plastering materials, lime and cement",59016357.588
2021,LVA,Latvia,25,"Salt; sulphur; earths, stone; plastering materials, lime and cement",76013127.755
2022,LVA,Latvia,25,"Salt; sulphur; earths, stone; plastering materials, lime and cement",97178208.717
2023,LVA,Latvia,25,"Salt; sulphur; earths, stone; plastering materials, lime and cement",93823970.447
2019,MAC,"China, Macao SAR",25,"Salt; sulphur; earths, stone; plastering materials, lime and cement",61768818.947
2020,MAC,"China, Macao SAR",25,"Salt; sulphur; earths, stone; plastering materials, lime and cement",88062314.677
2021,MAC,"China, Macao SAR",25,"Salt; sulphur; earths, stone; plastering materials, lime and cement",77236547.797
2022,MAC,"China, Macao SAR",25,"Salt; sulphur; earths, stone; plastering materials, lime and cement",58090949.563
2023,MAC,"China, Macao SAR",25,"Salt; sulphur; earths, stone; plastering materials, lime and cement",63119337.286
2019,MAR,Morocco,25,"Salt; sulphur; earths, stone; plastering materials, lime and cement",786078040.299
2020,MAR,Morocco,25,"Salt; sulphur; earths, stone; plastering materials, lime and cement",583320175.435
2021,MAR,Morocco,25,"Salt; sulphur; earths, stone; plastering materials, lime and cement",1175032286.81
2022,MAR,Morocco,25,"Salt; sulphur; earths, stone; plastering materials, lime and cement",1930557279.839
2023,MAR,Morocco,25,"Salt; sulphur; earths, stone; plastering materials, lime and cement",870831655.596
2019,MDA,Rep. of Moldova,25,"Salt; sulphur; earths, stone; plastering materials, lime and cement",17838236.0
2020,MDA,Rep. of Moldova,25,"Salt; sulphur; earths, stone; plastering materials, lime and cement",22962166.0
2021,MDA,Rep. of Moldova,25,"Salt; sulphur; earths, stone; plastering materials, lime and cement",23965567.0
2022,MDA,Rep. of Moldova,25,"Salt; sulphur; earths, stone; plastering materials, lime and cement",29500785.0
2023,MDA,Rep. of Moldova,25,"Salt; sulphur; earths, stone; plastering materials, lime and cement",34985870.0
2019,MDG,Madagascar,25,"Salt; sulphur; earths, stone; plastering materials, lime and cement",141515266.392
2020,MDG,Madagascar,25,"Salt; sulphur; earths, stone; plastering materials, lime and cement",75879487.26
2021,MDG,Madagascar,25,"Salt; sulphur; earths, stone; plastering materials, lime and cement",188554016.397
2022,MDG,Madagascar,25,"Salt; sulphur; earths, stone; plastering materials, lime and cement",254009473.565
2023,MDG,Madagascar,25,"Salt; sulphur; earths, stone; plastering materials, lime and cement",156614005.107
2019,MDV,Maldives,25,"Salt; sulphur; earths, stone; plastering materials, lime and cement",105838293.17
2020,MDV,Maldives,25,"Salt; sulphur; earths, stone; plastering materials, lime and cement",73308256.546
2021,MDV,Maldives,25,"Salt; sulphur; earths, stone; plastering materials, lime and cement",86085890.83
2022,MDV,Maldives,25,"Salt; sulphur; earths, stone; plastering materials, lime and cement",108961689.302
2023,MDV,Maldives,25,"Salt; sulphur; earths, stone; plastering materials, lime and cement",151342669.553
2019,MEX,Mexico,25,"Salt; sulphur; earths, stone; plastering materials, lime and cement",636135755.0
2020,MEX,Mexico,25,"Salt; sulphur; earths, stone; plastering materials, lime and cement",597640235.0
2021,MEX,Mexico,25,"Salt; sulphur; earths, stone; plastering materials, lime and cement",791873901.0
2022,MEX,Mexico,25,"Salt; sulphur; earths, stone; plastering materials, lime and cement",1121502406.0
2023,MEX,Mexico,25,"Salt; sulphur; earths, stone; plastering materials, lime and cement",970979927.0
2019,MKD,North Macedonia,25,"Salt; sulphur; earths, stone; plastering materials, lime and cement",32128358.31
2020,MKD,North Macedonia,25,"Salt; sulphur; earths, stone; plastering materials, lime and cement",32642054.07
2021,MKD,North Macedonia,25,"Salt; sulphur; earths, stone; plastering materials, lime and cement",36620322.64
2022,MKD,North Macedonia,25,"Salt; sulphur; earths, stone; plastering materials, lime and cement",39409807.48
2023,MKD,North Macedonia,25,"Salt; sulphur; earths, stone; plastering materials, lime and cement",32332462.938
2019,MLI,Mali,25,"Salt; sulphur; earths, stone; plastering materials, lime and cement",226770441.132
2020,MLI,Mali,25,"Salt; sulphur; earths, stone; plastering materials, lime and cement",252105057.303
2021,MLI,Mali,25,"Salt; sulphur; earths, stone; plastering materials, lime and cement",237292877.98
2022,MLI,Mali,25,"Salt; sulphur; earths, stone; plastering materials, lime and cement",239492505.233
2023,MLI,Mali,25,"Salt; sulphur; earths, stone; plastering materials, lime and cement",334567591.938
2019,MLT,Malta,25,"Salt; sulphur; earths, stone; plastering materials, lime and cement",44771230.363
2020,MLT,Malta,25,"Salt; sulphur; earths, stone; plastering materials, lime and cement",48567669.055
2021,MLT,Malta,25,"Salt; sulphur; earths, stone; plastering materials, lime and cement",50013618.134
2022,MLT,Malta,25,"Salt; sulphur; earths, stone; plastering materials, lime and cement",56011241.729
2023,MLT,Malta,25,"Salt; sulphur; earths, stone; plastering materials, lime and cement",60094171.046
2019,MMR,Myanmar,25,"Salt; sulphur; earths, stone; plastering materials, lime and cement",106562690.872
2020,MMR,Myanmar,25,"Salt; sulphur; earths, stone; plastering materials, lime and cement",87113425.051
2021,MMR,Myanmar,25,"Salt; sulphur; earths, stone; plastering materials, lime and cement",96898900.47
2022,MMR,Myanmar,25,"Salt; sulphur; earths, stone; plastering materials, lime and cement",47180140.914
2023,MMR,Myanmar,25,"Salt; sulphur; earths, stone; plastering materials, lime and cement",31954673.221
2019,MNE,Montenegro,25,"Salt; sulphur; earths, stone; plastering materials, lime and cement",50546172.02
2020,MNE,Montenegro,25,"Salt; sulphur; earths, stone; plastering materials, lime and cement",43803350.402
2021,MNE,Montenegro,25,"Salt; sulphur; earths, stone; plastering materials, lime and cement",40897530.783
2022,MNE,Montenegro,25,"Salt; sulphur; earths, stone; plastering materials, lime and cement",45016591.206
2023,MNE,Montenegro,25,"Salt; sulphur; earths, stone; plastering materials, lime and cement",61545894.538
2019,MNG,Mongolia,25,"Salt; sulphur; earths, stone; plastering materials, lime and cement",12055825.29
2020,MNG,Mongolia,25,"Salt; sulphur; earths, stone; plastering materials, lime and cement",16650521.96
2021,MNG,Mongolia,25,"Salt; sulphur; earths, stone; plastering materials, lime and cement",4799486.8
2022,MNG,Mongolia,25,"Salt; sulphur; earths, stone; plastering materials, lime and cement",10776616.443
2023,MNG,Mongolia,25,"Salt; sulphur; earths, stone; plastering materials, lime and cement",20665107.864
2019,MOZ,Mozambique,25,"Salt; sulphur; earths, stone; plastering materials, lime and cement",98007243.814
2020,MOZ,Mozambique,25,"Salt; sulphur; earths, stone; plastering materials, lime and cement",110689760.257
2021,MOZ,Mozambique,25,"Salt; sulphur; earths, stone; plastering materials, lime and cement",98655643.64
2022,MOZ,Mozambique,25,"Salt; sulphur; earths, stone; plastering materials, lime and cement",68904300.186
2023,MOZ,Mozambique,25,"Salt; sulphur; earths, stone; plastering materials, lime and cement",80648000.0
2019,MRT,Mauritania,25,"Salt; sulphur; earths, stone; plastering materials, lime and cement",45501463.37
2020,MRT,Mauritania,25,"Salt; sulphur; earths, stone; plastering materials, lime and cement",41475835.825
2021,MRT,Mauritania,25,"Salt; sulphur; earths, stone; plastering materials, lime and cement",86024019.12
2022,MRT,Mauritania,25,"Salt; sulphur; earths, stone; plastering materials, lime and cement",74124184.106
2023,MRT,Mauritania,25,"Salt; sulphur; earths, stone; plastering materials, lime and cement",68974444.952
2019,MSR,Montserrat,25,"Salt; sulphur; earths, stone; plastering materials, lime and cement",453933.118
2020,MSR,Montserrat,25,"Salt; sulphur; earths, stone; plastering materials, lime and cement",388002.935
2021,MSR,Montserrat,25,"Salt; sulphur; earths, stone; plastering materials, lime and cement",504067.807
2022,MSR,Montserrat,25,"Salt; sulphur; earths, stone; plastering materials, lime and cement",503341.733
2023,MSR,Montserrat,25,"Salt; sulphur; earths, stone; plastering materials, lime and cement",976413.614
2019,MUS,Mauritius,25,"Salt; sulphur; earths, stone; plastering materials, lime and cement",56803880.42
2020,MUS,Mauritius,25,"Salt; sulphur; earths, stone; plastering materials, lime and cement",50485806.348
2021,MUS,Mauritius,25,"Salt; sulphur; earths, stone; plastering materials, lime and cement",59240506.687
2022,MUS,Mauritius,25,"Salt; sulphur; earths, stone; plastering materials, lime and cement",70364363.424
2023,MUS,Mauritius,25,"Salt; sulphur; earths, stone; plastering materials, lime and cement",58935545.461
2019,MWI,Malawi,25,"Salt; sulphur; earths, stone; plastering materials, lime and cement",59860444.652
2020,MWI,Malawi,25,"Salt; sulphur; earths, stone; plastering materials, lime and cement",61301307.715
2021,MWI,Malawi,25,"Salt; sulphur; earths, stone; plastering materials, lime and cement",62080727.487
2022,MWI,Malawi,25,"Salt; sulphur; earths, stone; plastering materials, lime and cement",33859355.011
2023,MWI,Malawi,25,"Salt; sulphur; earths, stone; plastering materials, lime and cement",68003648.51
2019,MYS,Malaysia,25,"Salt; sulphur; earths, stone; plastering materials, lime and cement",510623265.64
2020,MYS,Malaysia,25,"Salt; sulphur; earths, stone; plastering materials, lime and cement",435121440.836
2021,MYS,Malaysia,25,"Salt; sulphur; earths, stone; plastering materials, lime and cement",549825835.889
2022,MYS,Malaysia,25,"Salt; sulphur; earths, stone; plastering materials, lime and cement",778919708.913
2023,MYS,Malaysia,25,"Salt; sulphur; earths, stone; plastering materials, lime and cement",580011970.82
2019,NAM,Namibia,25,"Salt; sulphur; earths, stone; plastering materials, lime and cement",13621109.689
2020,NAM,Namibia,25,"Salt; sulphur; earths, stone; plastering materials, lime and cement",23800047.187
2021,NAM,Namibia,25,"Salt; sulphur; earths, stone; plastering materials, lime and cement",58557599.17
2022,NAM,Namibia,25,"Salt; sulphur; earths, stone; plastering materials, lime and cement",112126400.098
2023,NAM,Namibia,25,"Salt; sulphur; earths, stone; plastering materials, lime and cement",54012202.631
2019,NER,Niger,25,"Salt; sulphur; earths, stone; plastering materials, lime and cement",102764028.989
2020,NER,Niger,25,"Salt; sulphur; earths, stone; plastering materials, lime and cement",86839785.767
2021,NER,Niger,25,"Salt; sulphur; earths, stone; plastering materials, lime and cement",99949768.73
2022,NER,Niger,25,"Salt; sulphur; earths, stone; plastering materials, lime and cement",102457818.747
2023,NER,Niger,25,"Salt; sulphur; earths, stone; plastering materials, lime and cement",47574083.094
2019,NGA,Nigeria,25,"Salt; sulphur; earths, stone; plastering materials, lime and cement",190313354.84
2020,NGA,Nigeria,25,"Salt; sulphur; earths, stone; plastering materials, lime and cement",288756362.956
2021,NGA,Nigeria,25,"Salt; sulphur; earths, stone; plastering materials, lime and cement",247477789.242
2022,NGA,Nigeria,25,"Salt; sulphur; earths, stone; plastering materials, lime and cement",263400051.853
2023,NGA,Nigeria,25,"Salt; sulphur; earths, stone; plastering materials, lime and cement",278497272.633
2019,NIC,Nicaragua,25,"Salt; sulphur; earths, stone; plastering materials, lime and cement",45032877.43
2020,NIC,Nicaragua,25,"Salt; sulphur; earths, stone; plastering materials, lime and cement",53051878.86
2021,NIC,Nicaragua,25,"Salt; sulphur; earths, stone; plastering materials, lime and cement",81721670.19
2022,NIC,Nicaragua,25,"Salt; sulphur; earths, stone; plastering materials, lime and cement",64097420.67
2023,NIC,Nicaragua,25,"Salt; sulphur; earths, stone; plastering materials, lime and cement",117178372.81
2019,NLD,Netherlands,25,"Salt; sulphur; earths, stone; plastering materials, lime and cement",1612316694.581
2020,NLD,Netherlands,25,"Salt; sulphur; earths, stone; plastering materials, lime and cement",1611742920.733
2021,NLD,Netherlands,25,"Salt; sulphur; earths, stone; plastering materials, lime and cement",1817340152.015
2022,NLD,Netherlands,25,"Salt; sulphur; earths, stone; plastering materials, lime and cement",2034277598.532
2023,NLD,Netherlands,25,"Salt; sulphur; earths, stone; plastering materials, lime and cement",1873768873.948
2019,NOR,Norway,25,"Salt; sulphur; earths, stone; plastering materials, lime and cement",291710883.146
2020,NOR,Norway,25,"Salt; sulphur; earths, stone; plastering materials, lime and cement",283929954.859
2021,NOR,Norway,25,"Salt; sulphur; earths, stone; plastering materials, lime and cement",337514710.333
2022,NOR,Norway,25,"Salt; sulphur; earths, stone; plastering materials, lime and cement",365832888.71
2023,NOR,Norway,25,"Salt; sulphur; earths, stone; plastering materials, lime and cement",399284815.22
2019,NPL,Nepal,25,"Salt; sulphur; earths, stone; plastering materials, lime and cement",122939689.78
2020,NPL,Nepal,25,"Salt; sulphur; earths, stone; plastering materials, lime and cement",96655070.53
2021,NPL,Nepal,25,"Salt; sulphur; earths, stone; plastering materials, lime and cement",89750975.99
2022,NPL,Nepal,25,"Salt; sulphur; earths, stone; plastering materials, lime and cement",71716293.768
2019,NZL,New Zealand,25,"Salt; sulphur; earths, stone; plastering materials, lime and cement",162358409.505
2020,NZL,New Zealand,25,"Salt; sulphur; earths, stone; plastering materials, lime and cement",142693381.106
2021,NZL,New Zealand,25,"Salt; sulphur; earths, stone; plastering materials, lime and cement",234281337.29
2022,NZL,New Zealand,25,"Salt; sulphur; earths, stone; plastering materials, lime and cement",335659476.902
2023,NZL,New Zealand,25,"Salt; sulphur; earths, stone; plastering materials, lime and cement",201688757.672
2019,OMN,Oman,25,"Salt; sulphur; earths, stone; plastering materials, lime and cement",279349844.82
2020,OMN,Oman,25,"Salt; sulphur; earths, stone; plastering materials, lime and cement",221580250.539
2021,OMN,Oman,25,"Salt; sulphur; earths, stone; plastering materials, lime and cement",209188769.504
2022,OMN,Oman,25,"Salt; sulphur; earths, stone; plastering materials, lime and cement",167812925.615
2023,OMN,Oman,25,"Salt; sulphur; earths, stone; plastering materials, lime and cement",188689619.991
2019,PAK,Pakistan,25,"Salt; sulphur; earths, stone; plastering materials, lime and cement",136341523.565
2020,PAK,Pakistan,25,"Salt; sulphur; earths, stone; plastering materials, lime and cement",108623427.46
2021,PAK,Pakistan,25,"Salt; sulphur; earths, stone; plastering materials, lime and cement",222220341.513
2022,PAK,Pakistan,25,"Salt; sulphur; earths, stone; plastering materials, lime and cement",215636856.861
2023,PAK,Pakistan,25,"Salt; sulphur; earths, stone; plastering materials, lime and cement",218141128.38
2019,PAN,Panama,25,"Salt; sulphur; earths, stone; plastering materials, lime and cement",29340654.0
2020,PAN,Panama,25,"Salt; sulphur; earths, stone; plastering materials, lime and cement",16762662.0
2021,PAN,Panama,25,"Salt; sulphur; earths, stone; plastering materials, lime and cement",27177162.0
2022,PAN,Panama,25,"Salt; sulphur; earths, stone; plastering materials, lime and cement",31899158.0
2023,PAN,Panama,25,"Salt; sulphur; earths, stone; plastering materials, lime and cement",26838350.0
2019,PER,Peru,25,"Salt; sulphur; earths, stone; plastering materials, lime and cement",159211179.11
2020,PER,Peru,25,"Salt; sulphur; earths, stone; plastering materials, lime and cement",154350148.01
2021,PER,Peru,25,"Salt; sulphur; earths, stone; plastering materials, lime and cement",261617524.85
2022,PER,Peru,25,"Salt; sulphur; earths, stone; plastering materials, lime and cement",245936298.981
2023,PER,Peru,25,"Salt; sulphur; earths, stone; plastering materials, lime and cement",144179826.91
2019,PHL,Philippines,25,"Salt; sulphur; earths, stone; plastering materials, lime and cement",764311039.0
2020,PHL,Philippines,25,"Salt; sulphur; earths, stone; plastering materials, lime and cement",662735823.0
2021,PHL,Philippines,25,"Salt; sulphur; earths, stone; plastering materials, lime and cement",777706583.0
2022,PHL,Philippines,25,"Salt; sulphur; earths, stone; plastering materials, lime and cement",839573193.0
2023,PHL,Philippines,25,"Salt; sulphur; earths, stone; plastering materials, lime and cement",762792302.0
2019,PNG,Papua New Guinea,25,"Salt; sulphur; earths, stone; plastering materials, lime and cement",102387054.046
2020,PNG,Papua New Guinea,25,"Salt; sulphur; earths, stone; plastering materials, lime and cement",67808397.64
2021,PNG,Papua New Guinea,25,"Salt; sulphur; earths, stone; plastering materials, lime and cement",80684988.343
2022,PNG,Papua New Guinea,25,"Salt; sulphur; earths, stone; plastering materials, lime and cement",132069138.023
2023,PNG,Papua New Guinea,25,"Salt; sulphur; earths, stone; plastering materials, lime and cement",92578123.347
2019,POL,Poland,25,"Salt; sulphur; earths, stone; plastering materials, lime and cement",822474225.0
2020,POL,Poland,25,"Salt; sulphur; earths, stone; plastering materials, lime and cement",764083554.0
2021,POL,Poland,25,"Salt; sulphur; earths, stone; plastering materials, lime and cement",833080925.0
2022,POL,Poland,25,"Salt; sulphur; earths, stone; plastering materials, lime and cement",911520041.0
2023,POL,Poland,25,"Salt; sulphur; earths, stone; plastering materials, lime and cement",922743132.0
2019,PRT,Portugal,25,"Salt; sulphur; earths, stone; plastering materials, lime and cement",217293676.647
2020,PRT,Portugal,25,"Salt; sulphur; earths, stone; plastering materials, lime and cement",220583003.44
2021,PRT,Portugal,25,"Salt; sulphur; earths, stone; plastering materials, lime and cement",261919994.237
2022,PRT,Portugal,25,"Salt; sulphur; earths, stone; plastering materials, lime and cement",283121292.757
2023,PRT,Portugal,25,"Salt; sulphur; earths, stone; plastering materials, lime and cement",317414663.212
2019,PRY,Paraguay,25,"Salt; sulphur; earths, stone; plastering materials, lime and cement",48661290.0
2020,PRY,Paraguay,25,"Salt; sulphur; earths, stone; plastering materials, lime and cement",70735585.0
2021,PRY,Paraguay,25,"Salt; sulphur; earths, stone; plastering materials, lime and cement",85183296.0
2022,PRY,Paraguay,25,"Salt; sulphur; earths, stone; plastering materials, lime and cement",83203084.06
2023,PRY,Paraguay,25,"Salt; sulphur; earths, stone; plastering materials, lime and cement",58306651.66
2019,PSE,State of Palestine,25,"Salt; sulphur; earths, stone; plastering materials, lime and cement",222421239.95
2020,PSE,State of Palestine,25,"Salt; sulphur; earths, stone; plastering materials, lime and cement",222155322.32
2021,PSE,State of Palestine,25,"Salt; sulphur; earths, stone; plastering materials, lime and cement",238026504.39
2022,PSE,State of Palestine,25,"Salt; sulphur; earths, stone; plastering materials, lime and cement",256681090.194
2023,PSE,State of Palestine,25,"Salt; sulphur; earths, stone; plastering materials, lime and cement",274467813.52
2019,PYF,French Polynesia,25,"Salt; sulphur; earths, stone; plastering materials, lime and cement",12041692.147
2020,PYF,French Polynesia,25,"Salt; sulphur; earths, stone; plastering materials, lime and cement",12836213.126
2021,PYF,French Polynesia,25,"Salt; sulphur; earths, stone; plastering materials, lime and cement",16150857.883
2022,PYF,French Polynesia,25,"Salt; sulphur; earths, stone; plastering materials, lime and cement",16286855.196
2023,PYF,French Polynesia,25,"Salt; sulphur; earths, stone; plastering materials, lime and cement",7587589.447
2019,QAT,Qatar,25,"Salt; sulphur; earths, stone; plastering materials, lime and cement",311996620.753
2020,QAT,Qatar,25,"Salt; sulphur; earths, stone; plastering materials, lime and cement",253595561.281
2021,QAT,Qatar,25,"Salt; sulphur; earths, stone; plastering materials, lime and cement",276911209.171
2022,QAT,Qatar,25,"Salt; sulphur; earths, stone; plastering materials, lime and cement",323282357.555
2023,QAT,Qatar,25,"Salt; sulphur; earths, stone; plastering materials, lime and cement",303367994.954
2019,ROU,Romania,25,"Salt; sulphur; earths, stone; plastering materials, lime and cement",174628204.75
2020,ROU,Romania,25,"Salt; sulphur; earths, stone; plastering materials, lime and cement",198555693.47
2021,ROU,Romania,25,"Salt; sulphur; earths, stone; plastering materials, lime and cement",233276146.83
2022,ROU,Romania,25,"Salt; sulphur; earths, stone; plastering materials, lime and cement",240315915.46
2023,ROU,Romania,25,"Salt; sulphur; earths, stone; plastering materials, lime and cement",245156484.13
2019,RUS,Russian Federation,25,"Salt; sulphur; earths, stone; plastering materials, lime and cement",738281888.56
2020,RUS,Russian Federation,25,"Salt; sulphur; earths, stone; plastering materials, lime and cement",638590297.704
2021,RUS,Russian Federation,25,"Salt; sulphur; earths, stone; plastering materials, lime and cement",754276806.85
2019,RWA,Rwanda,25,"Salt; sulphur; earths, stone; plastering materials, lime and cement",71772563.88
2020,RWA,Rwanda,25,"Salt; sulphur; earths, stone; plastering materials, lime and cement",95269375.21
2021,RWA,Rwanda,25,"Salt; sulphur; earths, stone; plastering materials, lime and cement",71844862.43
2022,RWA,Rwanda,25,"Salt; sulphur; earths, stone; plastering materials, lime and cement",73502341.68
2019,S19,"Other Asia, nes",25,"Salt; sulphur; earths, stone; plastering materials, lime and cement",903232095.17
2020,S19,"Other Asia, nes",25,"Salt; sulphur; earths, stone; plastering materials, lime and cement",857354802.678
2021,S19,"Other Asia, nes",25,"Salt; sulphur; earths, stone; plastering materials, lime and cement",1053806204.418
2022,S19,"Other Asia, nes",25,"Salt; sulphur; earths, stone; plastering materials, lime and cement",1138133977.03
2023,S19,"Other Asia, nes",25,"Salt; sulphur; earths, stone; plastering materials, lime and cement",1067129646.065
2019,SAU,Saudi Arabia,25,"Salt; sulphur; earths, stone; plastering materials, lime and cement",278900983.427
2020,SAU,Saudi Arabia,25,"Salt; sulphur; earths, stone; plastering materials, lime and cement",247942077.801
2021,SAU,Saudi Arabia,25,"Salt; sulphur; earths, stone; plastering materials, lime and cement",228758693.214
2022,SAU,Saudi Arabia,25,"Salt; sulphur; earths, stone; plastering materials, lime and cement",394116411.214
2023,SAU,Saudi Arabia,25,"Salt; sulphur; earths, stone; plastering materials, lime and cement",456901881.377
2019,SEN,Senegal,25,"Salt; sulphur; earths, stone; plastering materials, lime and cement",93702453.589
2020,SEN,Senegal,25,"Salt; sulphur; earths, stone; plastering materials, lime and cement",93311446.035
2021,SEN,Senegal,25,"Salt; sulphur; earths, stone; plastering materials, lime and cement",226848488.029
2022,SEN,Senegal,25,"Salt; sulphur; earths, stone; plastering materials, lime and cement",308057763.678
2023,SEN,Senegal,25,"Salt; sulphur; earths, stone; plastering materials, lime and cement",128259706.852
2019,SGP,Singapore,25,"Salt; sulphur; earths, stone; plastering materials, lime and cement",597119598.963
2020,SGP,Singapore,25,"Salt; sulphur; earths, stone; plastering materials, lime and cement",477303131.337
2021,SGP,Singapore,25,"Salt; sulphur; earths, stone; plastering materials, lime and cement",925997344.858
2022,SGP,Singapore,25,"Salt; sulphur; earths, stone; plastering materials, lime and cement",971344407.597
2023,SGP,Singapore,25,"Salt; sulphur; earths, stone; plastering materials, lime and cement",870639573.757
2019,SLV,El Salvador,25,"Salt; sulphur; earths, stone; plastering materials, lime and cement",51783274.66
2020,SLV,El Salvador,25,"Salt; sulphur; earths, stone; plastering materials, lime and cement",48141459.06
2021,SLV,El Salvador,25,"Salt; sulphur; earths, stone; plastering materials, lime and cement",67650210.43
2022,SLV,El Salvador,25,"Salt; sulphur; earths, stone; plastering materials, lime and cement",79234424.97
2023,SLV,El Salvador,25,"Salt; sulphur; earths, stone; plastering materials, lime and cement",85451573.46
2019,SRB,Serbia,25,"Salt; sulphur; earths, stone; plastering materials, lime and cement",161018893.0
2020,SRB,Serbia,25,"Salt; sulphur; earths, stone; plastering materials, lime and cement",165663076.0
2021,SRB,Serbia,25,"Salt; sulphur; earths, stone; plastering materials, lime and cement",147297006.0
2022,SRB,Serbia,25,"Salt; sulphur; earths, stone; plastering materials, lime and cement",161808647.0
2023,SRB,Serbia,25,"Salt; sulphur; earths, stone; plastering materials, lime and cement",190956748.0
2019,STP,Sao Tome and Principe,25,"Salt; sulphur; earths, stone; plastering materials, lime and cement",3691706.151
2020,STP,Sao Tome and Principe,25,"Salt; sulphur; earths, stone; plastering materials, lime and cement",5329100.607
2021,STP,Sao Tome and Principe,25,"Salt; sulphur; earths, stone; plastering materials, lime and cement",5449316.951
2022,STP,Sao Tome and Principe,25,"Salt; sulphur; earths, stone; plastering materials, lime and cement",5197980.549
2023,STP,Sao Tome and Principe,25,"Salt; sulphur; earths, stone; plastering materials, lime and cement",4329405.52
2019,SUR,Suriname,25,"Salt; sulphur; earths, stone; plastering materials, lime and cement",24709233.003
2020,SUR,Suriname,25,"Salt; sulphur; earths, stone; plastering materials, lime and cement",28754205.325
2021,SUR,Suriname,25,"Salt; sulphur; earths, stone; plastering materials, lime and cement",30010381.34
2022,SUR,Suriname,25,"Salt; sulphur; earths, stone; plastering materials, lime and cement",34910416.66
2023,SUR,Suriname,25,"Salt; sulphur; earths, stone; plastering materials, lime and cement",29299335.316
2019,SVK,Slovakia,25,"Salt; sulphur; earths, stone; plastering materials, lime and cement",181374406.476
2020,SVK,Slovakia,25,"Salt; sulphur; earths, stone; plastering materials, lime and cement",166676380.659
2021,SVK,Slovakia,25,"Salt; sulphur; earths, stone; plastering materials, lime and cement",209739216.195
2022,SVK,Slovakia,25,"Salt; sulphur; earths, stone; plastering materials, lime and cement",206414754.09
2023,SVK,Slovakia,25,"Salt; sulphur; earths, stone; plastering materials, lime and cement",176190167.673
2019,SVN,Slovenia,25,"Salt; sulphur; earths, stone; plastering materials, lime and cement",125717887.46
2020,SVN,Slovenia,25,"Salt; sulphur; earths, stone; plastering materials, lime and cement",125712953.71
2021,SVN,Slovenia,25,"Salt; sulphur; earths, stone; plastering materials, lime and cement",161905634.975
2022,SVN,Slovenia,25,"Salt; sulphur; earths, stone; plastering materials, lime and cement",190531067.783
2023,SVN,Slovenia,25,"Salt; sulphur; earths, stone; plastering materials, lime and cement",196270667.442
2019,SWE,Sweden,25,"Salt; sulphur; earths, stone; plastering materials, lime and cement",442917692.509
2020,SWE,Sweden,25,"Salt; sulphur; earths, stone; plastering materials, lime and cement",413831429.61
2021,SWE,Sweden,25,"Salt; sulphur; earths, stone; plastering materials, lime and cement",479954046.964
2022,SWE,Sweden,25,"Salt; sulphur; earths, stone; plastering materials, lime and cement",542735460.662
2023,SWE,Sweden,25,"Salt; sulphur; earths, stone; plastering materials, lime and cement",510315876.89
2019,SWZ,Eswatini,25,"Salt; sulphur; earths, stone; plastering materials, lime and cement",31712005.88
2020,SWZ,Eswatini,25,"Salt; sulphur; earths, stone; plastering materials, lime and cement",31852675.1
2021,SWZ,Eswatini,25,"Salt; sulphur; earths, stone; plastering materials, lime and cement",34853702.44
2022,SWZ,Eswatini,25,"Salt; sulphur; earths, stone; plastering materials, lime and cement",31116342.33
2023,SWZ,Eswatini,25,"Salt; sulphur; earths, stone; plastering materials, lime and cement",32992486.11
2019,SYC,Seychelles,25,"Salt; sulphur; earths, stone; plastering materials, lime and cement",12615716.292
2020,SYC,Seychelles,25,"Salt; sulphur; earths, stone; plastering materials, lime and cement",7478214.797
2021,SYC,Seychelles,25,"Salt; sulphur; earths, stone; plastering materials, lime and cement",6262471.911
2022,SYC,Seychelles,25,"Salt; sulphur; earths, stone; plastering materials, lime and cement",11825023.353
2023,SYC,Seychelles,25,"Salt; sulphur; earths, stone; plastering materials, lime and cement",10856427.925
2019,TGO,Togo,25,"Salt; sulphur; earths, stone; plastering materials, lime and cement",30548957.713
2020,TGO,Togo,25,"Salt; sulphur; earths, stone; plastering materials, lime and cement",42544069.471
2021,TGO,Togo,25,"Salt; sulphur; earths, stone; plastering materials, lime and cement",78776880.973
2022,TGO,Togo,25,"Salt; sulphur; earths, stone; plastering materials, lime and cement",54214623.806
2023,TGO,Togo,25,"Salt; sulphur; earths, stone; plastering materials, lime and cement",49382972.056
2019,THA,Thailand,25,"Salt; sulphur; earths, stone; plastering materials, lime and cement",370304500.375
2020,THA,Thailand,25,"Salt; sulphur; earths, stone; plastering materials, lime and cement",305482472.545
2021,THA,Thailand,25,"Salt; sulphur; earths, stone; plastering materials, lime and cement",406530489.677
2022,THA,Thailand,25,"Salt; sulphur; earths, stone; plastering materials, lime and cement",451596695.803
2023,THA,Thailand,25,"Salt; sulphur; earths, stone; plastering materials, lime and cement",429888267.177
2019,TJK,Tajikistan,25,"Salt; sulphur; earths, stone; plastering materials, lime and cement",11800579.0
2020,TJK,Tajikistan,25,"Salt; sulphur; earths, stone; plastering materials, lime and cement",10800479.0
2021,TJK,Tajikistan,25,"Salt; sulphur; earths, stone; plastering materials, lime and cement",18000041.0
2022,TJK,Tajikistan,25,"Salt; sulphur; earths, stone; plastering materials, lime and cement",22917921.0
2023,TJK,Tajikistan,25,"Salt; sulphur; earths, stone; plastering materials, lime and cement",21055946.0
2019,TLS,Timor-Leste,25,"Salt; sulphur; earths, stone; plastering materials, lime and cement",19416066.29
2020,TLS,Timor-Leste,25,"Salt; sulphur; earths, stone; plastering materials, lime and cement",18246437.54
2021,TLS,Timor-Leste,25,"Salt; sulphur; earths, stone; plastering materials, lime and cement",17894347.98
2022,TLS,Timor-Leste,25,"Salt; sulphur; earths, stone; plastering materials, lime and cement",22295239.13
2023,TLS,Timor-Leste,25,"Salt; sulphur; earths, stone; plastering materials, lime and cement",26454594.01
2019,TON,Tonga,25,"Salt; sulphur; earths, stone; plastering materials, lime and cement",3140942.084
2020,TON,Tonga,25,"Salt; sulphur; earths, stone; plastering materials, lime and cement",3377866.681
2021,TON,Tonga,25,"Salt; sulphur; earths, stone; plastering materials, lime and cement",2938624.678
2022,TON,Tonga,25,"Salt; sulphur; earths, stone; plastering materials, lime and cement",3718141.192
2023,TON,Tonga,25,"Salt; sulphur; earths, stone; plastering materials, lime and cement",4458748.526
2019,TTO,Trinidad and Tobago,25,"Salt; sulphur; earths, stone; plastering materials, lime and cement",31004090.127
2020,TTO,Trinidad and Tobago,25,"Salt; sulphur; earths, stone; plastering materials, lime and cement",30609100.211
2021,TTO,Trinidad and Tobago,25,"Salt; sulphur; earths, stone; plastering materials, lime and cement",25402231.177
2022,TTO,Trinidad and Tobago,25,"Salt; sulphur; earths, stone; plastering materials, lime and cement",25710263.978
2023,TTO,Trinidad and Tobago,25,"Salt; sulphur; earths, stone; plastering materials, lime and cement",13359000.453
2019,TUN,Tunisia,25,"Salt; sulphur; earths, stone; plastering materials, lime and cement",164071765.951
2020,TUN,Tunisia,25,"Salt; sulphur; earths, stone; plastering materials, lime and cement",118925937.26
2021,TUN,Tunisia,25,"Salt; sulphur; earths, stone; plastering materials, lime and cement",258815675.908
2022,TUN,Tunisia,25,"Salt; sulphur; earths, stone; plastering materials, lime and cement",373029986.102
2023,TUN,Tunisia,25,"Salt; sulphur; earths, stone; plastering materials, lime and cement",208637608.702
2019,TUR,Türkiye,25,"Salt; sulphur; earths, stone; plastering materials, lime and cement",407195187.0
2020,TUR,Türkiye,25,"Salt; sulphur; earths, stone; plastering materials, lime and cement",390004209.0
2021,TUR,Türkiye,25,"Salt; sulphur; earths, stone; plastering materials, lime and cement",540075988.0
2022,TUR,Türkiye,25,"Salt; sulphur; earths, stone; plastering materials, lime and cement",744019476.0
2023,TUR,Türkiye,25,"Salt; sulphur; earths, stone; plastering materials, lime and cement",561495514.0
2019,TZA,United Rep. of Tanzania,25,"Salt; sulphur; earths, stone; plastering materials, lime and cement",46730930.68
2020,TZA,United Rep. of Tanzania,25,"Salt; sulphur; earths, stone; plastering materials, lime and cement",60040207.85
2021,TZA,United Rep. of Tanzania,25,"Salt; sulphur; earths, stone; plastering materials, lime and cement",69125223.29
2022,TZA,United Rep. of Tanzania,25,"Salt; sulphur; earths, stone; plastering materials, lime and cement",79420843.7
2023,TZA,United Rep. of Tanzania,25,"Salt; sulphur; earths, stone; plastering materials, lime and cement",71470027.02
2019,UGA,Uganda,25,"Salt; sulphur; earths, stone; plastering materials, lime and cement",126644309.1
2020,UGA,Uganda,25,"Salt; sulphur; earths, stone; plastering materials, lime and cement",128039561.0
2021,UGA,Uganda,25,"Salt; sulphur; earths, stone; plastering materials, lime and cement",209684885.5
2022,UGA,Uganda,25,"Salt; sulphur; earths, stone; plastering materials, lime and cement",214518669.39
2023,UGA,Uganda,25,"Salt; sulphur; earths, stone; plastering materials, lime and cement",186230604.33
2019,UKR,Ukraine,25,"Salt; sulphur; earths, stone; plastering materials, lime and cement",284294444.24
2020,UKR,Ukraine,25,"Salt; sulphur; earths, stone; plastering materials, lime and cement",251973963.61
2021,UKR,Ukraine,25,"Salt; sulphur; earths, stone; plastering materials, lime and cement",264176707.57
2022,UKR,Ukraine,25,"Salt; sulphur; earths, stone; plastering materials, lime and cement",223830019.49
2023,UKR,Ukraine,25,"Salt; sulphur; earths, stone; plastering materials, lime and cement",254709611.0
2019,URY,Uruguay,25,"Salt; sulphur; earths, stone; plastering materials, lime and cement",35180226.27
2020,URY,Uruguay,25,"Salt; sulphur; earths, stone; plastering materials, lime and cement",30882452.84
2021,URY,Uruguay,25,"Salt; sulphur; earths, stone; plastering materials, lime and cement",46974394.11
2022,URY,Uruguay,25,"Salt; sulphur; earths, stone; plastering materials, lime and cement",63571836.58
2023,URY,Uruguay,25,"Salt; sulphur; earths, stone; plastering materials, lime and cement",45019199.92
2019,USA,USA,25,"Salt; sulphur; earths, stone; plastering materials, lime and cement",4477918930.0
2020,USA,USA,25,"Salt; sulphur; earths, stone; plastering materials, lime and cement",4049505627.0
2021,USA,USA,25,"Salt; sulphur; earths, stone; plastering materials, lime and cement",5190270952.0
2022,USA,USA,25,"Salt; sulphur; earths, stone; plastering materials, lime and cement",6644946070.0
2023,USA,USA,25,"Salt; sulphur; earths, stone; plastering materials, lime and cement",6187971946.0
2019,UZB,Uzbekistan,25,"Salt; sulphur; earths, stone; plastering materials, lime and cement",215624773.44
2020,UZB,Uzbekistan,25,"Salt; sulphur; earths, stone; plastering materials, lime and cement",187188592.76
2021,UZB,Uzbekistan,25,"Salt; sulphur; earths, stone; plastering materials, lime and cement",198672874.89
2022,UZB,Uzbekistan,25,"Salt; sulphur; earths, stone; plastering materials, lime and cement",165555211.85
2023,UZB,Uzbekistan,25,"Salt; sulphur; earths, stone; plastering materials, lime and cement",150664023.22
2019,VCT,Saint Vincent and the Grenadines,25,"Salt; sulphur; earths, stone; plastering materials, lime and cement",6209492.18
2020,VCT,Saint Vincent and the Grenadines,25,"Salt; sulphur; earths, stone; plastering materials, lime and cement",7739512.82
2021,VCT,Saint Vincent and the Grenadines,25,"Salt; sulphur; earths, stone; plastering materials, lime and cement",6937638.838
2022,VCT,Saint Vincent and the Grenadines,25,"Salt; sulphur; earths, stone; plastering materials, lime and cement",8715160.311
2023,VCT,Saint Vincent and the Grenadines,25,"Salt; sulphur; earths, stone; plastering materials, lime and cement",9190225.421
2019,VNM,Viet Nam,25,"Salt; sulphur; earths, stone; plastering materials, lime and cement",333262121.99
2020,VNM,Viet Nam,25,"Salt; sulphur; earths, stone; plastering materials, lime and cement",306496352.004
2021,VNM,Viet Nam,25,"Salt; sulphur; earths, stone; plastering materials, lime and cement",385829703.091
2022,VNM,Viet Nam,25,"Salt; sulphur; earths, stone; plastering materials, lime and cement",492145596.172
2023,VNM,Viet Nam,25,"Salt; sulphur; earths, stone; plastering materials, lime and cement",404848284.281
2019,WSM,Samoa,25,"Salt; sulphur; earths, stone; plastering materials, lime and cement",7180984.46
2021,WSM,Samoa,25,"Salt; sulphur; earths, stone; plastering materials, lime and cement",7314313.164
2022,WSM,Samoa,25,"Salt; sulphur; earths, stone; plastering materials, lime and cement",9671467.922
2023,WSM,Samoa,25,"Salt; sulphur; earths, stone; plastering materials, lime and cement",9570331.385
2019,YEM,Yemen,25,"Salt; sulphur; earths, stone; plastering materials, lime and cement",5294194.142
2023,YEM,Yemen,25,"Salt; sulphur; earths, stone; plastering materials, lime and cement",13330587.401
2019,ZAF,South Africa,25,"Salt; sulphur; earths, stone; plastering materials, lime and cement",240067035.45
2020,ZAF,South Africa,25,"Salt; sulphur; earths, stone; plastering materials, lime and cement",175687781.713
2021,ZAF,South Africa,25,"Salt; sulphur; earths, stone; plastering materials, lime and cement",289904684.112
2022,ZAF,South Africa,25,"Salt; sulphur; earths, stone; plastering materials, lime and cement",360973927.317
2023,ZAF,South Africa,25,"Salt; sulphur; earths, stone; plastering materials, lime and cement",236110872.761
2019,ZMB,Zambia,25,"Salt; sulphur; earths, stone; plastering materials, lime and cement",180302932.14
2020,ZMB,Zambia,25,"Salt; sulphur; earths, stone; plastering materials, lime and cement",108929555.301
2021,ZMB,Zambia,25,"Salt; sulphur; earths, stone; plastering materials, lime and cement",145113071.935
2022,ZMB,Zambia,25,"Salt; sulphur; earths, stone; plastering materials, lime and cement",423552617.933
2023,ZMB,Zambia,25,"Salt; sulphur; earths, stone; plastering materials, lime and cement",397189514.011
2019,ZWE,Zimbabwe,25,"Salt; sulphur; earths, stone; plastering materials, lime and cement",36979787.46
2020,ZWE,Zimbabwe,25,"Salt; sulphur; earths, stone; plastering materials, lime and cement",40893368.42
2021,ZWE,Zimbabwe,25,"Salt; sulphur; earths, stone; plastering materials, lime and cement",78590286.97
2022,ZWE,Zimbabwe,25,"Salt; sulphur; earths, stone; plastering materials, lime and cement",90929292.47
2023,ZWE,Zimbabwe,25,"Salt; sulphur; earths, stone; plastering materials, lime and cement",110117391.23
