reporterISO,period,cmdCode,primaryValue,reporterDesc,cmdDesc
AGO,2013,2709,65464178236.0,Angola,Petroleum oils and oils obtained from bituminous minerals; crude
AGO,2014,2709,56439535479.0,Angola,Petroleum oils and oils obtained from bituminous minerals; crude
AGO,2015,2709,31393669832.41,Angola,Petroleum oils and oils obtained from bituminous minerals; crude
AGO,2016,2709,25577532560.88,Angola,Petroleum oils and oils obtained from bituminous minerals; crude
AGO,2017,2709,31057113479.83,Angola,Petroleum oils and oils obtained from bituminous minerals; crude
AGO,2018,2709,36580105348.991,Angola,Petroleum oils and oils obtained from bituminous minerals; crude
ALB,2013,2709,658043194.0,Albania,Petroleum oils and oils obtained from bituminous minerals; crude
ALB,2015,2709,91792249.0,Albania,Petroleum oils and oils obtained from bituminous minerals; crude
ALB,2016,2709,155827294.0,Albania,Petroleum oils and oils obtained from bituminous minerals; crude
AND,2016,2709,779.23,Andorra,Petroleum oils and oils obtained from bituminous minerals; crude
ARE,2013,2709,106910826083.204,United Arab Emirates,Petroleum oils and oils obtained from bituminous minerals; crude
ARE,2014,2709,71930898754.381,United Arab Emirates,Petroleum oils and oils obtained from bituminous minerals; crude
ARE,2015,2709,31559126795.68,United Arab Emirates,Petroleum oils and oils obtained from bituminous minerals; crude
ARE,2016,2709,25160688952.513,United Arab Emirates,Petroleum oils and oils obtained from bituminous minerals; crude
ARE,2017,2709,31346144521.214,United Arab Emirates,Petroleum oils and oils obtained from bituminous minerals; crude
ARE,2018,2709,73289908401.987,United Arab Emirates,Petroleum oils and oils obtained from bituminous minerals; crude
ARG,2013,2709,1736775154.0,Argentina,Petroleum oils and oils obtained from bituminous minerals; crude
ARG,2014,2709,1619632669.31,Argentina,Petroleum oils and oils obtained from bituminous minerals; crude
ARG,2015,2709,670929750.82,Argentina,Petroleum oils and oils obtained from bituminous minerals; crude
ARG,2016,2709,748543642.78,Argentina,Petroleum oils and oils obtained from bituminous minerals; crude
ARG,2017,2709,575226736.36,Argentina,Petroleum oils and oils obtained from bituminous minerals; crude
ARG,2018,2709,1474856038.88,Argentina,Petroleum oils and oils obtained from bituminous minerals; crude
ARM,2015,2709,10.0,Armenia,Petroleum oils and oils obtained from bituminous minerals; crude
AUS,2013,2709,8675391474.0,Australia,Petroleum oils and oils obtained from bituminous minerals; crude
AUS,2014,2709,9633230879.0,Australia,Petroleum oils and oils obtained from bituminous minerals; crude
AUS,2015,2709,4570286861.0,Australia,Petroleum oils and oils obtained from bituminous minerals; crude
AUS,2016,2709,3527584753.0,Australia,Petroleum oils and oils obtained from bituminous minerals; crude
AUS,2017,2709,4022643030.722,Australia,Petroleum oils and oils obtained from bituminous minerals; crude
AUS,2018,2709,6053138367.212,Australia,Petroleum oils and oils obtained from bituminous minerals; crude
AUT,2015,2709,825.948,Austria,Petroleum oils and oils obtained from bituminous minerals; crude
AZE,2013,2709,20244052787.0,Azerbaijan,Petroleum oils and oils obtained from bituminous minerals; crude
AZE,2014,2709,18404936620.0,Azerbaijan,Petroleum oils and oils obtained from bituminous minerals; crude
AZE,2015,2709,8866158597.4,Azerbaijan,Petroleum oils and oils obtained from bituminous minerals; crude
AZE,2016,2709,10692835523.05,Azerbaijan,Petroleum oils and oils obtained from bituminous minerals; crude
AZE,2017,2709,12171339252.61,Azerbaijan,Petroleum oils and oils obtained from bituminous minerals; crude
AZE,2018,2709,15710529347.31,Azerbaijan,Petroleum oils and oils obtained from bituminous minerals; crude
BEL,2013,2709,120103672.729,Belgium,Petroleum oils and oils obtained from bituminous minerals; crude
BEL,2014,2709,131997811.763,Belgium,Petroleum oils and oils obtained from bituminous minerals; crude
BEL,2015,2709,68627936.713,Belgium,Petroleum oils and oils obtained from bituminous minerals; crude
BEL,2016,2709,52134320.566,Belgium,Petroleum oils and oils obtained from bituminous minerals; crude
BEL,2017,2709,56586595.532,Belgium,Petroleum oils and oils obtained from bituminous minerals; crude
BEL,2018,2709,61818049.655,Belgium,Petroleum oils and oils obtained from bituminous minerals; crude
BEN,2014,2709,11060.0,Benin,Petroleum oils and oils obtained from bituminous minerals; crude
BEN,2015,2709,294.426,Benin,Petroleum oils and oils obtained from bituminous minerals; crude
BGD,2015,2709,4730875.0,Bangladesh,Petroleum oils and oils obtained from bituminous minerals; crude
BGD,2016,2709,4538395.999,Bangladesh,Petroleum oils and oils obtained from bituminous minerals; crude
BGD,2018,2709,10188003.136,Bangladesh,Petroleum oils and oils obtained from bituminous minerals; crude
BGR,2013,2709,231612.0,Bulgaria,Petroleum oils and oils obtained from bituminous minerals; crude
BGR,2015,2709,62027.0,Bulgaria,Petroleum oils and oils obtained from bituminous minerals; crude
BGR,2016,2709,214266.531,Bulgaria,Petroleum oils and oils obtained from bituminous minerals; crude
BGR,2017,2709,560518.49,Bulgaria,Petroleum oils and oils obtained from bituminous minerals; crude
BGR,2018,2709,440421.049,Bulgaria,Petroleum oils and oils obtained from bituminous minerals; crude
BHR,2014,2709,5431103985.0,Bahrain,Petroleum oils and oils obtained from bituminous minerals; crude
BHS,2015,2709,4317.0,Bahamas,Petroleum oils and oils obtained from bituminous minerals; crude
BIH,2014,2709,7924.0,Bosnia Herzegovina,Petroleum oils and oils obtained from bituminous minerals; crude
BIH,2015,2709,25548.0,Bosnia Herzegovina,Petroleum oils and oils obtained from bituminous minerals; crude
BLR,2013,2709,1241330800.0,Belarus,Petroleum oils and oils obtained from bituminous minerals; crude
BLR,2014,2709,1124281900.0,Belarus,Petroleum oils and oils obtained from bituminous minerals; crude
BLR,2015,2709,579325600.0,Belarus,Petroleum oils and oils obtained from bituminous minerals; crude
BLR,2016,2709,471625100.0,Belarus,Petroleum oils and oils obtained from bituminous minerals; crude
BLR,2017,2709,606609600.0,Belarus,Petroleum oils and oils obtained from bituminous minerals; crude
BLR,2018,2709,809895200.0,Belarus,Petroleum oils and oils obtained from bituminous minerals; crude
BLZ,2013,2709,70096421.0,Belize,Petroleum oils and oils obtained from bituminous minerals; crude
BLZ,2014,2709,51129318.0,Belize,Petroleum oils and oils obtained from bituminous minerals; crude
BLZ,2015,2709,18190884.0,Belize,Petroleum oils and oils obtained from bituminous minerals; crude
BLZ,2016,2709,11241534.0,Belize,Petroleum oils and oils obtained from bituminous minerals; crude
BLZ,2017,2709,11373065.0,Belize,Petroleum oils and oils obtained from bituminous minerals; crude
BLZ,2018,2709,12324277.7,Belize,Petroleum oils and oils obtained from bituminous minerals; crude
BOL,2013,2709,511483568.92,Bolivia (Plurinational State of),Petroleum oils and oils obtained from bituminous minerals; crude
BOL,2014,2709,584129390.61,Bolivia (Plurinational State of),Petroleum oils and oils obtained from bituminous minerals; crude
BOL,2015,2709,200769443.85,Bolivia (Plurinational State of),Petroleum oils and oils obtained from bituminous minerals; crude
BOL,2016,2709,84600294.82,Bolivia (Plurinational State of),Petroleum oils and oils obtained from bituminous minerals; crude
BOL,2017,2709,51703700.02,Bolivia (Plurinational State of),Petroleum oils and oils obtained from bituminous minerals; crude
BOL,2018,2709,72118813.93,Bolivia (Plurinational State of),Petroleum oils and oils obtained from bituminous minerals; crude
BRA,2013,2709,12956638294.0,Brazil,Petroleum oils and oils obtained from bituminous minerals; crude
BRA,2014,2709,16356785878.0,Brazil,Petroleum oils and oils obtained from bituminous minerals; crude
BRA,2015,2709,11781324149.0,Brazil,Petroleum oils and oils obtained from bituminous minerals; crude
BRA,2016,2709,10073804866.0,Brazil,Petroleum oils and oils obtained from bituminous minerals; crude
BRA,2017,2709,16625024187.0,Brazil,Petroleum oils and oils obtained from bituminous minerals; crude
BRA,2018,2709,25251318666.0,Brazil,Petroleum oils and oils obtained from bituminous minerals; crude
BRB,2013,2709,24296356.0,Barbados,Petroleum oils and oils obtained from bituminous minerals; crude
BRB,2014,2709,26441819.0,Barbados,Petroleum oils and oils obtained from bituminous minerals; crude
BRB,2015,2709,13961043.0,Barbados,Petroleum oils and oils obtained from bituminous minerals; crude
BRB,2016,2709,8870732.0,Barbados,Petroleum oils and oils obtained from bituminous minerals; crude
BRB,2017,2709,12815228.5,Barbados,Petroleum oils and oils obtained from bituminous minerals; crude
BRB,2018,2709,11098570.0,Barbados,Petroleum oils and oils obtained from bituminous minerals; crude
BRN,2013,2709,5118007248.0,Brunei Darussalam,Petroleum oils and oils obtained from bituminous minerals; crude
BRN,2014,2709,4378647811.0,Brunei Darussalam,Petroleum oils and oils obtained from bituminous minerals; crude
BRN,2015,2709,2367657653.0,Brunei Darussalam,Petroleum oils and oils obtained from bituminous minerals; crude
BRN,2016,2709,1877346645.0,Brunei Darussalam,Petroleum oils and oils obtained from bituminous minerals; crude
BRN,2017,2709,2211910913.823,Brunei Darussalam,Petroleum oils and oils obtained from bituminous minerals; crude
BRN,2018,2709,2699771174.401,Brunei Darussalam,Petroleum oils and oils obtained from bituminous minerals; crude
BWA,2013,2709,37332.483,Botswana,Petroleum oils and oils obtained from bituminous minerals; crude
BWA,2014,2709,23218.147,Botswana,Petroleum oils and oils obtained from bituminous minerals; crude
BWA,2015,2709,86096.76,Botswana,Petroleum oils and oils obtained from bituminous minerals; crude
BWA,2016,2709,19572.0,Botswana,Petroleum oils and oils obtained from bituminous minerals; crude
BWA,2017,2709,42686.952,Botswana,Petroleum oils and oils obtained from bituminous minerals; crude
BWA,2018,2709,10451.48,Botswana,Petroleum oils and oils obtained from bituminous minerals; crude
CAN,2013,2709,79372942552.0,Canada,Petroleum oils and oils obtained from bituminous minerals; crude
CAN,2014,2709,88119818380.0,Canada,Petroleum oils and oils obtained from bituminous minerals; crude
CAN,2015,2709,50189996501.687,Canada,Petroleum oils and oils obtained from bituminous minerals; crude
CAN,2016,2709,39504022529.503,Canada,Petroleum oils and oils obtained from bituminous minerals; crude
CAN,2017,2709,54040475097.698,Canada,Petroleum oils and oils obtained from bituminous minerals; crude
CAN,2018,2709,67212542824.485,Canada,Petroleum oils and oils obtained from bituminous minerals; crude
CHE,2013,2709,15554.909,Switzerland,Petroleum oils and oils obtained from bituminous minerals; crude
CHE,2014,2709,13391.463,Switzerland,Petroleum oils and oils obtained from bituminous minerals; crude
CHE,2015,2709,8280.742,Switzerland,Petroleum oils and oils obtained from bituminous minerals; crude
CHE,2016,2709,3252008.625,Switzerland,Petroleum oils and oils obtained from bituminous minerals; crude
CHE,2017,2709,9910.668,Switzerland,Petroleum oils and oils obtained from bituminous minerals; crude
CHE,2018,2709,17600.175,Switzerland,Petroleum oils and oils obtained from bituminous minerals; crude
CHN,2013,2709,1456208511.0,China,Petroleum oils and oils obtained from bituminous minerals; crude
CHN,2014,2709,490697311.0,China,Petroleum oils and oils obtained from bituminous minerals; crude
CHN,2015,2709,1545644007.0,China,Petroleum oils and oils obtained from bituminous minerals; crude
CHN,2016,2709,943491460.0,China,Petroleum oils and oils obtained from bituminous minerals; crude
CHN,2017,2709,1822371543.0,China,Petroleum oils and oils obtained from bituminous minerals; crude
CHN,2018,2709,1270421701.0,China,Petroleum oils and oils obtained from bituminous minerals; crude
CIV,2013,2709,959548867.791,Côte d'Ivoire,Petroleum oils and oils obtained from bituminous minerals; crude
CIV,2014,2709,654156804.879,Côte d'Ivoire,Petroleum oils and oils obtained from bituminous minerals; crude
CIV,2015,2709,545064178.624,Côte d'Ivoire,Petroleum oils and oils obtained from bituminous minerals; crude
CIV,2016,2709,581429646.05,Côte d'Ivoire,Petroleum oils and oils obtained from bituminous minerals; crude
CIV,2017,2709,619037056.682,Côte d'Ivoire,Petroleum oils and oils obtained from bituminous minerals; crude
CIV,2018,2709,708380605.745,Côte d'Ivoire,Petroleum oils and oils obtained from bituminous minerals; crude
CMR,2013,2709,2203963516.0,Cameroon,Petroleum oils and oils obtained from bituminous minerals; crude
CMR,2014,2709,2469166401.0,Cameroon,Petroleum oils and oils obtained from bituminous minerals; crude
CMR,2015,2709,1624697835.0,Cameroon,Petroleum oils and oils obtained from bituminous minerals; crude
CMR,2016,2709,1014.0,Cameroon,Petroleum oils and oils obtained from bituminous minerals; crude
CMR,2017,2709,1284445177.321,Cameroon,Petroleum oils and oils obtained from bituminous minerals; crude
CMR,2018,2709,1553215333.594,Cameroon,Petroleum oils and oils obtained from bituminous minerals; crude
COD,2015,2709,30.008,Dem. Rep. of the Congo,Petroleum oils and oils obtained from bituminous minerals; crude
COD,2016,2709,51.839,Dem. Rep. of the Congo,Petroleum oils and oils obtained from bituminous minerals; crude
COD,2017,2709,17111.68,Dem. Rep. of the Congo,Petroleum oils and oils obtained from bituminous minerals; crude
COD,2018,2709,44.5,Dem. Rep. of the Congo,Petroleum oils and oils obtained from bituminous minerals; crude
COG,2013,2709,7666889629.0,Congo,Petroleum oils and oils obtained from bituminous minerals; crude
COG,2014,2709,3963801566.5,Congo,Petroleum oils and oils obtained from bituminous minerals; crude
COG,2015,2709,2672337499.545,Congo,Petroleum oils and oils obtained from bituminous minerals; crude
COG,2016,2709,1528701203.572,Congo,Petroleum oils and oils obtained from bituminous minerals; crude
COG,2017,2709,3645546061.74,Congo,Petroleum oils and oils obtained from bituminous minerals; crude
COG,2018,2709,9109675245.571,Congo,Petroleum oils and oils obtained from bituminous minerals; crude
COL,2013,2709,27644198008.0,Colombia,Petroleum oils and oils obtained from bituminous minerals; crude
COL,2014,2709,25760766275.0,Colombia,Petroleum oils and oils obtained from bituminous minerals; crude
COL,2015,2709,12834380107.0,Colombia,Petroleum oils and oils obtained from bituminous minerals; crude
COL,2016,2709,8060042084.0,Colombia,Petroleum oils and oils obtained from bituminous minerals; crude
COL,2017,2709,10951738279.92,Colombia,Petroleum oils and oils obtained from bituminous minerals; crude
COL,2018,2709,13734811111.44,Colombia,Petroleum oils and oils obtained from bituminous minerals; crude
CRI,2013,2709,4940.0,Costa Rica,Petroleum oils and oils obtained from bituminous minerals; crude
CUB,2016,2709,45096946.62,Cuba,Petroleum oils and oils obtained from bituminous minerals; crude
CUB,2017,2709,58631274.88,Cuba,Petroleum oils and oils obtained from bituminous minerals; crude
CUB,2018,2709,74441313.48,Cuba,Petroleum oils and oils obtained from bituminous minerals; crude
CYP,2013,2709,219.139,Cyprus,Petroleum oils and oils obtained from bituminous minerals; crude
CYP,2014,2709,1527.776,Cyprus,Petroleum oils and oils obtained from bituminous minerals; crude
CYP,2017,2709,5029.34,Cyprus,Petroleum oils and oils obtained from bituminous minerals; crude
CZE,2013,2709,18914289.0,Czechia,Petroleum oils and oils obtained from bituminous minerals; crude
CZE,2014,2709,18132737.0,Czechia,Petroleum oils and oils obtained from bituminous minerals; crude
CZE,2015,2709,10268154.0,Czechia,Petroleum oils and oils obtained from bituminous minerals; crude
CZE,2016,2709,8477938.0,Czechia,Petroleum oils and oils obtained from bituminous minerals; crude
CZE,2017,2709,9143123.0,Czechia,Petroleum oils and oils obtained from bituminous minerals; crude
CZE,2018,2709,10931973.0,Czechia,Petroleum oils and oils obtained from bituminous minerals; crude
DEU,2013,2709,76459565.626,Germany,Petroleum oils and oils obtained from bituminous minerals; crude
DEU,2014,2709,18078059.358,Germany,Petroleum oils and oils obtained from bituminous minerals; crude
DEU,2015,2709,15600314.081,Germany,Petroleum oils and oils obtained from bituminous minerals; crude
DEU,2016,2709,421698.96,Germany,Petroleum oils and oils obtained from bituminous minerals; crude
DEU,2017,2709,30443447.841,Germany,Petroleum oils and oils obtained from bituminous minerals; crude
DEU,2018,2709,23734573.296,Germany,Petroleum oils and oils obtained from bituminous minerals; crude
DNK,2013,2709,4915105470.0,Denmark,Petroleum oils and oils obtained from bituminous minerals; crude
DNK,2014,2709,3039662509.0,Denmark,Petroleum oils and oils obtained from bituminous minerals; crude
DNK,2015,2709,1778976823.0,Denmark,Petroleum oils and oils obtained from bituminous minerals; crude
DNK,2016,2709,1186194940.772,Denmark,Petroleum oils and oils obtained from bituminous minerals; crude
DNK,2017,2709,1345338844.13,Denmark,Petroleum oils and oils obtained from bituminous minerals; crude
DNK,2018,2709,1245813609.541,Denmark,Petroleum oils and oils obtained from bituminous minerals; crude
DOM,2014,2709,7861.243,Dominican Rep.,Petroleum oils and oils obtained from bituminous minerals; crude
DOM,2015,2709,1200.0,Dominican Rep.,Petroleum oils and oils obtained from bituminous minerals; crude
DOM,2017,2709,63.847,Dominican Rep.,Petroleum oils and oils obtained from bituminous minerals; crude
DZA,2013,2709,30380112769.0,Algeria,Petroleum oils and oils obtained from bituminous minerals; crude
DZA,2014,2709,22017520516.0,Algeria,Petroleum oils and oils obtained from bituminous minerals; crude
DZA,2015,2709,11891366368.0,Algeria,Petroleum oils and oils obtained from bituminous minerals; crude
DZA,2016,2709,11332003788.0,Algeria,Petroleum oils and oils obtained from bituminous minerals; crude
DZA,2017,2709,12718832460.21,Algeria,Petroleum oils and oils obtained from bituminous minerals; crude
ECU,2013,2709,13411758600.0,Ecuador,Petroleum oils and oils obtained from bituminous minerals; crude
ECU,2014,2709,13016019766.0,Ecuador,Petroleum oils and oils obtained from bituminous minerals; crude
ECU,2015,2709,6355235196.0,Ecuador,Petroleum oils and oils obtained from bituminous minerals; crude
ECU,2016,2709,5053937423.0,Ecuador,Petroleum oils and oils obtained from bituminous minerals; crude
ECU,2017,2709,6189823872.12,Ecuador,Petroleum oils and oils obtained from bituminous minerals; crude
ECU,2018,2709,7877586326.55,Ecuador,Petroleum oils and oils obtained from bituminous minerals; crude
EGY,2013,2709,3059529274.0,Egypt,Petroleum oils and oils obtained from bituminous minerals; crude
EGY,2014,2709,3050496068.0,Egypt,Petroleum oils and oils obtained from bituminous minerals; crude
EGY,2015,2709,1983618420.51,Egypt,Petroleum oils and oils obtained from bituminous minerals; crude
EGY,2016,2709,1808107143.787,Egypt,Petroleum oils and oils obtained from bituminous minerals; crude
EGY,2017,2709,2106108669.35,Egypt,Petroleum oils and oils obtained from bituminous minerals; crude
EGY,2018,2709,2133332526.445,Egypt,Petroleum oils and oils obtained from bituminous minerals; crude
ESP,2013,2709,51258.544,Spain,Petroleum oils and oils obtained from bituminous minerals; crude
ESP,2014,2709,1576363995.817,Spain,Petroleum oils and oils obtained from bituminous minerals; crude
ESP,2015,2709,769681032.427,Spain,Petroleum oils and oils obtained from bituminous minerals; crude
ESP,2016,2709,323474258.412,Spain,Petroleum oils and oils obtained from bituminous minerals; crude
ESP,2017,2709,674153295.029,Spain,Petroleum oils and oils obtained from bituminous minerals; crude
ESP,2018,2709,768240928.604,Spain,Petroleum oils and oils obtained from bituminous minerals; crude
EST,2013,2709,8825060.0,Estonia,Petroleum oils and oils obtained from bituminous minerals; crude
EST,2014,2709,5468540.0,Estonia,Petroleum oils and oils obtained from bituminous minerals; crude
EST,2015,2709,11221632.0,Estonia,Petroleum oils and oils obtained from bituminous minerals; crude
EST,2016,2709,3703149.925,Estonia,Petroleum oils and oils obtained from bituminous minerals; crude
EST,2017,2709,1023087.431,Estonia,Petroleum oils and oils obtained from bituminous minerals; crude
EST,2018,2709,754828.471,Estonia,Petroleum oils and oils obtained from bituminous minerals; crude
ETH,2017,2709,4924.54,Ethiopia,Petroleum oils and oils obtained from bituminous minerals; crude
FIN,2013,2709,2125.0,Finland,Petroleum oils and oils obtained from bituminous minerals; crude
FIN,2014,2709,54234.0,Finland,Petroleum oils and oils obtained from bituminous minerals; crude
FIN,2015,2709,2102.0,Finland,Petroleum oils and oils obtained from bituminous minerals; crude
FIN,2016,2709,100.0,Finland,Petroleum oils and oils obtained from bituminous minerals; crude
FIN,2017,2709,10.168,Finland,Petroleum oils and oils obtained from bituminous minerals; crude
FIN,2018,2709,27759.981,Finland,Petroleum oils and oils obtained from bituminous minerals; crude
FJI,2013,2709,21134.0,Fiji,Petroleum oils and oils obtained from bituminous minerals; crude
FJI,2014,2709,794.0,Fiji,Petroleum oils and oils obtained from bituminous minerals; crude
FJI,2015,2709,818.545,Fiji,Petroleum oils and oils obtained from bituminous minerals; crude
FJI,2016,2709,12696.971,Fiji,Petroleum oils and oils obtained from bituminous minerals; crude
FJI,2018,2709,76559.969,Fiji,Petroleum oils and oils obtained from bituminous minerals; crude
FRA,2013,2709,57478106.0,France,Petroleum oils and oils obtained from bituminous minerals; crude
FRA,2014,2709,3827954.0,France,Petroleum oils and oils obtained from bituminous minerals; crude
FRA,2015,2709,18495601.0,France,Petroleum oils and oils obtained from bituminous minerals; crude
FRA,2016,2709,1498612.0,France,Petroleum oils and oils obtained from bituminous minerals; crude
FRA,2017,2709,23348062.536,France,Petroleum oils and oils obtained from bituminous minerals; crude
FRA,2018,2709,2434537.781,France,Petroleum oils and oils obtained from bituminous minerals; crude
GAB,2013,2709,8234668177.405,Gabon,Petroleum oils and oils obtained from bituminous minerals; crude
GAB,2014,2709,7538477457.109,Gabon,Petroleum oils and oils obtained from bituminous minerals; crude
GAB,2015,2709,4248901860.347,Gabon,Petroleum oils and oils obtained from bituminous minerals; crude
GAB,2016,2709,2773729726.383,Gabon,Petroleum oils and oils obtained from bituminous minerals; crude
GAB,2017,2709,3400258140.261,Gabon,Petroleum oils and oils obtained from bituminous minerals; crude
GAB,2018,2709,4370004144.263,Gabon,Petroleum oils and oils obtained from bituminous minerals; crude
GBR,2013,2709,29793874943.0,United Kingdom,Petroleum oils and oils obtained from bituminous minerals; crude
GBR,2014,2709,28857384516.0,United Kingdom,Petroleum oils and oils obtained from bituminous minerals; crude
GBR,2015,2709,16192669157.0,United Kingdom,Petroleum oils and oils obtained from bituminous minerals; crude
GBR,2016,2709,13187270956.0,United Kingdom,Petroleum oils and oils obtained from bituminous minerals; crude
GBR,2017,2709,19138447810.58,United Kingdom,Petroleum oils and oils obtained from bituminous minerals; crude
GBR,2018,2709,27633053283.822,United Kingdom,Petroleum oils and oils obtained from bituminous minerals; crude
GEO,2013,2709,40713599.0,Georgia,Petroleum oils and oils obtained from bituminous minerals; crude
GEO,2014,2709,36178480.76,Georgia,Petroleum oils and oils obtained from bituminous minerals; crude
GEO,2015,2709,84679685.76,Georgia,Petroleum oils and oils obtained from bituminous minerals; crude
GEO,2016,2709,31640965.22,Georgia,Petroleum oils and oils obtained from bituminous minerals; crude
GEO,2017,2709,37188212.27,Georgia,Petroleum oils and oils obtained from bituminous minerals; crude
GEO,2018,2709,3363343.25,Georgia,Petroleum oils and oils obtained from bituminous minerals; crude
GHA,2013,2709,3015354824.0,Ghana,Petroleum oils and oils obtained from bituminous minerals; crude
GHA,2014,2709,4396990776.05,Ghana,Petroleum oils and oils obtained from bituminous minerals; crude
GHA,2015,2709,2620521236.078,Ghana,Petroleum oils and oils obtained from bituminous minerals; crude
GHA,2016,2709,1079145466.0,Ghana,Petroleum oils and oils obtained from bituminous minerals; crude
GHA,2017,2709,3619656141.349,Ghana,Petroleum oils and oils obtained from bituminous minerals; crude
GHA,2018,2709,5194951914.414,Ghana,Petroleum oils and oils obtained from bituminous minerals; crude
GMB,2016,2709,300004.651,Gambia,Petroleum oils and oils obtained from bituminous minerals; crude
GMB,2017,2709,176.827,Gambia,Petroleum oils and oils obtained from bituminous minerals; crude
GRC,2013,2709,176267001.0,Greece,Petroleum oils and oils obtained from bituminous minerals; crude
GRC,2014,2709,40069120.0,Greece,Petroleum oils and oils obtained from bituminous minerals; crude
GRC,2015,2709,25303890.0,Greece,Petroleum oils and oils obtained from bituminous minerals; crude
GRC,2016,2709,39103449.0,Greece,Petroleum oils and oils obtained from bituminous minerals; crude
GRC,2017,2709,57037226.445,Greece,Petroleum oils and oils obtained from bituminous minerals; crude
GRC,2018,2709,61227625.674,Greece,Petroleum oils and oils obtained from bituminous minerals; crude
GRL,2014,2709,1.66,Greenland,Petroleum oils and oils obtained from bituminous minerals; crude
GRL,2015,2709,65.88,Greenland,Petroleum oils and oils obtained from bituminous minerals; crude
GTM,2013,2709,277350720.0,Guatemala,Petroleum oils and oils obtained from bituminous minerals; crude
GTM,2014,2709,276974498.0,Guatemala,Petroleum oils and oils obtained from bituminous minerals; crude
GTM,2015,2709,126899592.0,Guatemala,Petroleum oils and oils obtained from bituminous minerals; crude
GTM,2016,2709,84493241.0,Guatemala,Petroleum oils and oils obtained from bituminous minerals; crude
GTM,2017,2709,118283513.0,Guatemala,Petroleum oils and oils obtained from bituminous minerals; crude
GTM,2018,2709,125151641.0,Guatemala,Petroleum oils and oils obtained from bituminous minerals; crude
HRV,2013,2709,97.0,Croatia,Petroleum oils and oils obtained from bituminous minerals; crude
HRV,2014,2709,42.0,Croatia,Petroleum oils and oils obtained from bituminous minerals; crude
HRV,2016,2709,27.0,Croatia,Petroleum oils and oils obtained from bituminous minerals; crude
HRV,2017,2709,67049.0,Croatia,Petroleum oils and oils obtained from bituminous minerals; crude
HRV,2018,2709,27051.0,Croatia,Petroleum oils and oils obtained from bituminous minerals; crude
HUN,2013,2709,50871809.0,Hungary,Petroleum oils and oils obtained from bituminous minerals; crude
HUN,2014,2709,10853406.0,Hungary,Petroleum oils and oils obtained from bituminous minerals; crude
HUN,2015,2709,30167960.0,Hungary,Petroleum oils and oils obtained from bituminous minerals; crude
HUN,2016,2709,34828376.0,Hungary,Petroleum oils and oils obtained from bituminous minerals; crude
HUN,2017,2709,30274909.0,Hungary,Petroleum oils and oils obtained from bituminous minerals; crude
HUN,2018,2709,101061805.0,Hungary,Petroleum oils and oils obtained from bituminous minerals; crude
IDN,2013,2709,10204709564.0,Indonesia,Petroleum oils and oils obtained from bituminous minerals; crude
IDN,2014,2709,9271213972.0,Indonesia,Petroleum oils and oils obtained from bituminous minerals; crude
IDN,2015,2709,6479431669.0,Indonesia,Petroleum oils and oils obtained from bituminous minerals; crude
IDN,2016,2709,5196717181.0,Indonesia,Petroleum oils and oils obtained from bituminous minerals; crude
IDN,2017,2709,5354864569.93,Indonesia,Petroleum oils and oils obtained from bituminous minerals; crude
IDN,2018,2709,5120474237.8,Indonesia,Petroleum oils and oils obtained from bituminous minerals; crude
IND,2013,2709,13776.0,India,Petroleum oils and oils obtained from bituminous minerals; crude
IND,2014,2709,561674.0,India,Petroleum oils and oils obtained from bituminous minerals; crude
IND,2018,2709,175.991,India,Petroleum oils and oils obtained from bituminous minerals; crude
IRL,2014,2709,1498.549,Ireland,Petroleum oils and oils obtained from bituminous minerals; crude
IRL,2015,2709,4204908.924,Ireland,Petroleum oils and oils obtained from bituminous minerals; crude
IRL,2016,2709,21094.25,Ireland,Petroleum oils and oils obtained from bituminous minerals; crude
IRL,2017,2709,104982449.403,Ireland,Petroleum oils and oils obtained from bituminous minerals; crude
IRL,2018,2709,1845.831,Ireland,Petroleum oils and oils obtained from bituminous minerals; crude
IRN,2013,2709,46904434244.5,Iran,Petroleum oils and oils obtained from bituminous minerals; crude
IRN,2014,2709,38938376817.6,Iran,Petroleum oils and oils obtained from bituminous minerals; crude
IRN,2015,2709,19257358400.0,Iran,Petroleum oils and oils obtained from bituminous minerals; crude
IRN,2016,2709,35074460641.38,Iran,Petroleum oils and oils obtained from bituminous minerals; crude
IRN,2017,2709,48310933326.0,Iran,Petroleum oils and oils obtained from bituminous minerals; crude
IRN,2018,2709,50823248889.0,Iran,Petroleum oils and oils obtained from bituminous minerals; crude
IRQ,2013,2709,89214500000.0,Iraq,Petroleum oils and oils obtained from bituminous minerals; crude
IRQ,2014,2709,84129800000.0,Iraq,Petroleum oils and oils obtained from bituminous minerals; crude
IRQ,2015,2709,49058200000.0,Iraq,Petroleum oils and oils obtained from bituminous minerals; crude
IRQ,2016,2709,43622900000.0,Iraq,Petroleum oils and oils obtained from bituminous minerals; crude
ISR,2013,2709,4180000.0,Israel,Petroleum oils and oils obtained from bituminous minerals; crude
ISR,2014,2709,6487000.0,Israel,Petroleum oils and oils obtained from bituminous minerals; crude
ISR,2015,2709,4500000.0,Israel,Petroleum oils and oils obtained from bituminous minerals; crude
ISR,2016,2709,2391000.0,Israel,Petroleum oils and oils obtained from bituminous minerals; crude
ISR,2017,2709,2337000.0,Israel,Petroleum oils and oils obtained from bituminous minerals; crude
ISR,2018,2709,1945000.0,Israel,Petroleum oils and oils obtained from bituminous minerals; crude
ITA,2013,2709,453909882.0,Italy,Petroleum oils and oils obtained from bituminous minerals; crude
ITA,2014,2709,382435128.0,Italy,Petroleum oils and oils obtained from bituminous minerals; crude
ITA,2015,2709,309078345.539,Italy,Petroleum oils and oils obtained from bituminous minerals; crude
ITA,2016,2709,227963677.69,Italy,Petroleum oils and oils obtained from bituminous minerals; crude
ITA,2017,2709,364296068.667,Italy,Petroleum oils and oils obtained from bituminous minerals; crude
ITA,2018,2709,325200381.191,Italy,Petroleum oils and oils obtained from bituminous minerals; crude
JAM,2017,2709,400.77,Jamaica,Petroleum oils and oils obtained from bituminous minerals; crude
JAM,2018,2709,1134.45,Jamaica,Petroleum oils and oils obtained from bituminous minerals; crude
JOR,2013,2709,21552.0,Jordan,Petroleum oils and oils obtained from bituminous minerals; crude
JOR,2016,2709,101121.0,Jordan,Petroleum oils and oils obtained from bituminous minerals; crude
JOR,2017,2709,152045.102,Jordan,Petroleum oils and oils obtained from bituminous minerals; crude
JPN,2014,2709,29117122.0,Japan,Petroleum oils and oils obtained from bituminous minerals; crude
JPN,2015,2709,1942.0,Japan,Petroleum oils and oils obtained from bituminous minerals; crude
JPN,2017,2709,6063565.035,Japan,Petroleum oils and oils obtained from bituminous minerals; crude
KAZ,2013,2709,57249535115.0,Kazakhstan,Petroleum oils and oils obtained from bituminous minerals; crude
KAZ,2014,2709,53626939227.0,Kazakhstan,Petroleum oils and oils obtained from bituminous minerals; crude
KAZ,2015,2709,26773012920.0,Kazakhstan,Petroleum oils and oils obtained from bituminous minerals; crude
KAZ,2016,2709,19378014069.0,Kazakhstan,Petroleum oils and oils obtained from bituminous minerals; crude
KAZ,2017,2709,26584238979.4,Kazakhstan,Petroleum oils and oils obtained from bituminous minerals; crude
KAZ,2018,2709,37802957342.34,Kazakhstan,Petroleum oils and oils obtained from bituminous minerals; crude
KEN,2013,2709,11438.0,Kenya,Petroleum oils and oils obtained from bituminous minerals; crude
KEN,2015,2709,56074.86,Kenya,Petroleum oils and oils obtained from bituminous minerals; crude
KEN,2016,2709,42279.43,Kenya,Petroleum oils and oils obtained from bituminous minerals; crude
KEN,2017,2709,411195.678,Kenya,Petroleum oils and oils obtained from bituminous minerals; crude
KEN,2018,2709,7436.43,Kenya,Petroleum oils and oils obtained from bituminous minerals; crude
KGZ,2013,2709,1036455.0,Kyrgyzstan,Petroleum oils and oils obtained from bituminous minerals; crude
KGZ,2014,2709,2838159.0,Kyrgyzstan,Petroleum oils and oils obtained from bituminous minerals; crude
KGZ,2016,2709,2644462.0,Kyrgyzstan,Petroleum oils and oils obtained from bituminous minerals; crude
KGZ,2017,2709,4706166.0,Kyrgyzstan,Petroleum oils and oils obtained from bituminous minerals; crude
KGZ,2018,2709,17257779.0,Kyrgyzstan,Petroleum oils and oils obtained from bituminous minerals; crude
KOR,2013,2709,3697.0,Rep. of Korea,Petroleum oils and oils obtained from bituminous minerals; crude
KOR,2014,2709,5652.0,Rep. of Korea,Petroleum oils and oils obtained from bituminous minerals; crude
KOR,2015,2709,2004.0,Rep. of Korea,Petroleum oils and oils obtained from bituminous minerals; crude
KOR,2016,2709,861.0,Rep. of Korea,Petroleum oils and oils obtained from bituminous minerals; crude
KOR,2017,2709,5758.0,Rep. of Korea,Petroleum oils and oils obtained from bituminous minerals; crude
KOR,2018,2709,2511.0,Rep. of Korea,Petroleum oils and oils obtained from bituminous minerals; crude
KWT,2013,2709,79041032289.0,Kuwait,Petroleum oils and oils obtained from bituminous minerals; crude
KWT,2014,2709,69298183246.0,Kuwait,Petroleum oils and oils obtained from bituminous minerals; crude
KWT,2015,2709,34132498336.703,Kuwait,Petroleum oils and oils obtained from bituminous minerals; crude
KWT,2016,2709,30694076699.47,Kuwait,Petroleum oils and oils obtained from bituminous minerals; crude
KWT,2017,2709,38152286384.465,Kuwait,Petroleum oils and oils obtained from bituminous minerals; crude
KWT,2018,2709,51727068083.0,Kuwait,Petroleum oils and oils obtained from bituminous minerals; crude
LBN,2013,2709,126874.0,Lebanon,Petroleum oils and oils obtained from bituminous minerals; crude
LBN,2014,2709,203807.0,Lebanon,Petroleum oils and oils obtained from bituminous minerals; crude
LBN,2015,2709,762.198,Lebanon,Petroleum oils and oils obtained from bituminous minerals; crude
LBN,2016,2709,5000.0,Lebanon,Petroleum oils and oils obtained from bituminous minerals; crude
LBN,2017,2709,108.0,Lebanon,Petroleum oils and oils obtained from bituminous minerals; crude
LBN,2018,2709,33159.0,Lebanon,Petroleum oils and oils obtained from bituminous minerals; crude
LBY,2016,2709,15280618901.84,Libya,Petroleum oils and oils obtained from bituminous minerals; crude
LBY,2017,2709,15280618901.84,Libya,Petroleum oils and oils obtained from bituminous minerals; crude
LBY,2018,2709,25305384186.17,Libya,Petroleum oils and oils obtained from bituminous minerals; crude
LCA,2014,2709,190.0,Saint Lucia,Petroleum oils and oils obtained from bituminous minerals; crude
LCA,2015,2709,410.0,Saint Lucia,Petroleum oils and oils obtained from bituminous minerals; crude
LCA,2016,2709,124.0,Saint Lucia,Petroleum oils and oils obtained from bituminous minerals; crude
LKA,2013,2709,57.0,Sri Lanka,Petroleum oils and oils obtained from bituminous minerals; crude
LKA,2014,2709,2710.0,Sri Lanka,Petroleum oils and oils obtained from bituminous minerals; crude
LKA,2015,2709,2806.0,Sri Lanka,Petroleum oils and oils obtained from bituminous minerals; crude
LKA,2016,2709,2475.0,Sri Lanka,Petroleum oils and oils obtained from bituminous minerals; crude
LKA,2017,2709,174.966,Sri Lanka,Petroleum oils and oils obtained from bituminous minerals; crude
LSO,2013,2709,12792.678,Lesotho,Petroleum oils and oils obtained from bituminous minerals; crude
LSO,2014,2709,17948.603,Lesotho,Petroleum oils and oils obtained from bituminous minerals; crude
LSO,2015,2709,5446.694,Lesotho,Petroleum oils and oils obtained from bituminous minerals; crude
LSO,2016,2709,20.088,Lesotho,Petroleum oils and oils obtained from bituminous minerals; crude
LSO,2018,2709,1.058,Lesotho,Petroleum oils and oils obtained from bituminous minerals; crude
LTU,2013,2709,53431552.0,Lithuania,Petroleum oils and oils obtained from bituminous minerals; crude
LTU,2014,2709,45769219.0,Lithuania,Petroleum oils and oils obtained from bituminous minerals; crude
LTU,2015,2709,19991723.0,Lithuania,Petroleum oils and oils obtained from bituminous minerals; crude
LTU,2016,2709,16311199.0,Lithuania,Petroleum oils and oils obtained from bituminous minerals; crude
LTU,2017,2709,16312063.0,Lithuania,Petroleum oils and oils obtained from bituminous minerals; crude
LTU,2018,2709,24352149.0,Lithuania,Petroleum oils and oils obtained from bituminous minerals; crude
LUX,2013,2709,8230.0,Luxembourg,Petroleum oils and oils obtained from bituminous minerals; crude
LUX,2014,2709,4036.0,Luxembourg,Petroleum oils and oils obtained from bituminous minerals; crude
LUX,2015,2709,2334.0,Luxembourg,Petroleum oils and oils obtained from bituminous minerals; crude
LUX,2016,2709,15.0,Luxembourg,Petroleum oils and oils obtained from bituminous minerals; crude
LUX,2017,2709,8.495,Luxembourg,Petroleum oils and oils obtained from bituminous minerals; crude
LUX,2018,2709,45.884,Luxembourg,Petroleum oils and oils obtained from bituminous minerals; crude
LVA,2013,2709,2049995.0,Latvia,Petroleum oils and oils obtained from bituminous minerals; crude
LVA,2014,2709,57530697.348,Latvia,Petroleum oils and oils obtained from bituminous minerals; crude
LVA,2015,2709,11524483.881,Latvia,Petroleum oils and oils obtained from bituminous minerals; crude
LVA,2016,2709,2142290.104,Latvia,Petroleum oils and oils obtained from bituminous minerals; crude
LVA,2017,2709,2352950.422,Latvia,Petroleum oils and oils obtained from bituminous minerals; crude
LVA,2018,2709,4293136.248,Latvia,Petroleum oils and oils obtained from bituminous minerals; crude
MAR,2013,2709,329399.0,Morocco,Petroleum oils and oils obtained from bituminous minerals; crude
MAR,2018,2709,1470.259,Morocco,Petroleum oils and oils obtained from bituminous minerals; crude
MDA,2016,2709,31460.0,Rep. of Moldova,Petroleum oils and oils obtained from bituminous minerals; crude
MDA,2017,2709,1876950.0,Rep. of Moldova,Petroleum oils and oils obtained from bituminous minerals; crude
MDA,2018,2709,36897.0,Rep. of Moldova,Petroleum oils and oils obtained from bituminous minerals; crude
MDG,2013,2709,31.105,Madagascar,Petroleum oils and oils obtained from bituminous minerals; crude
MDG,2017,2709,168.107,Madagascar,Petroleum oils and oils obtained from bituminous minerals; crude
MEX,2013,2709,42711655472.0,Mexico,Petroleum oils and oils obtained from bituminous minerals; crude
MEX,2014,2709,35638354862.0,Mexico,Petroleum oils and oils obtained from bituminous minerals; crude
MEX,2015,2709,18451133808.0,Mexico,Petroleum oils and oils obtained from bituminous minerals; crude
MEX,2016,2709,15582026364.0,Mexico,Petroleum oils and oils obtained from bituminous minerals; crude
MEX,2017,2709,20047210169.0,Mexico,Petroleum oils and oils obtained from bituminous minerals; crude
MEX,2018,2709,26540283874.0,Mexico,Petroleum oils and oils obtained from bituminous minerals; crude
MKD,2014,2709,6028049.0,North Macedonia,Petroleum oils and oils obtained from bituminous minerals; crude
MLT,2013,2709,656.0,Malta,Petroleum oils and oils obtained from bituminous minerals; crude
MLT,2014,2709,700.0,Malta,Petroleum oils and oils obtained from bituminous minerals; crude
MLT,2015,2709,49.0,Malta,Petroleum oils and oils obtained from bituminous minerals; crude
MMR,2014,2709,77225347.5,Myanmar,Petroleum oils and oils obtained from bituminous minerals; crude
MMR,2015,2709,61058176.93,Myanmar,Petroleum oils and oils obtained from bituminous minerals; crude
MMR,2016,2709,51811249.78,Myanmar,Petroleum oils and oils obtained from bituminous minerals; crude
MMR,2017,2709,177276450.0,Myanmar,Petroleum oils and oils obtained from bituminous minerals; crude
MMR,2018,2709,59495011.0,Myanmar,Petroleum oils and oils obtained from bituminous minerals; crude
MNE,2016,2709,2863.522,Montenegro,Petroleum oils and oils obtained from bituminous minerals; crude
MNG,2013,2709,515455603.0,Mongolia,Petroleum oils and oils obtained from bituminous minerals; crude
MNG,2014,2709,634611356.0,Mongolia,Petroleum oils and oils obtained from bituminous minerals; crude
MNG,2015,2709,387217279.0,Mongolia,Petroleum oils and oils obtained from bituminous minerals; crude
MNG,2016,2709,337180574.0,Mongolia,Petroleum oils and oils obtained from bituminous minerals; crude
MNG,2017,2709,374071434.31,Mongolia,Petroleum oils and oils obtained from bituminous minerals; crude
MNG,2018,2709,391987754.22,Mongolia,Petroleum oils and oils obtained from bituminous minerals; crude
MOZ,2017,2709,602.82,Mozambique,Petroleum oils and oils obtained from bituminous minerals; crude
MRT,2015,2709,79769252.62,Mauritania,Petroleum oils and oils obtained from bituminous minerals; crude
MWI,2017,2709,11.692,Malawi,Petroleum oils and oils obtained from bituminous minerals; crude
MYS,2013,2709,10220769364.0,Malaysia,Petroleum oils and oils obtained from bituminous minerals; crude
MYS,2014,2709,10518325092.0,Malaysia,Petroleum oils and oils obtained from bituminous minerals; crude
MYS,2015,2709,6852851101.0,Malaysia,Petroleum oils and oils obtained from bituminous minerals; crude
MYS,2016,2709,5653369197.0,Malaysia,Petroleum oils and oils obtained from bituminous minerals; crude
MYS,2017,2709,7026884755.03,Malaysia,Petroleum oils and oils obtained from bituminous minerals; crude
MYS,2018,2709,9462605287.146,Malaysia,Petroleum oils and oils obtained from bituminous minerals; crude
NAM,2013,2709,155767.0,Namibia,Petroleum oils and oils obtained from bituminous minerals; crude
NAM,2014,2709,232765.0,Namibia,Petroleum oils and oils obtained from bituminous minerals; crude
NAM,2015,2709,89858.0,Namibia,Petroleum oils and oils obtained from bituminous minerals; crude
NAM,2016,2709,46501.0,Namibia,Petroleum oils and oils obtained from bituminous minerals; crude
NAM,2017,2709,81046.548,Namibia,Petroleum oils and oils obtained from bituminous minerals; crude
NAM,2018,2709,974179.885,Namibia,Petroleum oils and oils obtained from bituminous minerals; crude
NER,2013,2709,201.0,Niger,Petroleum oils and oils obtained from bituminous minerals; crude
NER,2014,2709,170.0,Niger,Petroleum oils and oils obtained from bituminous minerals; crude
NER,2015,2709,421.0,Niger,Petroleum oils and oils obtained from bituminous minerals; crude
NGA,2013,2709,74953784338.0,Nigeria,Petroleum oils and oils obtained from bituminous minerals; crude
NGA,2014,2709,75033422632.0,Nigeria,Petroleum oils and oils obtained from bituminous minerals; crude
NGA,2015,2709,34380007803.54,Nigeria,Petroleum oils and oils obtained from bituminous minerals; crude
NGA,2016,2709,26979833380.0,Nigeria,Petroleum oils and oils obtained from bituminous minerals; crude
NGA,2017,2709,36057296059.213,Nigeria,Petroleum oils and oils obtained from bituminous minerals; crude
NGA,2018,2709,51371204851.773,Nigeria,Petroleum oils and oils obtained from bituminous minerals; crude
NIC,2013,2709,197.0,Nicaragua,Petroleum oils and oils obtained from bituminous minerals; crude
NIC,2017,2709,206.69,Nicaragua,Petroleum oils and oils obtained from bituminous minerals; crude
NLD,2013,2709,304572101.482,Netherlands,Petroleum oils and oils obtained from bituminous minerals; crude
NLD,2014,2709,370062043.578,Netherlands,Petroleum oils and oils obtained from bituminous minerals; crude
NLD,2015,2709,184060524.604,Netherlands,Petroleum oils and oils obtained from bituminous minerals; crude
NLD,2016,2709,77531196.044,Netherlands,Petroleum oils and oils obtained from bituminous minerals; crude
NLD,2017,2709,65164234.301,Netherlands,Petroleum oils and oils obtained from bituminous minerals; crude
NLD,2018,2709,119442580.595,Netherlands,Petroleum oils and oils obtained from bituminous minerals; crude
NOR,2013,2709,49721219647.0,Norway,Petroleum oils and oils obtained from bituminous minerals; crude
NOR,2014,2709,46255258996.0,Norway,Petroleum oils and oils obtained from bituminous minerals; crude
NOR,2015,2709,25059681953.394,Norway,Petroleum oils and oils obtained from bituminous minerals; crude
NOR,2016,2709,22832062038.0,Norway,Petroleum oils and oils obtained from bituminous minerals; crude
NOR,2017,2709,25874694736.506,Norway,Petroleum oils and oils obtained from bituminous minerals; crude
NOR,2018,2709,32979366426.107,Norway,Petroleum oils and oils obtained from bituminous minerals; crude
NZL,2013,2709,1176370560.325,New Zealand,Petroleum oils and oils obtained from bituminous minerals; crude
NZL,2014,2709,1126661940.539,New Zealand,Petroleum oils and oils obtained from bituminous minerals; crude
NZL,2015,2709,506512239.696,New Zealand,Petroleum oils and oils obtained from bituminous minerals; crude
NZL,2016,2709,410564981.491,New Zealand,Petroleum oils and oils obtained from bituminous minerals; crude
NZL,2017,2709,443973215.897,New Zealand,Petroleum oils and oils obtained from bituminous minerals; crude
NZL,2018,2709,341155240.525,New Zealand,Petroleum oils and oils obtained from bituminous minerals; crude
OMN,2013,2709,32087129500.0,Oman,Petroleum oils and oils obtained from bituminous minerals; crude
OMN,2014,2709,30146468745.855,Oman,Petroleum oils and oils obtained from bituminous minerals; crude
OMN,2015,2709,17379452272.0,Oman,Petroleum oils and oils obtained from bituminous minerals; crude
OMN,2016,2709,12839270626.0,Oman,Petroleum oils and oils obtained from bituminous minerals; crude
OMN,2017,2709,15072300334.0,Oman,Petroleum oils and oils obtained from bituminous minerals; crude
OMN,2018,2709,20099608074.0,Oman,Petroleum oils and oils obtained from bituminous minerals; crude
PAK,2014,2709,222906141.0,Pakistan,Petroleum oils and oils obtained from bituminous minerals; crude
PAK,2015,2709,175652705.0,Pakistan,Petroleum oils and oils obtained from bituminous minerals; crude
PAK,2016,2709,76992339.0,Pakistan,Petroleum oils and oils obtained from bituminous minerals; crude
PAK,2017,2709,114475658.435,Pakistan,Petroleum oils and oils obtained from bituminous minerals; crude
PAK,2018,2709,262066956.524,Pakistan,Petroleum oils and oils obtained from bituminous minerals; crude
PER,2013,2709,537895524.39,Peru,Petroleum oils and oils obtained from bituminous minerals; crude
PER,2014,2709,496337220.11,Peru,Petroleum oils and oils obtained from bituminous minerals; crude
PER,2015,2709,120071360.5,Peru,Petroleum oils and oils obtained from bituminous minerals; crude
PER,2016,2709,24015819.21,Peru,Petroleum oils and oils obtained from bituminous minerals; crude
PER,2017,2709,25644327.43,Peru,Petroleum oils and oils obtained from bituminous minerals; crude
PER,2018,2709,138873906.5,Peru,Petroleum oils and oils obtained from bituminous minerals; crude
PHL,2013,2709,975472251.0,Philippines,Petroleum oils and oils obtained from bituminous minerals; crude
PHL,2014,2709,1014979342.0,Philippines,Petroleum oils and oils obtained from bituminous minerals; crude
PHL,2015,2709,289704504.0,Philippines,Petroleum oils and oils obtained from bituminous minerals; crude
PHL,2016,2709,173591470.0,Philippines,Petroleum oils and oils obtained from bituminous minerals; crude
PHL,2017,2709,195753411.0,Philippines,Petroleum oils and oils obtained from bituminous minerals; crude
PHL,2018,2709,202677308.0,Philippines,Petroleum oils and oils obtained from bituminous minerals; crude
POL,2013,2709,334039178.0,Poland,Petroleum oils and oils obtained from bituminous minerals; crude
POL,2014,2709,320402972.0,Poland,Petroleum oils and oils obtained from bituminous minerals; crude
POL,2015,2709,94530685.0,Poland,Petroleum oils and oils obtained from bituminous minerals; crude
POL,2016,2709,66339195.0,Poland,Petroleum oils and oils obtained from bituminous minerals; crude
POL,2017,2709,121704785.0,Poland,Petroleum oils and oils obtained from bituminous minerals; crude
POL,2018,2709,126189395.0,Poland,Petroleum oils and oils obtained from bituminous minerals; crude
PRT,2015,2709,10354.341,Portugal,Petroleum oils and oils obtained from bituminous minerals; crude
QAT,2013,2709,24877673258.511,Qatar,Petroleum oils and oils obtained from bituminous minerals; crude
QAT,2014,2709,21484297314.0,Qatar,Petroleum oils and oils obtained from bituminous minerals; crude
QAT,2015,2709,10522023285.143,Qatar,Petroleum oils and oils obtained from bituminous minerals; crude
QAT,2016,2709,8851516145.991,Qatar,Petroleum oils and oils obtained from bituminous minerals; crude
QAT,2017,2709,11713828205.641,Qatar,Petroleum oils and oils obtained from bituminous minerals; crude
QAT,2018,2709,13809682463.201,Qatar,Petroleum oils and oils obtained from bituminous minerals; crude
ROU,2013,2709,41213170.0,Romania,Petroleum oils and oils obtained from bituminous minerals; crude
ROU,2014,2709,34203942.0,Romania,Petroleum oils and oils obtained from bituminous minerals; crude
ROU,2015,2709,15091696.0,Romania,Petroleum oils and oils obtained from bituminous minerals; crude
ROU,2016,2709,13098668.0,Romania,Petroleum oils and oils obtained from bituminous minerals; crude
ROU,2017,2709,22457866.08,Romania,Petroleum oils and oils obtained from bituminous minerals; crude
ROU,2018,2709,7496592.54,Romania,Petroleum oils and oils obtained from bituminous minerals; crude
RUS,2013,2709,173669617054.0,Russian Federation,Petroleum oils and oils obtained from bituminous minerals; crude
RUS,2014,2709,153887932499.0,Russian Federation,Petroleum oils and oils obtained from bituminous minerals; crude
RUS,2015,2709,89576493234.0,Russian Federation,Petroleum oils and oils obtained from bituminous minerals; crude
RUS,2016,2709,73712304507.41,Russian Federation,Petroleum oils and oils obtained from bituminous minerals; crude
RUS,2017,2709,93377261711.32,Russian Federation,Petroleum oils and oils obtained from bituminous minerals; crude
RUS,2018,2709,129201079701.63,Russian Federation,Petroleum oils and oils obtained from bituminous minerals; crude
RWA,2013,2709,34429.41,Rwanda,Petroleum oils and oils obtained from bituminous minerals; crude
RWA,2014,2709,9928.73,Rwanda,Petroleum oils and oils obtained from bituminous minerals; crude
RWA,2015,2709,2634.851,Rwanda,Petroleum oils and oils obtained from bituminous minerals; crude
RWA,2017,2709,864.799,Rwanda,Petroleum oils and oils obtained from bituminous minerals; crude
SAU,2013,2709,293994567493.0,Saudi Arabia,Petroleum oils and oils obtained from bituminous minerals; crude
SAU,2014,2709,250522819622.0,Saudi Arabia,Petroleum oils and oils obtained from bituminous minerals; crude
SAU,2015,2709,129811454824.09,Saudi Arabia,Petroleum oils and oils obtained from bituminous minerals; crude
SAU,2016,2709,111980929354.94,Saudi Arabia,Petroleum oils and oils obtained from bituminous minerals; crude
SAU,2018,2709,187867943533.89,Saudi Arabia,Petroleum oils and oils obtained from bituminous minerals; crude
SDN,2013,2709,1298202086.0,Sudan,Petroleum oils and oils obtained from bituminous minerals; crude
SDN,2014,2709,2931662398.28,Sudan,Petroleum oils and oils obtained from bituminous minerals; crude
SDN,2015,2709,2973880047.0,Sudan,Petroleum oils and oils obtained from bituminous minerals; crude
SDN,2016,2709,335713000.0,Sudan,Petroleum oils and oils obtained from bituminous minerals; crude
SDN,2017,2709,429495143.0,Sudan,Petroleum oils and oils obtained from bituminous minerals; crude
SDN,2018,2709,430280550.0,Sudan,Petroleum oils and oils obtained from bituminous minerals; crude
SEN,2015,2709,4245323.0,Senegal,Petroleum oils and oils obtained from bituminous minerals; crude
SEN,2016,2709,7554300.0,Senegal,Petroleum oils and oils obtained from bituminous minerals; crude
SEN,2017,2709,26942808.233,Senegal,Petroleum oils and oils obtained from bituminous minerals; crude
SEN,2018,2709,25094809.576,Senegal,Petroleum oils and oils obtained from bituminous minerals; crude
SGP,2013,2709,433825.444,Singapore,Petroleum oils and oils obtained from bituminous minerals; crude
SGP,2014,2709,120723.549,Singapore,Petroleum oils and oils obtained from bituminous minerals; crude
SGP,2015,2709,16830002.702,Singapore,Petroleum oils and oils obtained from bituminous minerals; crude
SGP,2016,2709,168257.668,Singapore,Petroleum oils and oils obtained from bituminous minerals; crude
SGP,2017,2709,68136941.73,Singapore,Petroleum oils and oils obtained from bituminous minerals; crude
SGP,2018,2709,49920600.187,Singapore,Petroleum oils and oils obtained from bituminous minerals; crude
SLB,2013,2709,7244.741,Solomon Isds,Petroleum oils and oils obtained from bituminous minerals; crude
SLB,2016,2709,45822.0,Solomon Isds,Petroleum oils and oils obtained from bituminous minerals; crude
SRB,2013,2709,389579.0,Serbia,Petroleum oils and oils obtained from bituminous minerals; crude
SRB,2014,2709,361000.0,Serbia,Petroleum oils and oils obtained from bituminous minerals; crude
SRB,2015,2709,175969.0,Serbia,Petroleum oils and oils obtained from bituminous minerals; crude
SRB,2016,2709,165387.0,Serbia,Petroleum oils and oils obtained from bituminous minerals; crude
SRB,2017,2709,265367.0,Serbia,Petroleum oils and oils obtained from bituminous minerals; crude
SRB,2018,2709,372576.0,Serbia,Petroleum oils and oils obtained from bituminous minerals; crude
SVK,2013,2709,7888736.703,Slovakia,Petroleum oils and oils obtained from bituminous minerals; crude
SVK,2014,2709,6778350.87,Slovakia,Petroleum oils and oils obtained from bituminous minerals; crude
SVK,2015,2709,9663124.842,Slovakia,Petroleum oils and oils obtained from bituminous minerals; crude
SVK,2016,2709,2688140.501,Slovakia,Petroleum oils and oils obtained from bituminous minerals; crude
SVK,2017,2709,23962457.857,Slovakia,Petroleum oils and oils obtained from bituminous minerals; crude
SVK,2018,2709,2584135.981,Slovakia,Petroleum oils and oils obtained from bituminous minerals; crude
SVN,2013,2709,315002.0,Slovenia,Petroleum oils and oils obtained from bituminous minerals; crude
SVN,2014,2709,257605.0,Slovenia,Petroleum oils and oils obtained from bituminous minerals; crude
SVN,2016,2709,11520.38,Slovenia,Petroleum oils and oils obtained from bituminous minerals; crude
SVN,2017,2709,29207.46,Slovenia,Petroleum oils and oils obtained from bituminous minerals; crude
SVN,2018,2709,110911.8,Slovenia,Petroleum oils and oils obtained from bituminous minerals; crude
SWE,2013,2709,3948341.973,Sweden,Petroleum oils and oils obtained from bituminous minerals; crude
SWE,2014,2709,944569.841,Sweden,Petroleum oils and oils obtained from bituminous minerals; crude
SWE,2015,2709,592.987,Sweden,Petroleum oils and oils obtained from bituminous minerals; crude
SWE,2016,2709,4087.522,Sweden,Petroleum oils and oils obtained from bituminous minerals; crude
SWE,2017,2709,330197863.972,Sweden,Petroleum oils and oils obtained from bituminous minerals; crude
SWE,2018,2709,32696.238,Sweden,Petroleum oils and oils obtained from bituminous minerals; crude
SWZ,2014,2709,2848.86,Eswatini,Petroleum oils and oils obtained from bituminous minerals; crude
SWZ,2015,2709,41190.104,Eswatini,Petroleum oils and oils obtained from bituminous minerals; crude
SWZ,2016,2709,11581.036,Eswatini,Petroleum oils and oils obtained from bituminous minerals; crude
SWZ,2017,2709,4949.782,Eswatini,Petroleum oils and oils obtained from bituminous minerals; crude
SWZ,2018,2709,7416.817,Eswatini,Petroleum oils and oils obtained from bituminous minerals; crude
SYC,2015,2709,235.493,Seychelles,Petroleum oils and oils obtained from bituminous minerals; crude
SYC,2016,2709,271.3,Seychelles,Petroleum oils and oils obtained from bituminous minerals; crude
SYC,2017,2709,526.042,Seychelles,Petroleum oils and oils obtained from bituminous minerals; crude
TGO,2014,2709,3816.909,Togo,Petroleum oils and oils obtained from bituminous minerals; crude
THA,2013,2709,1163529425.0,Thailand,Petroleum oils and oils obtained from bituminous minerals; crude
THA,2014,2709,420967528.0,Thailand,Petroleum oils and oils obtained from bituminous minerals; crude
THA,2015,2709,64021323.51,Thailand,Petroleum oils and oils obtained from bituminous minerals; crude
THA,2016,2709,492858346.99,Thailand,Petroleum oils and oils obtained from bituminous minerals; crude
THA,2017,2709,681876817.25,Thailand,Petroleum oils and oils obtained from bituminous minerals; crude
THA,2018,2709,825587923.29,Thailand,Petroleum oils and oils obtained from bituminous minerals; crude
TON,2013,2709,11.0,Tonga,Petroleum oils and oils obtained from bituminous minerals; crude
TTO,2013,2709,1250607974.258,Trinidad and Tobago,Petroleum oils and oils obtained from bituminous minerals; crude
TTO,2014,2709,1344578990.008,Trinidad and Tobago,Petroleum oils and oils obtained from bituminous minerals; crude
TTO,2015,2709,269309834.631,Trinidad and Tobago,Petroleum oils and oils obtained from bituminous minerals; crude
TTO,2016,2709,240399218.088,Trinidad and Tobago,Petroleum oils and oils obtained from bituminous minerals; crude
TTO,2017,2709,473848431.252,Trinidad and Tobago,Petroleum oils and oils obtained from bituminous minerals; crude
TTO,2018,2709,598570732.095,Trinidad and Tobago,Petroleum oils and oils obtained from bituminous minerals; crude
TUN,2013,2709,1748136261.0,Tunisia,Petroleum oils and oils obtained from bituminous minerals; crude
TUN,2014,2709,1435489672.0,Tunisia,Petroleum oils and oils obtained from bituminous minerals; crude
TUN,2015,2709,632516917.0,Tunisia,Petroleum oils and oils obtained from bituminous minerals; crude
TUN,2016,2709,563747219.0,Tunisia,Petroleum oils and oils obtained from bituminous minerals; crude
TUN,2017,2709,510605693.697,Tunisia,Petroleum oils and oils obtained from bituminous minerals; crude
TUN,2018,2709,525137508.107,Tunisia,Petroleum oils and oils obtained from bituminous minerals; crude
TUR,2013,2709,664.0,Türkiye,Petroleum oils and oils obtained from bituminous minerals; crude
TZA,2013,2709,4602.0,United Rep. of Tanzania,Petroleum oils and oils obtained from bituminous minerals; crude
TZA,2016,2709,3.0,United Rep. of Tanzania,Petroleum oils and oils obtained from bituminous minerals; crude
TZA,2017,2709,1150307.49,United Rep. of Tanzania,Petroleum oils and oils obtained from bituminous minerals; crude
TZA,2018,2709,171627.358,United Rep. of Tanzania,Petroleum oils and oils obtained from bituminous minerals; crude
UGA,2013,2709,25405.0,Uganda,Petroleum oils and oils obtained from bituminous minerals; crude
UGA,2014,2709,24771.0,Uganda,Petroleum oils and oils obtained from bituminous minerals; crude
UGA,2015,2709,3184.0,Uganda,Petroleum oils and oils obtained from bituminous minerals; crude
UGA,2016,2709,225.0,Uganda,Petroleum oils and oils obtained from bituminous minerals; crude
UGA,2017,2709,17006.46,Uganda,Petroleum oils and oils obtained from bituminous minerals; crude
UGA,2018,2709,654735.02,Uganda,Petroleum oils and oils obtained from bituminous minerals; crude
UKR,2014,2709,27351268.0,Ukraine,Petroleum oils and oils obtained from bituminous minerals; crude
UKR,2015,2709,2686104.0,Ukraine,Petroleum oils and oils obtained from bituminous minerals; crude
UKR,2017,2709,28934225.01,Ukraine,Petroleum oils and oils obtained from bituminous minerals; crude
URY,2016,2709,12.0,Uruguay,Petroleum oils and oils obtained from bituminous minerals; crude
URY,2018,2709,8.0,Uruguay,Petroleum oils and oils obtained from bituminous minerals; crude
USA,2013,2709,5099464344.0,USA,Petroleum oils and oils obtained from bituminous minerals; crude
USA,2014,2709,12309085818.0,USA,Petroleum oils and oils obtained from bituminous minerals; crude
USA,2015,2709,8768735352.0,USA,Petroleum oils and oils obtained from bituminous minerals; crude
USA,2016,2709,9462121586.0,USA,Petroleum oils and oils obtained from bituminous minerals; crude
USA,2017,2709,22502167777.0,USA,Petroleum oils and oils obtained from bituminous minerals; crude
USA,2018,2709,48261572407.0,USA,Petroleum oils and oils obtained from bituminous minerals; crude
VEN,2013,2709,74850619350.0,Venezuela,Petroleum oils and oils obtained from bituminous minerals; crude
VNM,2013,2709,7375357838.0,Viet Nam,Petroleum oils and oils obtained from bituminous minerals; crude
VNM,2014,2709,7224230188.0,Viet Nam,Petroleum oils and oils obtained from bituminous minerals; crude
VNM,2015,2709,3823779769.0,Viet Nam,Petroleum oils and oils obtained from bituminous minerals; crude
VNM,2016,2709,2578324548.82,Viet Nam,Petroleum oils and oils obtained from bituminous minerals; crude
VNM,2017,2709,3108577310.8,Viet Nam,Petroleum oils and oils obtained from bituminous minerals; crude
VNM,2018,2709,2146666201.87,Viet Nam,Petroleum oils and oils obtained from bituminous minerals; crude
WSM,2013,2709,85165.0,Samoa,Petroleum oils and oils obtained from bituminous minerals; crude
WSM,2016,2709,1247.0,Samoa,Petroleum oils and oils obtained from bituminous minerals; crude
WSM,2017,2709,9691.093,Samoa,Petroleum oils and oils obtained from bituminous minerals; crude
WSM,2018,2709,5762.834,Samoa,Petroleum oils and oils obtained from bituminous minerals; crude
YEM,2013,2709,3248692363.0,Yemen,Petroleum oils and oils obtained from bituminous minerals; crude
YEM,2014,2709,1271479238.0,Yemen,Petroleum oils and oils obtained from bituminous minerals; crude
YEM,2015,2709,352.0,Yemen,Petroleum oils and oils obtained from bituminous minerals; crude
ZAF,2013,2709,708642.031,South Africa,Petroleum oils and oils obtained from bituminous minerals; crude
ZAF,2014,2709,69953543.076,South Africa,Petroleum oils and oils obtained from bituminous minerals; crude
ZAF,2015,2709,113920618.146,South Africa,Petroleum oils and oils obtained from bituminous minerals; crude
ZAF,2016,2709,122833538.764,South Africa,Petroleum oils and oils obtained from bituminous minerals; crude
ZAF,2017,2709,1284111587.785,South Africa,Petroleum oils and oils obtained from bituminous minerals; crude
ZAF,2018,2709,168652.877,South Africa,Petroleum oils and oils obtained from bituminous minerals; crude
ZMB,2013,2709,47621.444,Zambia,Petroleum oils and oils obtained from bituminous minerals; crude
ZMB,2014,2709,95052.64,Zambia,Petroleum oils and oils obtained from bituminous minerals; crude
ZMB,2015,2709,20698.229,Zambia,Petroleum oils and oils obtained from bituminous minerals; crude
ZMB,2017,2709,21.162,Zambia,Petroleum oils and oils obtained from bituminous minerals; crude
ZMB,2018,2709,2722.854,Zambia,Petroleum oils and oils obtained from bituminous minerals; crude
ZWE,2014,2709,247.38,Zimbabwe,Petroleum oils and oils obtained from bituminous minerals; crude
ZWE,2016,2709,700.0,Zimbabwe,Petroleum oils and oils obtained from bituminous minerals; crude
