Entity,Code,Year,production|Bauxite|Mine|tonnes
Albania,ALB,1987,16002
Albania,ALB,1988,37669
Albania,ALB,1989,35343
Albania,ALB,1990,23489
Albania,ALB,1991,8000
Albania,ALB,1992,4000
Albania,ALB,1994,200
Albania,ALB,1995,1548
Albania,ALB,1996,3380
Albania,ALB,1997,4453
Albania,ALB,1998,4128
Albania,ALB,1999,4624
Australia,AUS,1970,9256000
Australia,AUS,1971,12733000
Australia,AUS,1972,14437000
Australia,AUS,1973,17596000
Australia,AUS,1974,19994000
Australia,AUS,1975,21003000
Australia,AUS,1976,24084000
Australia,AUS,1977,26086000
Australia,AUS,1978,24292511
Australia,AUS,1979,27583429
Australia,AUS,1980,27178974
Australia,AUS,1981,25441392
Australia,AUS,1982,23625042
Australia,AUS,1983,24372291
Australia,AUS,1984,31536913
Australia,AUS,1985,31838898
Australia,AUS,1986,32383773
Australia,AUS,1987,34101721
Australia,AUS,1988,36192000
Australia,AUS,1989,38583000
Australia,AUS,1990,41391000
Australia,AUS,1991,40503000
Australia,AUS,1992,39746000
Australia,AUS,1993,41320000
Australia,AUS,1994,42159000
Australia,AUS,1995,42655000
Australia,AUS,1996,43063000
Australia,AUS,1997,44464000
Australia,AUS,1998,44653000
Australia,AUS,1999,48416000
Australia,AUS,2000,53802000
Australia,AUS,2001,53799000
Australia,AUS,2002,54135000
Australia,AUS,2003,55602000
Australia,AUS,2004,56593000
Australia,AUS,2005,59958667
Australia,AUS,2006,61780468
Australia,AUS,2007,62398239
Australia,AUS,2008,64037587
Australia,AUS,2009,66168656
Australia,AUS,2010,68583957
Australia,AUS,2011,70231394
Australia,AUS,2012,76281247
Australia,AUS,2013,81119334
Australia,AUS,2014,78630996
Australia,AUS,2015,80909261
Australia,AUS,2016,83517148
Australia,AUS,2017,89420589
Australia,AUS,2018,95947593
Australia,AUS,2019,107422912
Australia,AUS,2020,104000000
Australia,AUS,2021,103000000
Australia,AUS,2022,102000000
Australia,AUS,2023,104000000
Australia,AUS,2024,100000000
Bosnia and Herzegovina,BIH,1992,200000
Bosnia and Herzegovina,BIH,1993,100000
Bosnia and Herzegovina,BIH,1994,75000
Bosnia and Herzegovina,BIH,1995,75000
Bosnia and Herzegovina,BIH,2000,254700
Bosnia and Herzegovina,BIH,2001,90000
Bosnia and Herzegovina,BIH,2002,71300
Bosnia and Herzegovina,BIH,2003,573000
Bosnia and Herzegovina,BIH,2004,916900
Bosnia and Herzegovina,BIH,2005,1031600
Bosnia and Herzegovina,BIH,2006,854047
Bosnia and Herzegovina,BIH,2007,866933
Bosnia and Herzegovina,BIH,2008,1018333
Bosnia and Herzegovina,BIH,2009,555800
Bosnia and Herzegovina,BIH,2010,827909
Bosnia and Herzegovina,BIH,2011,707712
Bosnia and Herzegovina,BIH,2012,800316
Bosnia and Herzegovina,BIH,2013,657115
Bosnia and Herzegovina,BIH,2014,605215
Bosnia and Herzegovina,BIH,2015,787409
Bosnia and Herzegovina,BIH,2016,738609
Bosnia and Herzegovina,BIH,2017,740384
Bosnia and Herzegovina,BIH,2018,760244
Bosnia and Herzegovina,BIH,2019,1043343
Bosnia and Herzegovina,BIH,2020,619748
Bosnia and Herzegovina,BIH,2021,675269
Bosnia and Herzegovina,BIH,2022,699926
Bosnia and Herzegovina,BIH,2023,548160
Brazil,BRA,1970,510000
Brazil,BRA,1971,566000
Brazil,BRA,1972,765000
Brazil,BRA,1973,849000
Brazil,BRA,1974,858000
Brazil,BRA,1975,969000
Brazil,BRA,1976,998000
Brazil,BRA,1977,1352000
Brazil,BRA,1978,1401101
Brazil,BRA,1979,2165288
Brazil,BRA,1980,4631855
Brazil,BRA,1981,4048545
Brazil,BRA,1982,3469928
Brazil,BRA,1983,4281241
Brazil,BRA,1984,5902577
Brazil,BRA,1985,5304697
Brazil,BRA,1986,5418259
Brazil,BRA,1987,6376650
Brazil,BRA,1988,7388000
Brazil,BRA,1989,7489146
Brazil,BRA,1990,9748948
Brazil,BRA,1991,10364200
Brazil,BRA,1992,10116045
Brazil,BRA,1993,10747535
Brazil,BRA,1994,9803297
Brazil,BRA,1995,11616402
Brazil,BRA,1996,12587234
Brazil,BRA,1997,11539965
Brazil,BRA,1998,11566798
Brazil,BRA,1999,12661746
Brazil,BRA,2000,13974480
Brazil,BRA,2001,13388100
Brazil,BRA,2002,13147900
Brazil,BRA,2003,18456800
Brazil,BRA,2004,20511800
Brazil,BRA,2005,22364600
Brazil,BRA,2006,23236300
Brazil,BRA,2007,25460700
Brazil,BRA,2008,28097500
Brazil,BRA,2009,26074400
Brazil,BRA,2010,32028000
Brazil,BRA,2011,33624600
Brazil,BRA,2012,34987800
Brazil,BRA,2013,33903800
Brazil,BRA,2014,36313200
Brazil,BRA,2015,37057000
Brazil,BRA,2016,39244200
Brazil,BRA,2017,38072100
Brazil,BRA,2018,32006900
Brazil,BRA,2019,31937900
Brazil,BRA,2020,31000000
Brazil,BRA,2021,33000000
Brazil,BRA,2022,30000000
Brazil,BRA,2023,32000000
Brazil,BRA,2024,33000000
Canada,CAN,2020,0
Canada,CAN,2021,0
Canada,CAN,2022,0
China,CHN,1970,500000
China,CHN,1971,500000
China,CHN,1972,550000
China,CHN,1973,600000
China,CHN,1974,700000
China,CHN,1975,900000
China,CHN,1976,1100000
China,CHN,1977,1200000
China,CHN,1978,1400000
China,CHN,1979,1500000
China,CHN,1980,1700000
China,CHN,1981,1800000
China,CHN,1982,1950000
China,CHN,1983,2100000
China,CHN,1984,2500000
China,CHN,1985,2800000
China,CHN,1986,2900000
China,CHN,1987,3200000
China,CHN,1988,3500000
China,CHN,1989,2055200
China,CHN,1990,3655200
China,CHN,1991,5926000
China,CHN,1992,6660900
China,CHN,1993,6468200
China,CHN,1994,6621300
China,CHN,1995,8255500
China,CHN,1996,8878800
China,CHN,1997,9000000
China,CHN,1998,6400000
China,CHN,1999,7100000
China,CHN,2000,7900000
China,CHN,2001,8650000
China,CHN,2002,12958700
China,CHN,2003,14567000
China,CHN,2004,17518000
China,CHN,2005,17408200
China,CHN,2006,18981600
China,CHN,2007,20446000
China,CHN,2008,25176900
China,CHN,2009,29213100
China,CHN,2010,36837200
China,CHN,2011,37173800
China,CHN,2012,44052300
China,CHN,2013,50339383
China,CHN,2014,59212401
China,CHN,2015,60787599
China,CHN,2016,66157689
China,CHN,2017,69000000
China,CHN,2018,70751214
China,CHN,2019,42000000
China,CHN,2020,92700000
China,CHN,2021,90000000
China,CHN,2022,90000000
China,CHN,2023,91000000
China,CHN,2024,93000000
Colombia,COL,2012,384
Colombia,COL,2013,1108
Colombia,COL,2014,601
Colombia,COL,2015,861
Colombia,COL,2016,693
Colombia,COL,2017,2400
Colombia,COL,2018,13666
Colombia,COL,2019,18032
Colombia,COL,2020,9595
Colombia,COL,2021,49946
Colombia,COL,2022,48016
Colombia,COL,2023,2779
Cote d'Ivoire,CIV,2016,0
Cote d'Ivoire,CIV,2017,0
Cote d'Ivoire,CIV,2018,0
Cote d'Ivoire,CIV,2019,0
Cote d'Ivoire,CIV,2020,272295
Cote d'Ivoire,CIV,2021,0
Cote d'Ivoire,CIV,2022,0
Cote d'Ivoire,CIV,2023,155000
Croatia,HRV,1992,6878
Croatia,HRV,1993,1690
Croatia,HRV,1994,1302
Croatia,HRV,2009,500
Croatia,HRV,2010,2300
Croatia,HRV,2011,4800
Croatia,HRV,2012,5690
Croatia,HRV,2013,8220
Croatia,HRV,2014,9150
Croatia,HRV,2015,11900
Croatia,HRV,2016,9780
Croatia,HRV,2017,12215
Croatia,HRV,2018,11780
Croatia,HRV,2019,14342
Croatia,HRV,2020,14080
Croatia,HRV,2021,14450
Croatia,HRV,2022,17750
Croatia,HRV,2023,18000
Dominican Republic,DOM,1970,1086000
Dominican Republic,DOM,1971,1032000
Dominican Republic,DOM,1972,1087000
Dominican Republic,DOM,1973,1086000
Dominican Republic,DOM,1974,1196000
Dominican Republic,DOM,1975,772000
Dominican Republic,DOM,1976,620000
Dominican Republic,DOM,1977,575000
Dominican Republic,DOM,1978,568099
Dominican Republic,DOM,1979,524141
Dominican Republic,DOM,1980,510462
Dominican Republic,DOM,1981,405720
Dominican Republic,DOM,1982,152250
Dominican Republic,DOM,1987,186671
Dominican Republic,DOM,1988,167800
Dominican Republic,DOM,1989,150813
Dominican Republic,DOM,1990,85164
Dominican Republic,DOM,1991,6514
Dominican Republic,DOM,2003,6481
Dominican Republic,DOM,2004,81954
Dominican Republic,DOM,2005,534555
Dominican Republic,DOM,2006,92052
Dominican Republic,DOM,2007,117262
Dominican Republic,DOM,2008,67862
Dominican Republic,DOM,2009,53317
Dominican Republic,DOM,2010,8888
Dominican Republic,DOM,2011,0
Dominican Republic,DOM,2012,10522
Dominican Republic,DOM,2013,769530
Dominican Republic,DOM,2014,1749308
Dominican Republic,DOM,2015,1724162
Dominican Republic,DOM,2016,8796
Dominican Republic,DOM,2017,0
Dominican Republic,DOM,2018,6525
Dominican Republic,DOM,2019,7551
Dominican Republic,DOM,2020,9475
Dominican Republic,DOM,2021,71517
Dominican Republic,DOM,2022,91813
Dominican Republic,DOM,2023,92000
Fiji,FJI,2009,0
Fiji,FJI,2010,0
Fiji,FJI,2011,0
Fiji,FJI,2012,349556
Fiji,FJI,2013,564777
Fiji,FJI,2014,489476
Fiji,FJI,2015,120726
Fiji,FJI,2016,59500
Fiji,FJI,2017,60000
Fiji,FJI,2018,58000
Fiji,FJI,2019,0
Fiji,FJI,2020,0
Fiji,FJI,2021,0
Fiji,FJI,2022,0
Fiji,FJI,2023,0
France,FRA,1970,3051000
France,FRA,1971,3184000
France,FRA,1972,3281000
France,FRA,1973,3313000
France,FRA,1974,2898000
France,FRA,1975,2557000
France,FRA,1976,2330000
France,FRA,1977,2059000
France,FRA,1978,2042000
France,FRA,1979,2044000
France,FRA,1980,1925000
France,FRA,1981,1865000
France,FRA,1982,1687000
France,FRA,1983,1661000
France,FRA,1984,1607000
France,FRA,1985,1529600
France,FRA,1986,1379000
France,FRA,1987,1388200
France,FRA,1988,977700
France,FRA,1989,550427
France,FRA,1990,489805
France,FRA,1991,183300
France,FRA,1992,104000
France,FRA,1993,151000
France,FRA,1994,128000
France,FRA,1995,131000
France,FRA,1996,165000
France,FRA,1997,169000
France,FRA,1998,170000
France,FRA,1999,170000
France,FRA,2000,185000
France,FRA,2001,153000
France,FRA,2002,150000
France,FRA,2003,170000
France,FRA,2004,170000
France,FRA,2005,175000
France,FRA,2006,160000
France,FRA,2007,160000
France,FRA,2008,101700
France,FRA,2009,129700
France,FRA,2010,93100
France,FRA,2011,80800
France,FRA,2012,69500
France,FRA,2013,100000
France,FRA,2014,71000
France,FRA,2015,70000
France,FRA,2016,110000
France,FRA,2017,131000
France,FRA,2018,138800
France,FRA,2019,120760
France,FRA,2020,123500
France,FRA,2021,142800
France,FRA,2022,117988
France,FRA,2023,120000
Germany,DEU,2020,0
Germany,DEU,2021,0
Germany,DEU,2022,0
Ghana,GHA,1970,342000
Ghana,GHA,1971,323000
Ghana,GHA,1972,335000
Ghana,GHA,1973,316000
Ghana,GHA,1974,324000
Ghana,GHA,1975,314000
Ghana,GHA,1976,267000
Ghana,GHA,1977,283000
Ghana,GHA,1978,327900
Ghana,GHA,1979,235300
Ghana,GHA,1980,225100
Ghana,GHA,1981,181300
Ghana,GHA,1982,63500
Ghana,GHA,1983,70400
Ghana,GHA,1984,48500
Ghana,GHA,1985,169500
Ghana,GHA,1986,204000
Ghana,GHA,1987,195000
Ghana,GHA,1988,287300
Ghana,GHA,1989,347100
Ghana,GHA,1990,382100
Ghana,GHA,1991,485100
Ghana,GHA,1992,338200
Ghana,GHA,1993,423700
Ghana,GHA,1994,426100
Ghana,GHA,1995,512900
Ghana,GHA,1996,473200
Ghana,GHA,1997,519200
Ghana,GHA,1998,384406
Ghana,GHA,1999,355261
Ghana,GHA,2000,503824
Ghana,GHA,2001,692620
Ghana,GHA,2002,683654
Ghana,GHA,2003,494716
Ghana,GHA,2004,498060
Ghana,GHA,2005,606700
Ghana,GHA,2006,841775
Ghana,GHA,2007,1033368
Ghana,GHA,2008,796000
Ghana,GHA,2009,440000
Ghana,GHA,2010,512208
Ghana,GHA,2011,400069
Ghana,GHA,2012,752771
Ghana,GHA,2013,826994
Ghana,GHA,2014,798114
Ghana,GHA,2015,1014605
Ghana,GHA,2016,1143676
Ghana,GHA,2017,1476966
Ghana,GHA,2018,1011302
Ghana,GHA,2019,1116334
Ghana,GHA,2020,1162086
Ghana,GHA,2021,839465
Ghana,GHA,2022,773213
Ghana,GHA,2023,959601
Greece,GRC,1970,2292000
Greece,GRC,1971,2889000
Greece,GRC,1972,2442000
Greece,GRC,1973,2748000
Greece,GRC,1974,2783000
Greece,GRC,1975,3006000
Greece,GRC,1976,24000
Greece,GRC,1977,2882000
Greece,GRC,1978,2614343
Greece,GRC,1979,2723255
Greece,GRC,1980,3258856
Greece,GRC,1981,3248822
Greece,GRC,1982,2887855
Greece,GRC,1983,2435246
Greece,GRC,1984,2286145
Greece,GRC,1985,2341070
Greece,GRC,1986,2314962
Greece,GRC,1987,2455988
Greece,GRC,1988,2460782
Greece,GRC,1989,2550015
Greece,GRC,1990,2511036
Greece,GRC,1991,2164773
Greece,GRC,1992,2078445
Greece,GRC,1993,2205498
Greece,GRC,1994,2196371
Greece,GRC,1995,2200215
Greece,GRC,1996,2451734
Greece,GRC,1997,1876983
Greece,GRC,1998,1714023
Greece,GRC,1999,1882505
Greece,GRC,2000,1818525
Greece,GRC,2001,1903280
Greece,GRC,2002,2492000
Greece,GRC,2003,2418000
Greece,GRC,2004,2396065
Greece,GRC,2005,2441443
Greece,GRC,2006,2162900
Greece,GRC,2007,2125900
Greece,GRC,2008,2174000
Greece,GRC,2009,1935000
Greece,GRC,2010,1902000
Greece,GRC,2011,2324000
Greece,GRC,2012,1816000
Greece,GRC,2013,1844000
Greece,GRC,2014,1876000
Greece,GRC,2015,1831000
Greece,GRC,2016,1880000
Greece,GRC,2017,1927000
Greece,GRC,2018,1607000
Greece,GRC,2019,1492000
Greece,GRC,2020,1428000
Greece,GRC,2021,1227498
Greece,GRC,2022,1200000
Greece,GRC,2023,1200000
Greece,GRC,2024,1200000
Guinea,GIN,1970,2600000
Guinea,GIN,1971,2010000
Guinea,GIN,1972,2049000
Guinea,GIN,1973,3700000
Guinea,GIN,1974,7600000
Guinea,GIN,1975,8406000
Guinea,GIN,1976,11316000
Guinea,GIN,1977,10871000
Guinea,GIN,1978,11648000
Guinea,GIN,1979,13379000
Guinea,GIN,1980,13911000
Guinea,GIN,1981,12822000
Guinea,GIN,1982,11827400
Guinea,GIN,1983,11235400
Guinea,GIN,1984,12969100
Guinea,GIN,1985,11750000
Guinea,GIN,1986,14961000
Guinea,GIN,1987,16413000
Guinea,GIN,1988,17859000
Guinea,GIN,1989,17547000
Guinea,GIN,1990,16150000
Guinea,GIN,1991,17065000
Guinea,GIN,1992,15996613
Guinea,GIN,1993,17044305
Guinea,GIN,1994,14833400
Guinea,GIN,1995,17733452
Guinea,GIN,1996,18492600
Guinea,GIN,1997,16510000
Guinea,GIN,1998,16678818
Guinea,GIN,1999,17419100
Guinea,GIN,2000,17991900
Guinea,GIN,2001,17312100
Guinea,GIN,2002,17480000
Guinea,GIN,2003,17072200
Guinea,GIN,2004,18795500
Guinea,GIN,2005,19237300
Guinea,GIN,2006,18783928
Guinea,GIN,2007,18519010
Guinea,GIN,2008,17682330
Guinea,GIN,2009,14774240
Guinea,GIN,2010,15548593
Guinea,GIN,2011,17593100
Guinea,GIN,2012,17823000
Guinea,GIN,2013,20349000
Guinea,GIN,2014,20288000
Guinea,GIN,2015,20905000
Guinea,GIN,2016,32423932
Guinea,GIN,2017,51701564
Guinea,GIN,2018,59573707
Guinea,GIN,2019,70173326
Guinea,GIN,2020,86000000
Guinea,GIN,2021,86000000
Guinea,GIN,2022,100000000
Guinea,GIN,2023,123000000
Guinea,GIN,2024,130000000
Guyana,GUY,1970,3211000
Guyana,GUY,1971,2332000
Guyana,GUY,1972,3727000
Guyana,GUY,1973,3622000
Guyana,GUY,1974,3606000
Guyana,GUY,1975,3829000
Guyana,GUY,1976,3108000
Guyana,GUY,1977,3344000
Guyana,GUY,1978,3479000
Guyana,GUY,1979,3354000
Guyana,GUY,1980,3052000
Guyana,GUY,1981,2395900
Guyana,GUY,1982,3110994
Guyana,GUY,1983,2234106
Guyana,GUY,1984,3035648
Guyana,GUY,1985,2153186
Guyana,GUY,1986,2073918
Guyana,GUY,1987,2351496
Guyana,GUY,1988,1773900
Guyana,GUY,1989,1321081
Guyana,GUY,1990,1423978
Guyana,GUY,1991,2145907
Guyana,GUY,1992,2373759
Guyana,GUY,1993,2083200
Guyana,GUY,1994,1991132
Guyana,GUY,1995,2028080
Guyana,GUY,1996,2475459
Guyana,GUY,1997,2470895
Guyana,GUY,1998,2267368
Guyana,GUY,1999,2359272
Guyana,GUY,2000,2689451
Guyana,GUY,2001,2011301
Guyana,GUY,2002,1639266
Guyana,GUY,2003,1712236
Guyana,GUY,2004,1478897
Guyana,GUY,2005,1694126
Guyana,GUY,2006,1478670
Guyana,GUY,2007,2242928
Guyana,GUY,2008,2092237
Guyana,GUY,2009,1484935
Guyana,GUY,2010,1082512
Guyana,GUY,2011,1818399
Guyana,GUY,2012,2213972
Guyana,GUY,2013,1713242
Guyana,GUY,2014,1563563
Guyana,GUY,2015,1526467
Guyana,GUY,2016,1479090
Guyana,GUY,2017,1459223
Guyana,GUY,2018,1926053
Guyana,GUY,2019,1919747
Guyana,GUY,2020,608168
Guyana,GUY,2021,618452
Guyana,GUY,2022,705631
Guyana,GUY,2023,523742
Hungary,HUN,1970,2022000
Hungary,HUN,1971,2090000
Hungary,HUN,1972,2358000
Hungary,HUN,1973,2600000
Hungary,HUN,1974,2751000
Hungary,HUN,1975,2890000
Hungary,HUN,1976,2918000
Hungary,HUN,1977,2949000
Hungary,HUN,1978,2899000
Hungary,HUN,1979,2976000
Hungary,HUN,1980,2950000
Hungary,HUN,1981,294000
Hungary,HUN,1982,2627000
Hungary,HUN,1983,2917000
Hungary,HUN,1984,2993629
Hungary,HUN,1985,2814791
Hungary,HUN,1986,3022297
Hungary,HUN,1987,3101000
Hungary,HUN,1988,2593000
Hungary,HUN,1989,2644000
Hungary,HUN,1990,2559100
Hungary,HUN,1991,2036700
Hungary,HUN,1992,1721100
Hungary,HUN,1993,1561300
Hungary,HUN,1994,835700
Hungary,HUN,1995,1017600
Hungary,HUN,1996,1055800
Hungary,HUN,1997,742700
Hungary,HUN,1998,908900
Hungary,HUN,1999,935200
Hungary,HUN,2000,1046470
Hungary,HUN,2001,1000044
Hungary,HUN,2002,720000
Hungary,HUN,2003,665904
Hungary,HUN,2004,646726
Hungary,HUN,2005,535337
Hungary,HUN,2006,538258
Hungary,HUN,2007,546310
Hungary,HUN,2008,511337
Hungary,HUN,2009,267000
Hungary,HUN,2010,307000
Hungary,HUN,2011,277800
Hungary,HUN,2012,255000
Hungary,HUN,2013,93700
Hungary,HUN,2014,14400
Hungary,HUN,2015,8300
Hungary,HUN,2016,16700
Hungary,HUN,2017,1300
Hungary,HUN,2018,4200
Hungary,HUN,2019,0
Hungary,HUN,2020,0
Hungary,HUN,2021,0
Hungary,HUN,2022,0
Hungary,HUN,2023,0
India,IND,1970,1370000
India,IND,1971,1517000
India,IND,1972,1684000
India,IND,1973,1292000
India,IND,1974,1114000
India,IND,1975,1274000
India,IND,1976,1449000
India,IND,1977,1519000
India,IND,1978,1663000
India,IND,1979,1952000
India,IND,1980,1785000
India,IND,1981,1955000
India,IND,1982,1954261
India,IND,1983,1929272
India,IND,1984,2035646
India,IND,1985,2267777
India,IND,1986,2662200
India,IND,1987,2778678
India,IND,1988,4013000
India,IND,1989,4492000
India,IND,1990,4853000
India,IND,1991,4735000
India,IND,1992,5144916
India,IND,1993,5534913
India,IND,1994,4898674
India,IND,1995,5564775
India,IND,1996,6035579
India,IND,1997,6112131
India,IND,1998,6609525
India,IND,1999,7049943
India,IND,2000,7992782
India,IND,2001,8688752
India,IND,2002,9867455
India,IND,2003,10924786
India,IND,2004,11964011
India,IND,2005,12595803
India,IND,2006,15732535
India,IND,2007,22624960
India,IND,2008,15460202
India,IND,2009,14124093
India,IND,2010,12722820
India,IND,2011,13599566
India,IND,2012,16507960
India,IND,2013,22319148
India,IND,2014,22493671
India,IND,2015,28123789
India,IND,2016,24745487
India,IND,2017,22786106
India,IND,2018,23687721
India,IND,2019,22073398
India,IND,2020,20200000
India,IND,2021,17400000
India,IND,2022,24000000
India,IND,2023,23400000
India,IND,2024,25000000
Indonesia,IDN,1970,1223000
Indonesia,IDN,1971,1238000
Indonesia,IDN,1972,1277000
Indonesia,IDN,1973,1229000
Indonesia,IDN,1974,1290000
Indonesia,IDN,1975,993000
Indonesia,IDN,1976,940000
Indonesia,IDN,1977,1301000
Indonesia,IDN,1978,1007746
Indonesia,IDN,1979,1051905
Indonesia,IDN,1980,1249123
Indonesia,IDN,1981,1203380
Indonesia,IDN,1982,700247
Indonesia,IDN,1983,777869
Indonesia,IDN,1984,1033087
Indonesia,IDN,1985,830471
Indonesia,IDN,1986,649881
Indonesia,IDN,1987,635309
Indonesia,IDN,1988,513053
Indonesia,IDN,1989,862313
Indonesia,IDN,1990,1163820
Indonesia,IDN,1991,1246322
Indonesia,IDN,1992,803507
Indonesia,IDN,1993,1320418
Indonesia,IDN,1994,1342402
Indonesia,IDN,1995,899035
Indonesia,IDN,1996,841976
Indonesia,IDN,1997,808749
Indonesia,IDN,1998,1055647
Indonesia,IDN,1999,1116323
Indonesia,IDN,2000,1150776
Indonesia,IDN,2001,1237006
Indonesia,IDN,2002,1283485
Indonesia,IDN,2003,1262705
Indonesia,IDN,2004,1330827
Indonesia,IDN,2005,2502616
Indonesia,IDN,2006,7270072
Indonesia,IDN,2007,11663144
Indonesia,IDN,2008,16791368
Indonesia,IDN,2009,14720320
Indonesia,IDN,2010,27410375
Indonesia,IDN,2011,40643852
Indonesia,IDN,2012,31443325
Indonesia,IDN,2013,57023774
Indonesia,IDN,2014,2556429
Indonesia,IDN,2015,611000
Indonesia,IDN,2016,1485000
Indonesia,IDN,2017,4200000
Indonesia,IDN,2018,13243197
Indonesia,IDN,2019,16592739
Indonesia,IDN,2020,20800000
Indonesia,IDN,2021,21000000
Indonesia,IDN,2022,21000000
Indonesia,IDN,2023,30000000
Indonesia,IDN,2024,32000000
Iran,IRN,1987,60000
Iran,IRN,1988,92537
Iran,IRN,1989,74097
Iran,IRN,1990,92509
Iran,IRN,1991,98425
Iran,IRN,1992,169350
Iran,IRN,1993,50000
Iran,IRN,1994,144206
Iran,IRN,1995,192790
Iran,IRN,1996,230420
Iran,IRN,1997,244999
Iran,IRN,1998,336006
Iran,IRN,1999,461639
Iran,IRN,2000,485130
Iran,IRN,2001,283877
Iran,IRN,2002,323600
Iran,IRN,2003,391388
Iran,IRN,2004,419955
Iran,IRN,2005,437595
Iran,IRN,2006,500000
Iran,IRN,2007,520800
Iran,IRN,2008,520000
Iran,IRN,2009,522018
Iran,IRN,2010,681235
Iran,IRN,2011,818224
Iran,IRN,2012,898437
Iran,IRN,2013,903559
Iran,IRN,2014,748297
Iran,IRN,2015,840681
Iran,IRN,2016,868255
Iran,IRN,2017,1046634
Iran,IRN,2018,805231
Iran,IRN,2019,1163159
Iran,IRN,2020,1115008
Iran,IRN,2021,884000
Iran,IRN,2022,955500
Iran,IRN,2023,598599
Iraq,IRQ,2004,0
Iraq,IRQ,2005,0
Iraq,IRQ,2006,0
Iraq,IRQ,2007,0
Iraq,IRQ,2008,4928
Iraq,IRQ,2009,250
Iraq,IRQ,2010,3350
Ireland,IRL,2020,0
Ireland,IRL,2021,0
Ireland,IRL,2022,0
Italy,ITA,1970,206000
Italy,ITA,1971,191000
Italy,ITA,1972,97000
Italy,ITA,1973,50000
Italy,ITA,1974,32000
Italy,ITA,1975,32000
Italy,ITA,1976,2503000
Italy,ITA,1977,35000
Italy,ITA,1978,24410
Italy,ITA,1979,26095
Italy,ITA,1980,23260
Italy,ITA,1981,19000
Italy,ITA,1982,23810
Italy,ITA,1983,13118
Italy,ITA,1984,0
Italy,ITA,1985,0
Italy,ITA,1986,0
Italy,ITA,1987,16557
Italy,ITA,1988,17125
Italy,ITA,1989,11761
Italy,ITA,1990,338
Italy,ITA,1991,8700
Italy,ITA,1992,97500
Italy,ITA,1993,90100
Italy,ITA,1994,23400
Italy,ITA,1995,11200
Jamaica,JAM,1970,12010000
Jamaica,JAM,1971,12194000
Jamaica,JAM,1972,12989000
Jamaica,JAM,1973,13490000
Jamaica,JAM,1974,15224000
Jamaica,JAM,1975,11304000
Jamaica,JAM,1976,10309000
Jamaica,JAM,1977,11434000
Jamaica,JAM,1978,11735710
Jamaica,JAM,1979,11505104
Jamaica,JAM,1980,11978304
Jamaica,JAM,1981,11605977
Jamaica,JAM,1982,8157652
Jamaica,JAM,1983,7724983
Jamaica,JAM,1984,8605000
Jamaica,JAM,1985,6218900
Jamaica,JAM,1986,6953000
Jamaica,JAM,1987,7702000
Jamaica,JAM,1988,7316000
Jamaica,JAM,1989,9487000
Jamaica,JAM,1990,10965000
Jamaica,JAM,1991,11610000
Jamaica,JAM,1992,11367000
Jamaica,JAM,1993,11184000
Jamaica,JAM,1994,11564000
Jamaica,JAM,1995,10857492
Jamaica,JAM,1996,11828634
Jamaica,JAM,1997,11987304
Jamaica,JAM,1998,12646439
Jamaica,JAM,1999,11688481
Jamaica,JAM,2000,11126524
Jamaica,JAM,2001,12369647
Jamaica,JAM,2002,13119449
Jamaica,JAM,2003,13444528
Jamaica,JAM,2004,13296481
Jamaica,JAM,2005,14116393
Jamaica,JAM,2006,14865351
Jamaica,JAM,2007,14567738
Jamaica,JAM,2008,14636102
Jamaica,JAM,2009,8103884
Jamaica,JAM,2010,8539853
Jamaica,JAM,2011,10188916
Jamaica,JAM,2012,9339291
Jamaica,JAM,2013,9435214
Jamaica,JAM,2014,9676697
Jamaica,JAM,2015,9628824
Jamaica,JAM,2016,8540130
Jamaica,JAM,2017,8244628
Jamaica,JAM,2018,10058228
Jamaica,JAM,2019,9022286
Jamaica,JAM,2020,7550000
Jamaica,JAM,2021,5950000
Jamaica,JAM,2022,4370000
Jamaica,JAM,2023,6000000
Jamaica,JAM,2024,6100000
Kazakhstan,KAZ,1992,1732000
Kazakhstan,KAZ,1993,1700000
Kazakhstan,KAZ,1994,2584000
Kazakhstan,KAZ,1995,3318500
Kazakhstan,KAZ,1996,3345900
Kazakhstan,KAZ,1997,3416000
Kazakhstan,KAZ,1998,3436800
Kazakhstan,KAZ,1999,3606500
Kazakhstan,KAZ,2000,3729600
Kazakhstan,KAZ,2001,3685100
Kazakhstan,KAZ,2002,4376700
Kazakhstan,KAZ,2003,4737100
Kazakhstan,KAZ,2004,4705400
Kazakhstan,KAZ,2005,4815400
Kazakhstan,KAZ,2006,4883800
Kazakhstan,KAZ,2007,4962600
Kazakhstan,KAZ,2008,5160000
Kazakhstan,KAZ,2009,5130000
Kazakhstan,KAZ,2010,5310000
Kazakhstan,KAZ,2011,5495000
Kazakhstan,KAZ,2012,5170000
Kazakhstan,KAZ,2013,5192800
Kazakhstan,KAZ,2014,4515600
Kazakhstan,KAZ,2015,4682600
Kazakhstan,KAZ,2016,4801300
Kazakhstan,KAZ,2017,4846100
Kazakhstan,KAZ,2018,5736200
Kazakhstan,KAZ,2019,4118400
Kazakhstan,KAZ,2020,5000000
Kazakhstan,KAZ,2021,4370000
Kazakhstan,KAZ,2022,4400000
Kazakhstan,KAZ,2023,4560000
Kazakhstan,KAZ,2024,4900000
Malaysia,MYS,1970,1139000
Malaysia,MYS,1971,978000
Malaysia,MYS,1972,1076000
Malaysia,MYS,1973,1143000
Malaysia,MYS,1974,948000
Malaysia,MYS,1975,704000
Malaysia,MYS,1976,660000
Malaysia,MYS,1977,616000
Malaysia,MYS,1978,615060
Malaysia,MYS,1979,386520
Malaysia,MYS,1980,920356
Malaysia,MYS,1981,700866
Malaysia,MYS,1982,589000
Malaysia,MYS,1983,501790
Malaysia,MYS,1984,680434
Malaysia,MYS,1985,491904
Malaysia,MYS,1986,566170
Malaysia,MYS,1987,482125
Malaysia,MYS,1988,360798
Malaysia,MYS,1989,355174
Malaysia,MYS,1990,398180
Malaysia,MYS,1991,376418
Malaysia,MYS,1992,330593
Malaysia,MYS,1993,68824
Malaysia,MYS,1994,161919
Malaysia,MYS,1995,184433
Malaysia,MYS,1996,218680
Malaysia,MYS,1997,279066
Malaysia,MYS,1998,160271
Malaysia,MYS,1999,222724
Malaysia,MYS,2000,123270
Malaysia,MYS,2001,64161
Malaysia,MYS,2002,39975
Malaysia,MYS,2003,5732
Malaysia,MYS,2004,2040
Malaysia,MYS,2005,4735
Malaysia,MYS,2006,91806
Malaysia,MYS,2007,156785
Malaysia,MYS,2008,295176
Malaysia,MYS,2009,274456
Malaysia,MYS,2010,124274
Malaysia,MYS,2011,188141
Malaysia,MYS,2012,121873
Malaysia,MYS,2013,208770
Malaysia,MYS,2014,3500000
Malaysia,MYS,2015,27700000
Malaysia,MYS,2016,342924
Malaysia,MYS,2017,189131
Malaysia,MYS,2018,589684
Malaysia,MYS,2019,900561
Malaysia,MYS,2020,549714
Malaysia,MYS,2021,47577
Malaysia,MYS,2022,129825
Malaysia,MYS,2023,576500
Mexico,MEX,2007,20000
Mexico,MEX,2008,20000
Mexico,MEX,2009,20000
Mexico,MEX,2010,21250
Mexico,MEX,2011,14400
Mexico,MEX,2012,96000
Montenegro,MNE,2006,659370
Montenegro,MNE,2007,667053
Montenegro,MNE,2008,671811
Montenegro,MNE,2009,45779
Montenegro,MNE,2010,61205
Montenegro,MNE,2011,158614
Montenegro,MNE,2012,0
Montenegro,MNE,2013,61154
Montenegro,MNE,2014,155153
Montenegro,MNE,2015,50369
Montenegro,MNE,2016,516200
Montenegro,MNE,2017,927847
Montenegro,MNE,2018,468164
Montenegro,MNE,2019,774725
Montenegro,MNE,2020,897057
Montenegro,MNE,2021,542049
Montenegro,MNE,2022,442067
Montenegro,MNE,2023,526523
Mozambique,MOZ,1970,7000
Mozambique,MOZ,1971,7000
Mozambique,MOZ,1972,5000
Mozambique,MOZ,1973,6000
Mozambique,MOZ,1974,6000
Mozambique,MOZ,1975,5000
Mozambique,MOZ,1976,5000
Mozambique,MOZ,1982,0
Mozambique,MOZ,1983,0
Mozambique,MOZ,1984,0
Mozambique,MOZ,1985,5037
Mozambique,MOZ,1986,4248
Mozambique,MOZ,1987,5114
Mozambique,MOZ,1988,6548
Mozambique,MOZ,1989,5501
Mozambique,MOZ,1990,7186
Mozambique,MOZ,1991,7760
Mozambique,MOZ,1992,8840
Mozambique,MOZ,1993,5990
Mozambique,MOZ,1994,9620
Mozambique,MOZ,1995,10663
Mozambique,MOZ,1996,11459
Mozambique,MOZ,1997,8218
Mozambique,MOZ,1998,6103
Mozambique,MOZ,1999,7883
Mozambique,MOZ,2000,8130
Mozambique,MOZ,2001,8597
Mozambique,MOZ,2002,9119
Mozambique,MOZ,2003,11793
Mozambique,MOZ,2004,6723
Mozambique,MOZ,2005,9518
Mozambique,MOZ,2006,11069
Mozambique,MOZ,2007,8650
Mozambique,MOZ,2008,5443
Mozambique,MOZ,2009,3612
Mozambique,MOZ,2010,8556
Mozambique,MOZ,2011,10352
Mozambique,MOZ,2012,8633
Mozambique,MOZ,2013,6190
Mozambique,MOZ,2014,3324
Mozambique,MOZ,2015,4985
Mozambique,MOZ,2016,1451
Mozambique,MOZ,2017,3182
Mozambique,MOZ,2018,9912
Mozambique,MOZ,2019,8024
Mozambique,MOZ,2020,6491
Mozambique,MOZ,2021,7852
Mozambique,MOZ,2022,14583
Mozambique,MOZ,2023,10000
Pakistan,PAK,1987,3447
Pakistan,PAK,1988,2500
Pakistan,PAK,1989,1967
Pakistan,PAK,1990,2581
Pakistan,PAK,1991,4324
Pakistan,PAK,1992,3461
Pakistan,PAK,1993,4845
Pakistan,PAK,1994,3785
Pakistan,PAK,1995,5898
Pakistan,PAK,1996,3590
Pakistan,PAK,1997,4934
Pakistan,PAK,1998,25408
Pakistan,PAK,1999,11216
Pakistan,PAK,2000,10377
Pakistan,PAK,2001,3728
Pakistan,PAK,2002,12233
Pakistan,PAK,2003,4098
Pakistan,PAK,2004,4847
Pakistan,PAK,2005,6504
Pakistan,PAK,2006,7831
Pakistan,PAK,2007,18118
Pakistan,PAK,2008,35759
Pakistan,PAK,2009,15629
Pakistan,PAK,2010,11131
Pakistan,PAK,2011,9033
Pakistan,PAK,2012,30223
Pakistan,PAK,2013,25288
Pakistan,PAK,2014,31156
Pakistan,PAK,2015,24689
Pakistan,PAK,2016,57024
Pakistan,PAK,2017,75375
Pakistan,PAK,2018,145189
Pakistan,PAK,2019,92936
Pakistan,PAK,2020,101047
Pakistan,PAK,2021,97495
Pakistan,PAK,2022,63703
Pakistan,PAK,2023,60000
Romania,ROU,1970,776000
Romania,ROU,1971,899000
Romania,ROU,1972,893000
Romania,ROU,1973,900000
Romania,ROU,1974,858000
Romania,ROU,1975,779000
Romania,ROU,1976,890000
Romania,ROU,1977,702000
Romania,ROU,1978,708000
Romania,ROU,1979,500000
Romania,ROU,1980,450000
Romania,ROU,1981,400000
Romania,ROU,1982,380000
Romania,ROU,1983,420000
Romania,ROU,1984,460000
Romania,ROU,1985,460000
Romania,ROU,1986,343000
Romania,ROU,1987,337000
Romania,ROU,1988,356000
Romania,ROU,1989,313000
Romania,ROU,1990,247400
Romania,ROU,1991,200500
Romania,ROU,1992,176100
Romania,ROU,1993,186600
Romania,ROU,1994,184100
Romania,ROU,1995,175000
Romania,ROU,1996,175200
Romania,ROU,1997,127450
Romania,ROU,1998,161865
Russia,RUS,1992,4578000
Russia,RUS,1993,4260000
Russia,RUS,1994,3633000
Russia,RUS,1995,3706000
Russia,RUS,1996,3928000
Russia,RUS,1997,3988000
Russia,RUS,1998,4092000
Russia,RUS,1999,4513000
Russia,RUS,2000,5089000
Russia,RUS,2001,4805000
Russia,RUS,2002,4585700
Russia,RUS,2003,5441800
Russia,RUS,2004,6017600
Russia,RUS,2005,6409300
Russia,RUS,2006,6399200
Russia,RUS,2007,6053900
Russia,RUS,2008,5675000
Russia,RUS,2009,5300000
Russia,RUS,2010,5035000
Russia,RUS,2011,5380000
Russia,RUS,2012,5166000
Russia,RUS,2013,5322000
Russia,RUS,2014,5589000
Russia,RUS,2015,5398000
Russia,RUS,2016,5432000
Russia,RUS,2017,5523000
Russia,RUS,2018,7039400
Russia,RUS,2019,6424000
Russia,RUS,2020,5570000
Russia,RUS,2021,5680000
Russia,RUS,2022,5780000
Russia,RUS,2023,5800000
Russia,RUS,2024,6300000
Saudi Arabia,SAU,2008,0
Saudi Arabia,SAU,2009,0
Saudi Arabia,SAU,2010,235811
Saudi Arabia,SAU,2011,206299
Saudi Arabia,SAU,2012,760114
Saudi Arabia,SAU,2013,1044360
Saudi Arabia,SAU,2014,2076000
Saudi Arabia,SAU,2015,3022000
Saudi Arabia,SAU,2016,4768000
Saudi Arabia,SAU,2017,4117000
Saudi Arabia,SAU,2018,4730690
Saudi Arabia,SAU,2019,5127000
Saudi Arabia,SAU,2020,4310000
Saudi Arabia,SAU,2021,4780000
Saudi Arabia,SAU,2022,4800000
Saudi Arabia,SAU,2023,5400000
Saudi Arabia,SAU,2024,5800000
Serbia and Montenegro,OWID_SRM,1992,792000
Serbia and Montenegro,OWID_SRM,1993,102000
Serbia and Montenegro,OWID_SRM,1994,0
Serbia and Montenegro,OWID_SRM,1995,60000
Serbia and Montenegro,OWID_SRM,1996,323000
Serbia and Montenegro,OWID_SRM,1997,470050
Serbia and Montenegro,OWID_SRM,1998,238489
Serbia and Montenegro,OWID_SRM,1999,503434
Serbia and Montenegro,OWID_SRM,2000,630000
Serbia and Montenegro,OWID_SRM,2001,630000
Serbia and Montenegro,OWID_SRM,2002,611500
Serbia and Montenegro,OWID_SRM,2003,540051
Serbia and Montenegro,OWID_SRM,2004,610000
Serbia and Montenegro,OWID_SRM,2005,672345
Sierra Leone,SLE,1970,449000
Sierra Leone,SLE,1971,590000
Sierra Leone,SLE,1972,693000
Sierra Leone,SLE,1973,693000
Sierra Leone,SLE,1974,672000
Sierra Leone,SLE,1975,716000
Sierra Leone,SLE,1976,651000
Sierra Leone,SLE,1977,790000
Sierra Leone,SLE,1978,804647
Sierra Leone,SLE,1979,583262
Sierra Leone,SLE,1980,673969
Sierra Leone,SLE,1981,609625
Sierra Leone,SLE,1982,632000
Sierra Leone,SLE,1983,785200
Sierra Leone,SLE,1984,1041200
Sierra Leone,SLE,1985,1184500
Sierra Leone,SLE,1986,1244300
Sierra Leone,SLE,1987,1390600
Sierra Leone,SLE,1988,1379200
Sierra Leone,SLE,1989,1561800
Sierra Leone,SLE,1990,1445120
Sierra Leone,SLE,1991,1376200
Sierra Leone,SLE,1992,1256900
Sierra Leone,SLE,1993,944900
Sierra Leone,SLE,1994,734700
Sierra Leone,SLE,2002,0
Sierra Leone,SLE,2003,0
Sierra Leone,SLE,2004,0
Sierra Leone,SLE,2005,0
Sierra Leone,SLE,2006,1071140
Sierra Leone,SLE,2007,1169036
Sierra Leone,SLE,2008,954370
Sierra Leone,SLE,2009,742820
Sierra Leone,SLE,2010,1089131
Sierra Leone,SLE,2011,1321000
Sierra Leone,SLE,2012,776000
Sierra Leone,SLE,2013,616000
Sierra Leone,SLE,2014,1161705
Sierra Leone,SLE,2015,1435195
Sierra Leone,SLE,2016,1429600
Sierra Leone,SLE,2017,1823570
Sierra Leone,SLE,2018,2034360
Sierra Leone,SLE,2019,1962500
Sierra Leone,SLE,2020,1441987
Sierra Leone,SLE,2021,1455554
Sierra Leone,SLE,2022,973599
Sierra Leone,SLE,2023,1004210
Solomon Islands,SLB,2011,0
Solomon Islands,SLB,2012,0
Solomon Islands,SLB,2013,0
Solomon Islands,SLB,2014,40
Solomon Islands,SLB,2015,262000
Solomon Islands,SLB,2016,234000
Solomon Islands,SLB,2017,1524000
Solomon Islands,SLB,2018,1601000
Solomon Islands,SLB,2019,1207000
Solomon Islands,SLB,2020,839000
Solomon Islands,SLB,2021,0
Solomon Islands,SLB,2022,0
Solomon Islands,SLB,2023,0
Spain,ESP,1970,5000
Spain,ESP,1971,5000
Spain,ESP,1972,6000
Spain,ESP,1973,8000
Spain,ESP,1974,8000
Spain,ESP,1975,11000
Spain,ESP,1976,13000
Spain,ESP,1977,10000
Spain,ESP,1978,9274
Spain,ESP,1979,16845
Spain,ESP,1980,9632
Spain,ESP,1981,8930
Spain,ESP,1982,7361
Spain,ESP,1983,5208
Spain,ESP,1984,7273
Spain,ESP,1985,2427
Spain,ESP,1986,3000
Spain,ESP,1987,1050
Spain,ESP,1988,2500
Spain,ESP,2020,0
Spain,ESP,2021,0
Spain,ESP,2022,0
Suriname,SUR,1970,6011000
Suriname,SUR,1971,6717000
Suriname,SUR,1972,6777000
Suriname,SUR,1973,6719000
Suriname,SUR,1974,6885000
Suriname,SUR,1975,4751000
Suriname,SUR,1976,4585000
Suriname,SUR,1977,4856000
Suriname,SUR,1978,5021000
Suriname,SUR,1979,4769000
Suriname,SUR,1980,4893000
Suriname,SUR,1981,4125000
Suriname,SUR,1982,3060000
Suriname,SUR,1983,2793000
Suriname,SUR,1984,3375000
Suriname,SUR,1985,3738000
Suriname,SUR,1986,3731000
Suriname,SUR,1987,2522000
Suriname,SUR,1988,3426000
Suriname,SUR,1989,3457348
Suriname,SUR,1990,3266759
Suriname,SUR,1991,3136341
Suriname,SUR,1992,3251935
Suriname,SUR,1993,3156080
Suriname,SUR,1994,3771656
Suriname,SUR,1995,3530210
Suriname,SUR,1996,3702527
Suriname,SUR,1997,3877183
Suriname,SUR,1998,3931108
Suriname,SUR,1999,3714595
Suriname,SUR,2000,3610381
Suriname,SUR,2001,4393640
Suriname,SUR,2002,4001602
Suriname,SUR,2003,4215061
Suriname,SUR,2004,4087107
Suriname,SUR,2005,4756998
Suriname,SUR,2006,4945353
Suriname,SUR,2007,5273195
Suriname,SUR,2008,5333031
Suriname,SUR,2009,3388419
Suriname,SUR,2010,3096650
Suriname,SUR,2011,3236116
Suriname,SUR,2012,2874312
Suriname,SUR,2013,2670680
Suriname,SUR,2014,2707719
Suriname,SUR,2015,1865148
Tanzania,TZA,2005,1640
Tanzania,TZA,2006,5373
Tanzania,TZA,2007,5003
Tanzania,TZA,2008,20601
Tanzania,TZA,2009,122920
Tanzania,TZA,2010,39326
Tanzania,TZA,2011,29520
Tanzania,TZA,2012,28434
Tanzania,TZA,2013,39977
Tanzania,TZA,2014,25641
Tanzania,TZA,2015,205
Tanzania,TZA,2016,73
Tanzania,TZA,2017,12
Tanzania,TZA,2018,10796
Tanzania,TZA,2019,0
Tanzania,TZA,2020,25995
Tanzania,TZA,2021,38142
Tanzania,TZA,2022,40921
Tanzania,TZA,2023,61353
Turkey,TUR,1970,51000
Turkey,TUR,1971,153000
Turkey,TUR,1972,259000
Turkey,TUR,1973,362000
Turkey,TUR,1974,665000
Turkey,TUR,1975,558000
Turkey,TUR,1976,463000
Turkey,TUR,1977,567000
Turkey,TUR,1978,449126
Turkey,TUR,1979,155163
Turkey,TUR,1980,546546
Turkey,TUR,1981,589727
Turkey,TUR,1982,508391
Turkey,TUR,1983,306350
Turkey,TUR,1984,131573
Turkey,TUR,1985,213752
Turkey,TUR,1986,280401
Turkey,TUR,1987,259075
Turkey,TUR,1988,269437
Turkey,TUR,1989,534273
Turkey,TUR,1990,772673
Turkey,TUR,1991,483598
Turkey,TUR,1992,612996
Turkey,TUR,1993,594600
Turkey,TUR,1994,373381
Turkey,TUR,1995,232278
Turkey,TUR,1996,544513
Turkey,TUR,1997,369482
Turkey,TUR,1998,458028
Turkey,TUR,1999,207743
Turkey,TUR,2000,458537
Turkey,TUR,2001,242040
Turkey,TUR,2002,287403
Turkey,TUR,2003,364306
Turkey,TUR,2004,365836
Turkey,TUR,2005,356480
Turkey,TUR,2006,771227
Turkey,TUR,2007,863404
Turkey,TUR,2008,818928
Turkey,TUR,2009,406700
Turkey,TUR,2010,1311064
Turkey,TUR,2011,1024915
Turkey,TUR,2012,1521150
Turkey,TUR,2013,795562
Turkey,TUR,2014,1091442
Turkey,TUR,2015,518550
Turkey,TUR,2016,989156
Turkey,TUR,2017,1719144
Turkey,TUR,2018,678138
Turkey,TUR,2019,2255480
Turkey,TUR,2020,2399680
Turkey,TUR,2021,2764873
Turkey,TUR,2022,2800000
Turkey,TUR,2023,2940000
Turkey,TUR,2024,3200000
USSR,OWID_USS,1970,4300000
USSR,OWID_USS,1971,4100000
USSR,OWID_USS,1972,7400000
USSR,OWID_USS,1973,7900000
USSR,OWID_USS,1974,8400000
USSR,OWID_USS,1975,6600000
USSR,OWID_USS,1976,6700000
USSR,OWID_USS,1977,6700000
USSR,OWID_USS,1978,6700000
USSR,OWID_USS,1979,6500000
USSR,OWID_USS,1980,6400000
USSR,OWID_USS,1981,6400000
USSR,OWID_USS,1982,6400000
USSR,OWID_USS,1983,6300000
USSR,OWID_USS,1984,6200000
USSR,OWID_USS,1985,6400000
USSR,OWID_USS,1986,6275000
USSR,OWID_USS,1987,5700000
USSR,OWID_USS,1988,9248000
USSR,OWID_USS,1989,8993000
USSR,OWID_USS,1990,9246000
USSR,OWID_USS,1991,7870000
Ukraine,UKR,2020,0
Ukraine,UKR,2021,0
Ukraine,UKR,2022,0
United Arab Emirates,ARE,2020,0
United Arab Emirates,ARE,2021,0
United Arab Emirates,ARE,2022,0
United States,USA,1900,23600
United States,USA,1901,19200
United States,USA,1902,27800
United States,USA,1903,48900
United States,USA,1904,48400
United States,USA,1905,48900
United States,USA,1906,76500
United States,USA,1907,99300
United States,USA,1908,53000
United States,USA,1909,131000
United States,USA,1910,151000
United States,USA,1911,158000
United States,USA,1912,162000
United States,USA,1913,214000
United States,USA,1914,223000
United States,USA,1915,302000
United States,USA,1916,432000
United States,USA,1917,578000
United States,USA,1918,615000
United States,USA,1919,383000
United States,USA,1920,530000
United States,USA,1921,142000
United States,USA,1922,315000
United States,USA,1923,531000
United States,USA,1924,353000
United States,USA,1925,322000
United States,USA,1926,399000
United States,USA,1927,326000
United States,USA,1928,381000
United States,USA,1929,372000
United States,USA,1930,336000
United States,USA,1931,199000
United States,USA,1932,97900
United States,USA,1933,157000
United States,USA,1934,172000
United States,USA,1935,249000
United States,USA,1936,386000
United States,USA,1937,432000
United States,USA,1938,316000
United States,USA,1939,381000
United States,USA,1940,446000
United States,USA,1941,952000
United States,USA,1942,2640000
United States,USA,1943,6330000
United States,USA,1944,2870000
United States,USA,1945,997000
United States,USA,1946,1120000
United States,USA,1947,1220000
United States,USA,1948,1480000
United States,USA,1949,1170000
United States,USA,1950,1360000
United States,USA,1951,1880000
United States,USA,1952,1690000
United States,USA,1953,1610000
United States,USA,1954,2030000
United States,USA,1955,1820000
United States,USA,1956,1770000
United States,USA,1957,1440000
United States,USA,1958,1330000
United States,USA,1959,1730000
United States,USA,1960,2030000
United States,USA,1961,1250000
United States,USA,1962,1390000
United States,USA,1963,1550000
United States,USA,1964,1630000
United States,USA,1965,1680000
United States,USA,1966,1820000
United States,USA,1967,1680000
United States,USA,1968,1690000
United States,USA,1969,1870000
United States,USA,1970,2120000
United States,USA,1971,2020000
United States,USA,1972,1840000
United States,USA,1973,1910000
United States,USA,1974,1980000
United States,USA,1975,1800000
United States,USA,1976,1990000
United States,USA,1977,2010000
United States,USA,1978,1670000
United States,USA,1979,1820000
United States,USA,1980,1560000
United States,USA,1981,1510000
United States,USA,1982,732000
United States,USA,1983,679000
United States,USA,1984,856000
United States,USA,1985,674000
United States,USA,1986,510000
United States,USA,1987,576000
United States,USA,1988,588000
United States,USA,1989,670000
United States,USA,1990,495000
United States,USA,1991,50000
United States,USA,1992,45000
United States,USA,1993,55000
United States,USA,1994,397000
United States,USA,1995,258000
United States,USA,1996,233000
United States,USA,1997,197981
United States,USA,1998,225288
United States,USA,1999,334330
United States,USA,2000,255692
United States,USA,2001,247662
United States,USA,2002,251633
United States,USA,2003,136479
United States,USA,2004,259870
United States,USA,2005,121187
United States,USA,2006,361047
United States,USA,2007,128742
United States,USA,2008,89626
United States,USA,2009,27433
United States,USA,2010,53654
United States,USA,2011,57262
United States,USA,2012,116258
United States,USA,2013,122702
United States,USA,2014,133266
United States,USA,2015,483695
United States,USA,2016,272908
United States,USA,2017,352096
United States,USA,2018,399712
United States,USA,2019,154870
United States,USA,2020,16438
United States,USA,2021,0
United States,USA,2022,12581
United States,USA,2023,13000
Venezuela,VEN,1983,0
Venezuela,VEN,1984,0
Venezuela,VEN,1985,0
Venezuela,VEN,1986,1275
Venezuela,VEN,1987,245157
Venezuela,VEN,1988,521504
Venezuela,VEN,1989,701770
Venezuela,VEN,1990,771422
Venezuela,VEN,1991,1997066
Venezuela,VEN,1992,1116930
Venezuela,VEN,1993,2530317
Venezuela,VEN,1994,4772877
Venezuela,VEN,1995,5020440
Venezuela,VEN,1996,4834052
Venezuela,VEN,1997,4966794
Venezuela,VEN,1998,4825647
Venezuela,VEN,1999,4166450
Venezuela,VEN,2000,4360720
Venezuela,VEN,2001,4584893
Venezuela,VEN,2002,5190806
Venezuela,VEN,2003,5445516
Venezuela,VEN,2004,5814705
Venezuela,VEN,2005,5900000
Venezuela,VEN,2006,5928000
Venezuela,VEN,2007,5593308
Venezuela,VEN,2008,4192014
Venezuela,VEN,2009,3610859
Venezuela,VEN,2010,3126242
Venezuela,VEN,2011,2454769
Venezuela,VEN,2012,2285949
Venezuela,VEN,2013,2346160
Venezuela,VEN,2014,2346160
Venezuela,VEN,2015,991810
Venezuela,VEN,2016,340000
Venezuela,VEN,2017,242099
Venezuela,VEN,2018,89699
Venezuela,VEN,2019,50000
Venezuela,VEN,2020,0
Venezuela,VEN,2021,22000
Venezuela,VEN,2022,770000
Venezuela,VEN,2023,900000
Vietnam,VNM,1995,0
Vietnam,VNM,1996,30000
Vietnam,VNM,1997,29000
Vietnam,VNM,1998,46360
Vietnam,VNM,1999,30000
Vietnam,VNM,2000,16000
Vietnam,VNM,2001,20000
Vietnam,VNM,2002,20000
Vietnam,VNM,2003,20000
Vietnam,VNM,2004,20000
Vietnam,VNM,2005,55000
Vietnam,VNM,2006,60000
Vietnam,VNM,2007,80000
Vietnam,VNM,2008,80000
Vietnam,VNM,2009,80000
Vietnam,VNM,2010,80000
Vietnam,VNM,2011,100000
Vietnam,VNM,2012,100000
Vietnam,VNM,2013,482000
Vietnam,VNM,2014,1100000
Vietnam,VNM,2015,1100000
Vietnam,VNM,2016,1400000
Vietnam,VNM,2017,2800000
Vietnam,VNM,2018,3569700
Vietnam,VNM,2019,3200000
Vietnam,VNM,2020,3500000
Vietnam,VNM,2021,3830000
Vietnam,VNM,2022,3900000
Vietnam,VNM,2023,3920000
Vietnam,VNM,2024,4200000
West Germany,OWID_GFR,1970,3000
West Germany,OWID_GFR,1971,3000
West Germany,OWID_GFR,1972,2000
West Germany,OWID_GFR,1973,2000
World,OWID_WRL,1900,88000
World,OWID_WRL,1901,106000
World,OWID_WRL,1902,136000
World,OWID_WRL,1903,189000
World,OWID_WRL,1904,133000
World,OWID_WRL,1905,159000
World,OWID_WRL,1906,201000
World,OWID_WRL,1907,269000
World,OWID_WRL,1908,243000
World,OWID_WRL,1909,275000
World,OWID_WRL,1910,356000
World,OWID_WRL,1911,425000
World,OWID_WRL,1912,435000
World,OWID_WRL,1913,539000
World,OWID_WRL,1914,236000
World,OWID_WRL,1915,321000
World,OWID_WRL,1916,701000
World,OWID_WRL,1917,1030000
World,OWID_WRL,1918,818000
World,OWID_WRL,1919,569000
World,OWID_WRL,1920,901000
World,OWID_WRL,1921,318000
World,OWID_WRL,1922,701000
World,OWID_WRL,1923,1200000
World,OWID_WRL,1924,1160000
World,OWID_WRL,1925,1380000
World,OWID_WRL,1926,1380000
World,OWID_WRL,1927,1880000
World,OWID_WRL,1928,2030000
World,OWID_WRL,1929,2150000
World,OWID_WRL,1930,1630000
World,OWID_WRL,1931,1150000
World,OWID_WRL,1932,1000000
World,OWID_WRL,1933,1100000
World,OWID_WRL,1934,1330000
World,OWID_WRL,1935,1770000
World,OWID_WRL,1936,2830000
World,OWID_WRL,1937,3750000
World,OWID_WRL,1938,3870000
World,OWID_WRL,1939,4340000
World,OWID_WRL,1940,4390000
World,OWID_WRL,1941,6110000
World,OWID_WRL,1942,8360000
World,OWID_WRL,1943,14000000
World,OWID_WRL,1944,6960000
World,OWID_WRL,1945,3430000
World,OWID_WRL,1946,4360000
World,OWID_WRL,1947,6320000
World,OWID_WRL,1948,8360000
World,OWID_WRL,1949,8230000
World,OWID_WRL,1950,8180000
World,OWID_WRL,1951,10900000
World,OWID_WRL,1952,12800000
World,OWID_WRL,1953,13800000
World,OWID_WRL,1954,16200000
World,OWID_WRL,1955,17800000
World,OWID_WRL,1956,18800000
World,OWID_WRL,1957,20500000
World,OWID_WRL,1958,21400000
World,OWID_WRL,1959,23100000
World,OWID_WRL,1960,27600000
World,OWID_WRL,1961,29400000
World,OWID_WRL,1962,31100000
World,OWID_WRL,1963,30700000
World,OWID_WRL,1964,33400000
World,OWID_WRL,1965,37400000
World,OWID_WRL,1966,40700000
World,OWID_WRL,1967,44600000
World,OWID_WRL,1968,46000000
World,OWID_WRL,1969,51800000
World,OWID_WRL,1970,57800000
World,OWID_WRL,1971,62100000
World,OWID_WRL,1972,64900000
World,OWID_WRL,1973,70400000
World,OWID_WRL,1974,79600000
World,OWID_WRL,1975,74800000
World,OWID_WRL,1976,77400000
World,OWID_WRL,1977,81900000
World,OWID_WRL,1978,81000000
World,OWID_WRL,1979,85500000
World,OWID_WRL,1980,89200000
World,OWID_WRL,1981,85300000
World,OWID_WRL,1982,79300000
World,OWID_WRL,1983,78700000
World,OWID_WRL,1984,87200000
World,OWID_WRL,1985,84200000
World,OWID_WRL,1986,88200000
World,OWID_WRL,1987,91600000
World,OWID_WRL,1988,97400000
World,OWID_WRL,1989,103000000
World,OWID_WRL,1990,113000000
World,OWID_WRL,1991,111000000
World,OWID_WRL,1992,105000000
World,OWID_WRL,1993,110000000
World,OWID_WRL,1994,106000000
World,OWID_WRL,1995,112000000
World,OWID_WRL,1996,117000000
World,OWID_WRL,1997,122000000
World,OWID_WRL,1998,123000000
World,OWID_WRL,1999,129000000
World,OWID_WRL,2000,136000000
World,OWID_WRL,2001,137000000
World,OWID_WRL,2002,144000000
World,OWID_WRL,2003,153000000
World,OWID_WRL,2004,164000000
World,OWID_WRL,2005,178000000
World,OWID_WRL,2006,193000000
World,OWID_WRL,2007,221000000
World,OWID_WRL,2008,224000000
World,OWID_WRL,2009,209000000
World,OWID_WRL,2010,239000000
World,OWID_WRL,2011,254000000
World,OWID_WRL,2012,253000000
World,OWID_WRL,2013,296000000
World,OWID_WRL,2014,258000000
World,OWID_WRL,2015,294000000
World,OWID_WRL,2016,286000000
World,OWID_WRL,2017,308000000
World,OWID_WRL,2018,341000000
World,OWID_WRL,2019,388000000
World,OWID_WRL,2020,391000000
World,OWID_WRL,2021,384000000
World,OWID_WRL,2022,400000000
World,OWID_WRL,2023,438000000
World,OWID_WRL,2024,450000000
Yugoslavia,OWID_YGS,1970,2099000
Yugoslavia,OWID_YGS,1971,1959000
Yugoslavia,OWID_YGS,1972,2097000
Yugoslavia,OWID_YGS,1973,2164000
Yugoslavia,OWID_YGS,1974,2389000
Yugoslavia,OWID_YGS,1975,2306000
Yugoslavia,OWID_YGS,1976,2033000
Yugoslavia,OWID_YGS,1977,2044000
Yugoslavia,OWID_YGS,1978,2566000
Yugoslavia,OWID_YGS,1979,3012000
Yugoslavia,OWID_YGS,1980,3138383
Yugoslavia,OWID_YGS,1981,3249000
Yugoslavia,OWID_YGS,1982,3668000
Yugoslavia,OWID_YGS,1983,3500367
Yugoslavia,OWID_YGS,1984,3347462
Yugoslavia,OWID_YGS,1985,3249794
Yugoslavia,OWID_YGS,1986,3458917
Yugoslavia,OWID_YGS,1987,3394000
Yugoslavia,OWID_YGS,1988,3033794
Yugoslavia,OWID_YGS,1989,3252468
Yugoslavia,OWID_YGS,1990,2952460
Yugoslavia,OWID_YGS,1991,2542000
Zimbabwe,ZWE,1977,3000
Zimbabwe,ZWE,1978,4818
Zimbabwe,ZWE,1979,5076
Zimbabwe,ZWE,1980,4281
Zimbabwe,ZWE,1981,5139
Zimbabwe,ZWE,1982,7533
Zimbabwe,ZWE,1983,23145
Zimbabwe,ZWE,1984,22726
Zimbabwe,ZWE,1985,20877
Zimbabwe,ZWE,1986,24284